Note that running a local entrypoint in detached mode only keeps the last triggered Modal function alive after the parent process has been killed or disconnected.
✓ Initialized. View run at 
https://modal.com/apps/khaledyusuf44/main/ap-r7xnu0cEWYKoe136cGWlOI
✓ Created objects.
├── 🔨 Created mount /Users/khalidyusufdahir/research/Evaluator-Adaptive 
│   Encoding (EAE) Experiment Spec/eae/modal_app.py
├── 🔨 Created mount /Users/khalidyusufdahir/research/Evaluator-Adaptive 
│   Encoding (EAE) Experiment Spec/eae/src/eae
├── 🔨 Created function phase1_and_verify.
├── 🔨 Created function copy_c0.
├── 🔨 Created function phase2_branch.
└── 🔨 Created function cache_model.
== phase 1 + C0 gate (one A10G) ==
[eae] run=pilot_410m model=EleutherAI/pythia-410m device=cuda stages=['data']
[data] splits: {'phase1_train': 20000, 'c0_verify': 2048, 'phase2_prompts': 8192, 'probe_omega': 2048}
[data] hashes: {'phase1_train': '4c45653a26e9722d', 'c0_verify': 'da9fb5c04374c155', 'phase2_prompts': 'b8171fd9f8bc8739', 'probe_omega': '522edfce60491767'}
[eae] run=pilot_410m model=EleutherAI/pythia-410m device=cuda stages=['phase1']
Warning: You are sending unauthenticated requests to the HF Hub. Please set a HF_TOKEN to enable higher rate limits and faster downloads.
[transformers] `torch_dtype` is deprecated! Use `dtype` instead!

[1ALoading weights:   0%|          | 0/292 [00:00<?, ?it/s]
[1ALoading weights:   0%|          | 1/292 [00:00<00:41,  6.93it/s]
[1ALoading weights:  62%|██████▏   | 180/292 [00:00<00:00, 888.07it/s]
[1ALoading weights:  99%|█████████▊| 288/292 [00:00<00:00, 955.64it/s]
[1ALoading weights: 100%|██████████| 292/292 [00:00<00:00, 830.41it/s]

[1Aphase1 epoch 0:   0%|          | 0/1250 [00:00<?, ?it/s]
[1Aphase1 epoch 0:   0%|          | 1/1250 [00:02<52:04,  2.50s/it]
[1Aphase1 epoch 0:   0%|          | 2/1250 [00:02<25:29,  1.23s/it]
[1Aphase1 epoch 0:   0%|          | 3/1250 [00:03<16:17,  1.28it/s]
[1Aphase1 epoch 0:   0%|          | 4/1250 [00:03<11:44,  1.77it/s]
[1Aphase1 epoch 0:   0%|          | 5/1250 [00:03<09:29,  2.19it/s]
[1Aphase1 epoch 0:   0%|          | 6/1250 [00:03<07:59,  2.60it/s]
[1Aphase1 epoch 0:   1%|          | 7/1250 [00:04<06:54,  3.00it/s]
[1Aphase1 epoch 0:   1%|          | 8/1250 [00:04<06:23,  3.24it/s]
[1Aphase1 epoch 0:   1%|          | 9/1250 [00:04<06:03,  3.41it/s]
[1Aphase1 epoch 0:   1%|          | 10/1250 [00:04<05:51,  3.53it/s]
[1Aphase1 epoch 0:   1%|          | 11/1250 [00:05<05:41,  3.63it/s]
[1Aphase1 epoch 0:   1%|          | 12/1250 [00:05<05:30,  3.75it/s]
[1Aphase1 epoch 0:   1%|          | 13/1250 [00:05<05:26,  3.79it/s]
[1Aphase1 epoch 0:   1%|          | 14/1250 [00:05<05:19,  3.86it/s]
[1Aphase1 epoch 0:   1%|          | 15/1250 [00:06<05:14,  3.93it/s]
[1Aphase1 epoch 0:   1%|▏         | 16/1250 [00:06<05:09,  3.99it/s]
[1Aphase1 epoch 0:   1%|▏         | 17/1250 [00:06<05:01,  4.08it/s]
[1Aphase1 epoch 0:   1%|▏         | 18/1250 [00:06<05:00,  4.10it/s]
[1Aphase1 epoch 0:   2%|▏         | 19/1250 [00:07<05:01,  4.08it/s]
[1Aphase1 epoch 0:   2%|▏         | 20/1250 [00:07<05:00,  4.09it/s]
[1Aphase1 epoch 0:   2%|▏         | 21/1250 [00:07<04:55,  4.16it/s]
[1Aphase1 epoch 0:   2%|▏         | 22/1250 [00:07<05:22,  3.81it/s]
[1Aphase1 epoch 0:   2%|▏         | 23/1250 [00:08<05:20,  3.83it/s]
[1Aphase1 epoch 0:   2%|▏         | 24/1250 [00:08<05:18,  3.85it/s]
[1Aphase1 epoch 0:   2%|▏         | 25/1250 [00:08<05:13,  3.91it/s]
[1Aphase1 epoch 0:   2%|▏         | 26/1250 [00:08<05:09,  3.95it/s]
[1Aphase1 epoch 0:   2%|▏         | 27/1250 [00:09<05:05,  4.01it/s]
[1Aphase1 epoch 0:   2%|▏         | 28/1250 [00:09<04:58,  4.09it/s]
[1Aphase1 epoch 0:   2%|▏         | 29/1250 [00:09<05:02,  4.03it/s]
[1Aphase1 epoch 0:   2%|▏         | 30/1250 [00:09<05:05,  3.99it/s]
[1Aphase1 epoch 0:   2%|▏         | 31/1250 [00:10<05:03,  4.02it/s]
[1Aphase1 epoch 0:   3%|▎         | 32/1250 [00:10<05:04,  3.99it/s]
[1Aphase1 epoch 0:   3%|▎         | 33/1250 [00:10<05:02,  4.03it/s]
[1Aphase1 epoch 0:   3%|▎         | 34/1250 [00:10<05:01,  4.03it/s]
[1Aphase1 epoch 0:   3%|▎         | 35/1250 [00:11<04:56,  4.10it/s]
[1Aphase1 epoch 0:   3%|▎         | 36/1250 [00:11<05:00,  4.04it/s]
[1Aphase1 epoch 0:   3%|▎         | 37/1250 [00:11<05:00,  4.03it/s]
[1Aphase1 epoch 0:   3%|▎         | 38/1250 [00:11<04:53,  4.13it/s]
[1Aphase1 epoch 0:   3%|▎         | 39/1250 [00:12<04:55,  4.10it/s]
[1Aphase1 epoch 0:   3%|▎         | 40/1250 [00:12<04:56,  4.08it/s]
[1Aphase1 epoch 0:   3%|▎         | 41/1250 [00:12<05:00,  4.03it/s]
[1Aphase1 epoch 0:   3%|▎         | 42/1250 [00:12<04:57,  4.06it/s]
[1Aphase1 epoch 0:   3%|▎         | 43/1250 [00:13<04:52,  4.12it/s]
[1Aphase1 epoch 0:   4%|▎         | 44/1250 [00:13<04:54,  4.10it/s]
[1Aphase1 epoch 0:   4%|▎         | 45/1250 [00:13<04:53,  4.10it/s]
[1Aphase1 epoch 0:   4%|▎         | 46/1250 [00:13<04:54,  4.09it/s]
[1Aphase1 epoch 0:   4%|▍         | 47/1250 [00:14<04:53,  4.09it/s]
[1Aphase1 epoch 0:   4%|▍         | 48/1250 [00:14<04:53,  4.09it/s]
[1Aphase1 epoch 0:   4%|▍         | 49/1250 [00:14<04:49,  4.14it/s]
[1Aphase1 epoch 0:   4%|▍         | 50/1250 [00:14<04:47,  4.18it/s]
[1Aphase1 epoch 0:   4%|▍         | 51/1250 [00:14<04:54,  4.07it/s]
[1Aphase1 epoch 0:   4%|▍         | 52/1250 [00:15<04:54,  4.07it/s]
[1Aphase1 epoch 0:   4%|▍         | 53/1250 [00:15<04:54,  4.07it/s]
[1Aphase1 epoch 0:   4%|▍         | 54/1250 [00:15<04:54,  4.06it/s]
[1Aphase1 epoch 0:   4%|▍         | 55/1250 [00:15<04:53,  4.07it/s]
[1Aphase1 epoch 0:   4%|▍         | 56/1250 [00:16<04:48,  4.14it/s]
[1Aphase1 epoch 0:   5%|▍         | 57/1250 [00:16<04:48,  4.13it/s]
[1Aphase1 epoch 0:   5%|▍         | 58/1250 [00:16<04:50,  4.11it/s]
[1Aphase1 epoch 0:   5%|▍         | 59/1250 [00:16<04:54,  4.05it/s]
[1Aphase1 epoch 0:   5%|▍         | 60/1250 [00:17<04:57,  4.00it/s]
[1Aphase1 epoch 0:   5%|▍         | 61/1250 [00:17<04:55,  4.03it/s]
[1Aphase1 epoch 0:   5%|▍         | 62/1250 [00:17<04:55,  4.02it/s]
[1Aphase1 epoch 0:   5%|▌         | 63/1250 [00:17<04:49,  4.10it/s]
[1Aphase1 epoch 0:   5%|▌         | 64/1250 [00:18<04:49,  4.10it/s]
[1Aphase1 epoch 0:   5%|▌         | 65/1250 [00:18<04:45,  4.15it/s]
[1Aphase1 epoch 0:   5%|▌         | 66/1250 [00:18<04:46,  4.14it/s]
[1Aphase1 epoch 0:   5%|▌         | 67/1250 [00:18<04:47,  4.11it/s]
[1Aphase1 epoch 0:   5%|▌         | 68/1250 [00:19<04:48,  4.10it/s]
[1Aphase1 epoch 0:   6%|▌         | 69/1250 [00:19<04:44,  4.15it/s]
[1Aphase1 epoch 0:   6%|▌         | 70/1250 [00:19<04:46,  4.12it/s]
[1Aphase1 epoch 0:   6%|▌         | 71/1250 [00:19<04:51,  4.05it/s]
[1Aphase1 epoch 0:   6%|▌         | 72/1250 [00:20<04:49,  4.07it/s]
[1Aphase1 epoch 0:   6%|▌         | 73/1250 [00:20<04:48,  4.08it/s]
[1Aphase1 epoch 0:   6%|▌         | 74/1250 [00:20<04:49,  4.06it/s]
[1Aphase1 epoch 0:   6%|▌         | 75/1250 [00:20<04:48,  4.07it/s]
[1Aphase1 epoch 0:   6%|▌         | 76/1250 [00:21<04:44,  4.13it/s]
[1Aphase1 epoch 0:   6%|▌         | 77/1250 [00:21<04:49,  4.06it/s]
[1Aphase1 epoch 0:   6%|▌         | 78/1250 [00:21<04:42,  4.15it/s]
[1Aphase1 epoch 0:   6%|▋         | 79/1250 [00:21<04:48,  4.06it/s]
[1Aphase1 epoch 0:   6%|▋         | 80/1250 [00:22<04:46,  4.08it/s]
[1Aphase1 epoch 0:   6%|▋         | 81/1250 [00:22<04:48,  4.05it/s]
[1Aphase1 epoch 0:   7%|▋         | 82/1250 [00:22<04:47,  4.06it/s]
[1Aphase1 epoch 0:   7%|▋         | 83/1250 [00:22<04:48,  4.05it/s]
[1Aphase1 epoch 0:   7%|▋         | 84/1250 [00:23<04:47,  4.06it/s]
[1Aphase1 epoch 0:   7%|▋         | 85/1250 [00:23<04:50,  4.01it/s]
[1Aphase1 epoch 0:   7%|▋         | 86/1250 [00:23<04:49,  4.02it/s]
[1Aphase1 epoch 0:   7%|▋         | 87/1250 [00:23<04:48,  4.04it/s]
[1Aphase1 epoch 0:   7%|▋         | 88/1250 [00:24<04:46,  4.06it/s]
[1Aphase1 epoch 0:   7%|▋         | 89/1250 [00:24<04:50,  3.99it/s]
[1Aphase1 epoch 0:   7%|▋         | 90/1250 [00:24<04:53,  3.96it/s]
[1Aphase1 epoch 0:   7%|▋         | 91/1250 [00:24<04:50,  3.99it/s]
[1Aphase1 epoch 0:   7%|▋         | 92/1250 [00:25<04:45,  4.06it/s]
[1Aphase1 epoch 0:   7%|▋         | 93/1250 [00:25<04:41,  4.10it/s]
[1Aphase1 epoch 0:   8%|▊         | 94/1250 [00:25<04:43,  4.07it/s]
[1Aphase1 epoch 0:   8%|▊         | 95/1250 [00:25<04:43,  4.07it/s]
[1Aphase1 epoch 0:   8%|▊         | 96/1250 [00:26<04:39,  4.13it/s]
[1Aphase1 epoch 0:   8%|▊         | 97/1250 [00:26<04:41,  4.10it/s]
[1Aphase1 epoch 0:   8%|▊         | 98/1250 [00:26<04:46,  4.02it/s]
[1Aphase1 epoch 0:   8%|▊         | 99/1250 [00:26<04:49,  3.97it/s]
[1Aphase1 epoch 0:   8%|▊         | 100/1250 [00:27<04:43,  4.06it/s]
[1Aphase1 epoch 0:   8%|▊         | 101/1250 [00:27<04:41,  4.08it/s]
[1Aphase1 epoch 0:   8%|▊         | 102/1250 [00:27<04:40,  4.09it/s]
[1Aphase1 epoch 0:   8%|▊         | 103/1250 [00:27<04:41,  4.07it/s]
[1Aphase1 epoch 0:   8%|▊         | 104/1250 [00:28<04:42,  4.06it/s]
[1Aphase1 epoch 0:   8%|▊         | 105/1250 [00:28<04:46,  3.99it/s]
[1Aphase1 epoch 0:   8%|▊         | 106/1250 [00:28<04:44,  4.02it/s]
[1Aphase1 epoch 0:   9%|▊         | 107/1250 [00:28<04:43,  4.03it/s]
[1Aphase1 epoch 0:   9%|▊         | 108/1250 [00:29<04:43,  4.03it/s]
[1Aphase1 epoch 0:   9%|▊         | 109/1250 [00:29<04:42,  4.04it/s]
[1Aphase1 epoch 0:   9%|▉         | 110/1250 [00:29<04:42,  4.04it/s]
[1Aphase1 epoch 0:   9%|▉         | 111/1250 [00:29<04:45,  3.99it/s]
[1Aphase1 epoch 0:   9%|▉         | 112/1250 [00:30<04:48,  3.95it/s]
[1Aphase1 epoch 0:   9%|▉         | 113/1250 [00:30<04:46,  3.97it/s]
[1Aphase1 epoch 0:   9%|▉         | 114/1250 [00:30<04:41,  4.04it/s]
[1Aphase1 epoch 0:   9%|▉         | 115/1250 [00:30<04:40,  4.04it/s]
[1Aphase1 epoch 0:   9%|▉         | 116/1250 [00:30<04:35,  4.11it/s]
[1Aphase1 epoch 0:   9%|▉         | 117/1250 [00:31<04:35,  4.11it/s]
[1Aphase1 epoch 0:   9%|▉         | 118/1250 [00:31<04:36,  4.09it/s]
[1Aphase1 epoch 0:  10%|▉         | 119/1250 [00:31<04:33,  4.14it/s]
[1Aphase1 epoch 0:  10%|▉         | 120/1250 [00:31<04:29,  4.19it/s]
[1Aphase1 epoch 0:  10%|▉         | 121/1250 [00:32<04:28,  4.20it/s]
[1Aphase1 epoch 0:  10%|▉         | 122/1250 [00:32<04:32,  4.14it/s]
[1Aphase1 epoch 0:  10%|▉         | 123/1250 [00:32<04:38,  4.05it/s]
[1Aphase1 epoch 0:  10%|▉         | 124/1250 [00:32<04:37,  4.05it/s]
[1Aphase1 epoch 0:  10%|█         | 125/1250 [00:33<04:45,  3.94it/s]
[1Aphase1 epoch 0:  10%|█         | 126/1250 [00:33<04:42,  3.98it/s]
[1Aphase1 epoch 0:  10%|█         | 127/1250 [00:33<04:40,  4.00it/s]
[1Aphase1 epoch 0:  10%|█         | 128/1250 [00:33<04:39,  4.01it/s]
[1Aphase1 epoch 0:  10%|█         | 129/1250 [00:34<04:42,  3.97it/s]
[1Aphase1 epoch 0:  10%|█         | 130/1250 [00:34<04:44,  3.94it/s]
[1Aphase1 epoch 0:  10%|█         | 131/1250 [00:34<04:45,  3.91it/s]
[1Aphase1 epoch 0:  11%|█         | 132/1250 [00:34<04:35,  4.05it/s]
[1Aphase1 epoch 0:  11%|█         | 133/1250 [00:35<04:35,  4.06it/s]
[1Aphase1 epoch 0:  11%|█         | 134/1250 [00:35<04:30,  4.13it/s]
[1Aphase1 epoch 0:  11%|█         | 135/1250 [00:35<04:34,  4.06it/s]
[1Aphase1 epoch 0:  11%|█         | 136/1250 [00:35<04:30,  4.12it/s]
[1Aphase1 epoch 0:  11%|█         | 137/1250 [00:36<04:30,  4.11it/s]
[1Aphase1 epoch 0:  11%|█         | 138/1250 [00:36<04:31,  4.09it/s]
[1Aphase1 epoch 0:  11%|█         | 139/1250 [00:36<04:31,  4.09it/s]
[1Aphase1 epoch 0:  11%|█         | 140/1250 [00:36<04:36,  4.02it/s]
[1Aphase1 epoch 0:  11%|█▏        | 141/1250 [00:37<04:35,  4.02it/s]
[1Aphase1 epoch 0:  11%|█▏        | 142/1250 [00:37<04:34,  4.04it/s]
[1Aphase1 epoch 0:  11%|█▏        | 143/1250 [00:37<04:32,  4.06it/s]
[1Aphase1 epoch 0:  12%|█▏        | 144/1250 [00:37<04:32,  4.06it/s]
[1Aphase1 epoch 0:  12%|█▏        | 145/1250 [00:38<04:31,  4.07it/s]
[1Aphase1 epoch 0:  12%|█▏        | 146/1250 [00:38<04:31,  4.06it/s]
[1Aphase1 epoch 0:  12%|█▏        | 147/1250 [00:38<04:32,  4.05it/s]
[1Aphase1 epoch 0:  12%|█▏        | 148/1250 [00:38<04:35,  3.99it/s]
[1Aphase1 epoch 0:  12%|█▏        | 149/1250 [00:39<04:35,  4.00it/s]
[1Aphase1 epoch 0:  12%|█▏        | 150/1250 [00:39<04:32,  4.03it/s]
[1Aphase1 epoch 0:  12%|█▏        | 151/1250 [00:39<04:28,  4.09it/s]
[1Aphase1 epoch 0:  12%|█▏        | 152/1250 [00:39<04:32,  4.02it/s]
[1Aphase1 epoch 0:  12%|█▏        | 153/1250 [00:40<04:39,  3.92it/s]
[1Aphase1 epoch 0:  12%|█▏        | 154/1250 [00:40<04:36,  3.96it/s]
[1Aphase1 epoch 0:  12%|█▏        | 155/1250 [00:40<04:30,  4.05it/s]
[1Aphase1 epoch 0:  12%|█▏        | 156/1250 [00:40<04:30,  4.05it/s]
[1Aphase1 epoch 0:  13%|█▎        | 157/1250 [00:41<04:31,  4.03it/s]
[1Aphase1 epoch 0:  13%|█▎        | 158/1250 [00:41<04:30,  4.03it/s]
[1Aphase1 epoch 0:  13%|█▎        | 159/1250 [00:41<04:25,  4.10it/s]
[1Aphase1 epoch 0:  13%|█▎        | 160/1250 [00:41<04:21,  4.17it/s]
[1Aphase1 epoch 0:  13%|█▎        | 161/1250 [00:42<04:19,  4.20it/s]
[1Aphase1 epoch 0:  13%|█▎        | 162/1250 [00:42<04:21,  4.16it/s]
[1Aphase1 epoch 0:  13%|█▎        | 163/1250 [00:42<04:20,  4.18it/s]
[1Aphase1 epoch 0:  13%|█▎        | 164/1250 [00:42<04:18,  4.20it/s]
[1Aphase1 epoch 0:  13%|█▎        | 165/1250 [00:43<04:21,  4.15it/s]
[1Aphase1 epoch 0:  13%|█▎        | 166/1250 [00:43<04:23,  4.11it/s]
[1Aphase1 epoch 0:  13%|█▎        | 167/1250 [00:43<04:20,  4.15it/s]
[1Aphase1 epoch 0:  13%|█▎        | 168/1250 [00:43<04:22,  4.12it/s]
[1Aphase1 epoch 0:  14%|█▎        | 169/1250 [00:44<04:24,  4.09it/s]
[1Aphase1 epoch 0:  14%|█▎        | 170/1250 [00:44<04:26,  4.06it/s]
[1Aphase1 epoch 0:  14%|█▎        | 171/1250 [00:44<04:25,  4.07it/s]
[1Aphase1 epoch 0:  14%|█▍        | 172/1250 [00:44<04:25,  4.06it/s]
[1Aphase1 epoch 0:  14%|█▍        | 173/1250 [00:44<04:24,  4.07it/s]
[1Aphase1 epoch 0:  14%|█▍        | 174/1250 [00:45<04:24,  4.07it/s]
[1Aphase1 epoch 0:  14%|█▍        | 175/1250 [00:45<04:34,  3.92it/s]
[1Aphase1 epoch 0:  14%|█▍        | 176/1250 [00:45<04:30,  3.97it/s]
[1Aphase1 epoch 0:  14%|█▍        | 177/1250 [00:46<04:33,  3.93it/s]
[1Aphase1 epoch 0:  14%|█▍        | 178/1250 [00:46<04:30,  3.96it/s]
[1Aphase1 epoch 0:  14%|█▍        | 179/1250 [00:46<04:29,  3.98it/s]
[1Aphase1 epoch 0:  14%|█▍        | 180/1250 [00:46<04:22,  4.07it/s]
[1Aphase1 epoch 0:  14%|█▍        | 181/1250 [00:46<04:19,  4.12it/s]
[1Aphase1 epoch 0:  15%|█▍        | 182/1250 [00:47<04:24,  4.03it/s]
[1Aphase1 epoch 0:  15%|█▍        | 183/1250 [00:47<04:27,  3.99it/s]
[1Aphase1 epoch 0:  15%|█▍        | 184/1250 [00:47<04:22,  4.07it/s]
[1Aphase1 epoch 0:  15%|█▍        | 185/1250 [00:47<04:21,  4.07it/s]
[1Aphase1 epoch 0:  15%|█▍        | 186/1250 [00:48<04:25,  4.01it/s]
[1Aphase1 epoch 0:  15%|█▍        | 187/1250 [00:48<04:20,  4.07it/s]
[1Aphase1 epoch 0:  15%|█▌        | 188/1250 [00:48<04:20,  4.08it/s]
[1Aphase1 epoch 0:  15%|█▌        | 189/1250 [00:48<04:20,  4.07it/s]
[1Aphase1 epoch 0:  15%|█▌        | 190/1250 [00:49<04:16,  4.13it/s]
[1Aphase1 epoch 0:  15%|█▌        | 191/1250 [00:49<04:13,  4.17it/s]
[1Aphase1 epoch 0:  15%|█▌        | 192/1250 [00:49<04:15,  4.14it/s]
[1Aphase1 epoch 0:  15%|█▌        | 193/1250 [00:49<04:20,  4.05it/s]
[1Aphase1 epoch 0:  16%|█▌        | 194/1250 [00:50<04:20,  4.06it/s]
[1Aphase1 epoch 0:  16%|█▌        | 195/1250 [00:50<04:16,  4.11it/s]
[1Aphase1 epoch 0:  16%|█▌        | 196/1250 [00:50<04:17,  4.09it/s]
[1Aphase1 epoch 0:  16%|█▌        | 197/1250 [00:50<04:18,  4.07it/s]
[1Aphase1 epoch 0:  16%|█▌        | 198/1250 [00:51<04:19,  4.06it/s]
[1Aphase1 epoch 0:  16%|█▌        | 199/1250 [00:51<04:15,  4.12it/s]
[1Aphase1 epoch 0:  16%|█▌        | 200/1250 [00:51<04:15,  4.10it/s]
[1Aphase1 epoch 0:  16%|█▌        | 201/1250 [00:51<04:16,  4.09it/s]
[1Aphase1 epoch 0:  16%|█▌        | 202/1250 [00:52<04:12,  4.15it/s]
[1Aphase1 epoch 0:  16%|█▌        | 203/1250 [00:52<04:17,  4.07it/s]
[1Aphase1 epoch 0:  16%|█▋        | 204/1250 [00:52<04:16,  4.07it/s]
[1Aphase1 epoch 0:  16%|█▋        | 205/1250 [00:52<04:16,  4.07it/s]
[1Aphase1 epoch 0:  16%|█▋        | 206/1250 [00:53<04:12,  4.13it/s]
[1Aphase1 epoch 0:  17%|█▋        | 207/1250 [00:53<04:14,  4.10it/s]
[1Aphase1 epoch 0:  17%|█▋        | 208/1250 [00:53<04:15,  4.08it/s]
[1Aphase1 epoch 0:  17%|█▋        | 209/1250 [00:53<04:15,  4.07it/s]
[1Aphase1 epoch 0:  17%|█▋        | 210/1250 [00:54<04:18,  4.02it/s]
[1Aphase1 epoch 0:  17%|█▋        | 211/1250 [00:54<04:18,  4.03it/s]
[1Aphase1 epoch 0:  17%|█▋        | 212/1250 [00:54<04:18,  4.01it/s]
[1Aphase1 epoch 0:  17%|█▋        | 213/1250 [00:54<04:20,  3.97it/s]
[1Aphase1 epoch 0:  17%|█▋        | 214/1250 [00:55<04:19,  3.99it/s]
[1Aphase1 epoch 0:  17%|█▋        | 215/1250 [00:55<04:18,  4.00it/s]
[1Aphase1 epoch 0:  17%|█▋        | 216/1250 [00:55<04:19,  3.99it/s]
[1Aphase1 epoch 0:  17%|█▋        | 217/1250 [00:55<04:17,  4.01it/s]
[1Aphase1 epoch 0:  17%|█▋        | 218/1250 [00:56<04:17,  4.01it/s]
[1Aphase1 epoch 0:  18%|█▊        | 219/1250 [00:56<04:16,  4.01it/s]
[1Aphase1 epoch 0:  18%|█▊        | 220/1250 [00:56<04:20,  3.95it/s]
[1Aphase1 epoch 0:  18%|█▊        | 221/1250 [00:56<04:23,  3.91it/s]
[1Aphase1 epoch 0:  18%|█▊        | 222/1250 [00:57<04:19,  3.96it/s]
[1Aphase1 epoch 0:  18%|█▊        | 223/1250 [00:57<04:18,  3.97it/s]
[1Aphase1 epoch 0:  18%|█▊        | 224/1250 [00:57<04:21,  3.92it/s]
[1Aphase1 epoch 0:  18%|█▊        | 225/1250 [00:57<04:23,  3.89it/s]
[1Aphase1 epoch 0:  18%|█▊        | 226/1250 [00:58<04:16,  3.99it/s]
[1Aphase1 epoch 0:  18%|█▊        | 227/1250 [00:58<04:18,  3.95it/s]
[1Aphase1 epoch 0:  18%|█▊        | 228/1250 [00:58<04:20,  3.92it/s]
[1Aphase1 epoch 0:  18%|█▊        | 229/1250 [00:58<04:17,  3.96it/s]
[1Aphase1 epoch 0:  18%|█▊        | 230/1250 [00:59<04:17,  3.97it/s]
[1Aphase1 epoch 0:  18%|█▊        | 231/1250 [00:59<04:15,  3.98it/s]
[1Aphase1 epoch 0:  19%|█▊        | 232/1250 [00:59<04:11,  4.05it/s]
[1Aphase1 epoch 0:  19%|█▊        | 233/1250 [00:59<04:14,  3.99it/s]
[1Aphase1 epoch 0:  19%|█▊        | 234/1250 [01:00<04:12,  4.02it/s]
[1Aphase1 epoch 0:  19%|█▉        | 235/1250 [01:00<04:12,  4.02it/s]
[1Aphase1 epoch 0:  19%|█▉        | 236/1250 [01:00<04:15,  3.96it/s]
[1Aphase1 epoch 0:  19%|█▉        | 237/1250 [01:00<04:10,  4.05it/s]
[1Aphase1 epoch 0:  19%|█▉        | 238/1250 [01:01<04:08,  4.07it/s]
[1Aphase1 epoch 0:  19%|█▉        | 239/1250 [01:01<04:07,  4.08it/s]
[1Aphase1 epoch 0:  19%|█▉        | 240/1250 [01:01<04:06,  4.09it/s]
[1Aphase1 epoch 0:  19%|█▉        | 241/1250 [01:01<04:12,  4.00it/s]
[1Aphase1 epoch 0:  19%|█▉        | 242/1250 [01:02<04:11,  4.01it/s]
[1Aphase1 epoch 0:  19%|█▉        | 243/1250 [01:02<04:06,  4.08it/s]
[1Aphase1 epoch 0:  20%|█▉        | 244/1250 [01:02<04:07,  4.06it/s]
[1Aphase1 epoch 0:  20%|█▉        | 245/1250 [01:02<04:07,  4.06it/s]
[1Aphase1 epoch 0:  20%|█▉        | 246/1250 [01:03<04:08,  4.05it/s]
[1Aphase1 epoch 0:  20%|█▉        | 247/1250 [01:03<04:08,  4.04it/s]
[1Aphase1 epoch 0:  20%|█▉        | 248/1250 [01:03<04:08,  4.04it/s]
[1Aphase1 epoch 0:  20%|█▉        | 249/1250 [01:03<04:07,  4.05it/s]
[1Aphase1 epoch 0:  20%|██        | 250/1250 [01:04<04:10,  3.99it/s]
[1Aphase1 epoch 0:  20%|██        | 251/1250 [01:04<04:05,  4.06it/s]
[1Aphase1 epoch 0:  20%|██        | 252/1250 [01:04<04:13,  3.94it/s]
[1Aphase1 epoch 0:  20%|██        | 253/1250 [01:04<04:10,  3.97it/s]
[1Aphase1 epoch 0:  20%|██        | 254/1250 [01:05<04:05,  4.06it/s]
[1Aphase1 epoch 0:  20%|██        | 255/1250 [01:05<04:07,  4.03it/s]
[1Aphase1 epoch 0:  20%|██        | 256/1250 [01:05<04:09,  3.98it/s]
[1Aphase1 epoch 0:  21%|██        | 257/1250 [01:05<04:05,  4.05it/s]
[1Aphase1 epoch 0:  21%|██        | 258/1250 [01:06<04:05,  4.04it/s]
[1Aphase1 epoch 0:  21%|██        | 259/1250 [01:06<04:04,  4.05it/s]
[1Aphase1 epoch 0:  21%|██        | 260/1250 [01:06<04:05,  4.03it/s]
[1Aphase1 epoch 0:  21%|██        | 261/1250 [01:06<04:07,  3.99it/s]
[1Aphase1 epoch 0:  21%|██        | 262/1250 [01:07<04:03,  4.06it/s]
[1Aphase1 epoch 0:  21%|██        | 263/1250 [01:07<04:02,  4.07it/s]
[1Aphase1 epoch 0:  21%|██        | 264/1250 [01:07<04:03,  4.06it/s]
[1Aphase1 epoch 0:  21%|██        | 265/1250 [01:07<04:06,  4.00it/s]
[1Aphase1 epoch 0:  21%|██▏       | 266/1250 [01:08<04:05,  4.00it/s]
[1Aphase1 epoch 0:  21%|██▏       | 267/1250 [01:08<04:05,  4.00it/s]
[1Aphase1 epoch 0:  21%|██▏       | 268/1250 [01:08<04:04,  4.01it/s]
[1Aphase1 epoch 0:  22%|██▏       | 269/1250 [01:08<04:07,  3.97it/s]
[1Aphase1 epoch 0:  22%|██▏       | 270/1250 [01:09<04:06,  3.98it/s]
[1Aphase1 epoch 0:  22%|██▏       | 271/1250 [01:09<04:04,  4.00it/s]
[1Aphase1 epoch 0:  22%|██▏       | 272/1250 [01:09<04:07,  3.95it/s]
[1Aphase1 epoch 0:  22%|██▏       | 273/1250 [01:09<04:05,  3.97it/s]
[1Aphase1 epoch 0:  22%|██▏       | 274/1250 [01:10<04:01,  4.05it/s]
[1Aphase1 epoch 0:  22%|██▏       | 275/1250 [01:10<03:56,  4.12it/s]
[1Aphase1 epoch 0:  22%|██▏       | 276/1250 [01:10<03:59,  4.07it/s]
[1Aphase1 epoch 0:  22%|██▏       | 277/1250 [01:10<04:00,  4.05it/s]
[1Aphase1 epoch 0:  22%|██▏       | 278/1250 [01:11<03:59,  4.05it/s]
[1Aphase1 epoch 0:  22%|██▏       | 279/1250 [01:11<03:59,  4.06it/s]
[1Aphase1 epoch 0:  22%|██▏       | 280/1250 [01:11<03:55,  4.11it/s]
[1Aphase1 epoch 0:  22%|██▏       | 281/1250 [01:11<04:00,  4.03it/s]
[1Aphase1 epoch 0:  23%|██▎       | 282/1250 [01:12<03:57,  4.07it/s]
[1Aphase1 epoch 0:  23%|██▎       | 283/1250 [01:12<03:58,  4.05it/s]
[1Aphase1 epoch 0:  23%|██▎       | 284/1250 [01:12<03:59,  4.03it/s]
[1Aphase1 epoch 0:  23%|██▎       | 285/1250 [01:12<04:03,  3.96it/s]
[1Aphase1 epoch 0:  23%|██▎       | 286/1250 [01:13<04:01,  4.00it/s]
[1Aphase1 epoch 0:  23%|██▎       | 287/1250 [01:13<03:56,  4.07it/s]
[1Aphase1 epoch 0:  23%|██▎       | 288/1250 [01:13<03:56,  4.06it/s]
[1Aphase1 epoch 0:  23%|██▎       | 289/1250 [01:13<03:57,  4.04it/s]
[1Aphase1 epoch 0:  23%|██▎       | 290/1250 [01:14<03:57,  4.04it/s]
[1Aphase1 epoch 0:  23%|██▎       | 291/1250 [01:14<03:57,  4.04it/s]
[1Aphase1 epoch 0:  23%|██▎       | 292/1250 [01:14<03:57,  4.03it/s]
[1Aphase1 epoch 0:  23%|██▎       | 293/1250 [01:14<04:00,  3.97it/s]
[1Aphase1 epoch 0:  24%|██▎       | 294/1250 [01:15<04:02,  3.94it/s]
[1Aphase1 epoch 0:  24%|██▎       | 295/1250 [01:15<04:01,  3.95it/s]
[1Aphase1 epoch 0:  24%|██▎       | 296/1250 [01:15<03:57,  4.02it/s]
[1Aphase1 epoch 0:  24%|██▍       | 297/1250 [01:15<03:57,  4.01it/s]
[1Aphase1 epoch 0:  24%|██▍       | 298/1250 [01:16<03:53,  4.08it/s]
[1Aphase1 epoch 0:  24%|██▍       | 299/1250 [01:16<03:50,  4.12it/s]
[1Aphase1 epoch 0:  24%|██▍       | 300/1250 [01:16<03:52,  4.08it/s]
[1Aphase1 epoch 0:  24%|██▍       | 301/1250 [01:16<03:53,  4.07it/s]
[1Aphase1 epoch 0:  24%|██▍       | 302/1250 [01:17<03:52,  4.09it/s]
[1Aphase1 epoch 0:  24%|██▍       | 303/1250 [01:17<03:56,  4.00it/s]
[1Aphase1 epoch 0:  24%|██▍       | 304/1250 [01:17<03:56,  3.99it/s]
[1Aphase1 epoch 0:  24%|██▍       | 305/1250 [01:17<04:00,  3.93it/s]
[1Aphase1 epoch 0:  24%|██▍       | 306/1250 [01:18<03:58,  3.96it/s]
[1Aphase1 epoch 0:  25%|██▍       | 307/1250 [01:18<03:53,  4.04it/s]
[1Aphase1 epoch 0:  25%|██▍       | 308/1250 [01:18<03:52,  4.06it/s]
[1Aphase1 epoch 0:  25%|██▍       | 309/1250 [01:18<03:52,  4.04it/s]
[1Aphase1 epoch 0:  25%|██▍       | 310/1250 [01:18<03:49,  4.10it/s]
[1Aphase1 epoch 0:  25%|██▍       | 311/1250 [01:19<03:51,  4.06it/s]
[1Aphase1 epoch 0:  25%|██▍       | 312/1250 [01:19<03:48,  4.11it/s]
[1Aphase1 epoch 0:  25%|██▌       | 313/1250 [01:19<03:52,  4.03it/s]
[1Aphase1 epoch 0:  25%|██▌       | 314/1250 [01:19<03:55,  3.98it/s]
[1Aphase1 epoch 0:  25%|██▌       | 315/1250 [01:20<03:54,  3.99it/s]
[1Aphase1 epoch 0:  25%|██▌       | 316/1250 [01:20<03:53,  4.00it/s]
[1Aphase1 epoch 0:  25%|██▌       | 317/1250 [01:20<03:53,  3.99it/s]
[1Aphase1 epoch 0:  25%|██▌       | 318/1250 [01:20<03:48,  4.08it/s]
[1Aphase1 epoch 0:  26%|██▌       | 319/1250 [01:21<03:49,  4.06it/s]
[1Aphase1 epoch 0:  26%|██▌       | 320/1250 [01:21<03:50,  4.04it/s]
[1Aphase1 epoch 0:  26%|██▌       | 321/1250 [01:21<03:50,  4.03it/s]
[1Aphase1 epoch 0:  26%|██▌       | 322/1250 [01:21<03:53,  3.97it/s]
[1Aphase1 epoch 0:  26%|██▌       | 323/1250 [01:22<03:49,  4.03it/s]
[1Aphase1 epoch 0:  26%|██▌       | 324/1250 [01:22<03:51,  4.01it/s]
[1Aphase1 epoch 0:  26%|██▌       | 325/1250 [01:22<03:47,  4.07it/s]
[1Aphase1 epoch 0:  26%|██▌       | 326/1250 [01:22<03:44,  4.11it/s]
[1Aphase1 epoch 0:  26%|██▌       | 327/1250 [01:23<03:48,  4.03it/s]
[1Aphase1 epoch 0:  26%|██▌       | 328/1250 [01:23<03:51,  3.98it/s]
[1Aphase1 epoch 0:  26%|██▋       | 329/1250 [01:23<03:47,  4.04it/s]
[1Aphase1 epoch 0:  26%|██▋       | 330/1250 [01:23<03:52,  3.97it/s]
[1Aphase1 epoch 0:  26%|██▋       | 331/1250 [01:24<03:51,  3.98it/s]
[1Aphase1 epoch 0:  27%|██▋       | 332/1250 [01:24<03:58,  3.85it/s]
[1Aphase1 epoch 0:  27%|██▋       | 333/1250 [01:24<03:51,  3.97it/s]
[1Aphase1 epoch 0:  27%|██▋       | 334/1250 [01:25<03:53,  3.93it/s]
[1Aphase1 epoch 0:  27%|██▋       | 335/1250 [01:25<03:51,  3.96it/s]
[1Aphase1 epoch 0:  27%|██▋       | 336/1250 [01:25<03:54,  3.89it/s]
[1Aphase1 epoch 0:  27%|██▋       | 337/1250 [01:25<03:55,  3.87it/s]
[1Aphase1 epoch 0:  27%|██▋       | 338/1250 [01:26<03:53,  3.91it/s]
[1Aphase1 epoch 0:  27%|██▋       | 339/1250 [01:26<03:51,  3.94it/s]
[1Aphase1 epoch 0:  27%|██▋       | 340/1250 [01:26<03:51,  3.92it/s]
[1Aphase1 epoch 0:  27%|██▋       | 341/1250 [01:26<03:50,  3.94it/s]
[1Aphase1 epoch 0:  27%|██▋       | 342/1250 [01:27<03:49,  3.95it/s]
[1Aphase1 epoch 0:  27%|██▋       | 343/1250 [01:27<03:48,  3.97it/s]
[1Aphase1 epoch 0:  28%|██▊       | 344/1250 [01:27<03:43,  4.05it/s]
[1Aphase1 epoch 0:  28%|██▊       | 345/1250 [01:27<03:43,  4.04it/s]
[1Aphase1 epoch 0:  28%|██▊       | 346/1250 [01:28<03:44,  4.03it/s]
[1Aphase1 epoch 0:  28%|██▊       | 347/1250 [01:28<03:44,  4.02it/s]
[1Aphase1 epoch 0:  28%|██▊       | 348/1250 [01:28<03:44,  4.03it/s]
[1Aphase1 epoch 0:  28%|██▊       | 349/1250 [01:28<03:43,  4.04it/s]
[1Aphase1 epoch 0:  28%|██▊       | 350/1250 [01:28<03:39,  4.09it/s]
[1Aphase1 epoch 0:  28%|██▊       | 351/1250 [01:29<03:40,  4.07it/s]
[1Aphase1 epoch 0:  28%|██▊       | 352/1250 [01:29<03:40,  4.07it/s]
[1Aphase1 epoch 0:  28%|██▊       | 353/1250 [01:29<03:38,  4.11it/s]
[1Aphase1 epoch 0:  28%|██▊       | 354/1250 [01:29<03:43,  4.01it/s]
[1Aphase1 epoch 0:  28%|██▊       | 355/1250 [01:30<03:43,  4.01it/s]
[1Aphase1 epoch 0:  28%|██▊       | 356/1250 [01:30<03:42,  4.02it/s]
[1Aphase1 epoch 0:  29%|██▊       | 357/1250 [01:30<03:42,  4.02it/s]
[1Aphase1 epoch 0:  29%|██▊       | 358/1250 [01:30<03:41,  4.02it/s]
[1Aphase1 epoch 0:  29%|██▊       | 359/1250 [01:31<03:45,  3.95it/s]
[1Aphase1 epoch 0:  29%|██▉       | 360/1250 [01:31<03:44,  3.97it/s]
[1Aphase1 epoch 0:  29%|██▉       | 361/1250 [01:31<03:42,  4.00it/s]
[1Aphase1 epoch 0:  29%|██▉       | 362/1250 [01:31<03:42,  4.00it/s]
[1Aphase1 epoch 0:  29%|██▉       | 363/1250 [01:32<03:38,  4.06it/s]
[1Aphase1 epoch 0:  29%|██▉       | 364/1250 [01:32<03:41,  3.99it/s]
[1Aphase1 epoch 0:  29%|██▉       | 365/1250 [01:32<03:40,  4.01it/s]
[1Aphase1 epoch 0:  29%|██▉       | 366/1250 [01:32<03:39,  4.02it/s]
[1Aphase1 epoch 0:  29%|██▉       | 367/1250 [01:33<03:39,  4.02it/s]
[1Aphase1 epoch 0:  29%|██▉       | 368/1250 [01:33<03:39,  4.02it/s]
[1Aphase1 epoch 0:  30%|██▉       | 369/1250 [01:33<03:46,  3.90it/s]
[1Aphase1 epoch 0:  30%|██▉       | 370/1250 [01:34<03:44,  3.93it/s]
[1Aphase1 epoch 0:  30%|██▉       | 371/1250 [01:34<03:45,  3.90it/s]
[1Aphase1 epoch 0:  30%|██▉       | 372/1250 [01:34<03:39,  4.00it/s]
[1Aphase1 epoch 0:  30%|██▉       | 373/1250 [01:34<03:39,  3.99it/s]
[1Aphase1 epoch 0:  30%|██▉       | 374/1250 [01:35<03:38,  4.01it/s]
[1Aphase1 epoch 0:  30%|███       | 375/1250 [01:35<03:37,  4.03it/s]
[1Aphase1 epoch 0:  30%|███       | 376/1250 [01:35<03:33,  4.10it/s]
[1Aphase1 epoch 0:  30%|███       | 377/1250 [01:35<03:37,  4.02it/s]
[1Aphase1 epoch 0:  30%|███       | 378/1250 [01:35<03:36,  4.04it/s]
[1Aphase1 epoch 0:  30%|███       | 379/1250 [01:36<03:35,  4.04it/s]
[1Aphase1 epoch 0:  30%|███       | 380/1250 [01:36<03:35,  4.03it/s]
[1Aphase1 epoch 0:  30%|███       | 381/1250 [01:36<03:39,  3.96it/s]
[1Aphase1 epoch 0:  31%|███       | 382/1250 [01:37<03:38,  3.97it/s]
[1Aphase1 epoch 0:  31%|███       | 383/1250 [01:37<03:36,  4.01it/s]
[1Aphase1 epoch 0:  31%|███       | 384/1250 [01:37<03:32,  4.08it/s]
[1Aphase1 epoch 0:  31%|███       | 385/1250 [01:37<03:35,  4.02it/s]
[1Aphase1 epoch 0:  31%|███       | 386/1250 [01:37<03:31,  4.09it/s]
[1Aphase1 epoch 0:  31%|███       | 387/1250 [01:38<03:32,  4.06it/s]
[1Aphase1 epoch 0:  31%|███       | 388/1250 [01:38<03:38,  3.94it/s]
[1Aphase1 epoch 0:  31%|███       | 389/1250 [01:38<03:37,  3.96it/s]
[1Aphase1 epoch 0:  31%|███       | 390/1250 [01:38<03:35,  4.00it/s]
[1Aphase1 epoch 0:  31%|███▏      | 391/1250 [01:39<03:33,  4.02it/s]
[1Aphase1 epoch 0:  31%|███▏      | 392/1250 [01:39<03:29,  4.09it/s]
[1Aphase1 epoch 0:  31%|███▏      | 393/1250 [01:39<03:26,  4.15it/s]
[1Aphase1 epoch 0:  32%|███▏      | 394/1250 [01:39<03:30,  4.07it/s]
[1Aphase1 epoch 0:  32%|███▏      | 395/1250 [01:40<03:27,  4.12it/s]
[1Aphase1 epoch 0:  32%|███▏      | 396/1250 [01:40<03:29,  4.08it/s]
[1Aphase1 epoch 0:  32%|███▏      | 397/1250 [01:40<03:29,  4.07it/s]
[1Aphase1 epoch 0:  32%|███▏      | 398/1250 [01:40<03:29,  4.07it/s]
[1Aphase1 epoch 0:  32%|███▏      | 399/1250 [01:41<03:33,  3.99it/s]
[1Aphase1 epoch 0:  32%|███▏      | 400/1250 [01:41<03:28,  4.07it/s]
[1Aphase1 epoch 0:  32%|███▏      | 401/1250 [01:41<03:32,  4.00it/s]
[1Aphase1 epoch 0:  32%|███▏      | 402/1250 [01:41<03:30,  4.02it/s]
[1Aphase1 epoch 0:  32%|███▏      | 403/1250 [01:42<03:34,  3.95it/s]
[1Aphase1 epoch 0:  32%|███▏      | 404/1250 [01:42<03:34,  3.94it/s]
[1Aphase1 epoch 0:  32%|███▏      | 405/1250 [01:42<03:36,  3.91it/s]
[1Aphase1 epoch 0:  32%|███▏      | 406/1250 [01:42<03:31,  3.99it/s]
[1Aphase1 epoch 0:  33%|███▎      | 407/1250 [01:43<03:27,  4.06it/s]
[1Aphase1 epoch 0:  33%|███▎      | 408/1250 [01:43<03:27,  4.05it/s]
[1Aphase1 epoch 0:  33%|███▎      | 409/1250 [01:43<03:24,  4.11it/s]
[1Aphase1 epoch 0:  33%|███▎      | 410/1250 [01:43<03:22,  4.15it/s]
[1Aphase1 epoch 0:  33%|███▎      | 411/1250 [01:44<03:23,  4.12it/s]
[1Aphase1 epoch 0:  33%|███▎      | 412/1250 [01:44<03:24,  4.09it/s]
[1Aphase1 epoch 0:  33%|███▎      | 413/1250 [01:44<03:26,  4.06it/s]
[1Aphase1 epoch 0:  33%|███▎      | 414/1250 [01:44<03:26,  4.05it/s]
[1Aphase1 epoch 0:  33%|███▎      | 415/1250 [01:45<03:29,  3.98it/s]
[1Aphase1 epoch 0:  33%|███▎      | 416/1250 [01:45<03:28,  4.00it/s]
[1Aphase1 epoch 0:  33%|███▎      | 417/1250 [01:45<03:24,  4.08it/s]
[1Aphase1 epoch 0:  33%|███▎      | 418/1250 [01:45<03:28,  3.99it/s]
[1Aphase1 epoch 0:  34%|███▎      | 419/1250 [01:46<03:30,  3.95it/s]
[1Aphase1 epoch 0:  34%|███▎      | 420/1250 [01:46<03:29,  3.97it/s]
[1Aphase1 epoch 0:  34%|███▎      | 421/1250 [01:46<03:31,  3.92it/s]
[1Aphase1 epoch 0:  34%|███▍      | 422/1250 [01:46<03:29,  3.96it/s]
[1Aphase1 epoch 0:  34%|███▍      | 423/1250 [01:47<03:23,  4.06it/s]
[1Aphase1 epoch 0:  34%|███▍      | 424/1250 [01:47<03:24,  4.04it/s]
[1Aphase1 epoch 0:  34%|███▍      | 425/1250 [01:47<03:24,  4.03it/s]
[1Aphase1 epoch 0:  34%|███▍      | 426/1250 [01:47<03:27,  3.97it/s]
[1Aphase1 epoch 0:  34%|███▍      | 427/1250 [01:48<03:22,  4.06it/s]
[1Aphase1 epoch 0:  34%|███▍      | 428/1250 [01:48<03:23,  4.04it/s]
[1Aphase1 epoch 0:  34%|███▍      | 429/1250 [01:48<03:26,  3.97it/s]
[1Aphase1 epoch 0:  34%|███▍      | 430/1250 [01:48<03:24,  4.00it/s]
[1Aphase1 epoch 0:  34%|███▍      | 431/1250 [01:49<03:24,  4.01it/s]
[1Aphase1 epoch 0:  35%|███▍      | 432/1250 [01:49<03:26,  3.97it/s]
[1Aphase1 epoch 0:  35%|███▍      | 433/1250 [01:49<03:24,  3.99it/s]
[1Aphase1 epoch 0:  35%|███▍      | 434/1250 [01:49<03:24,  3.98it/s]
[1Aphase1 epoch 0:  35%|███▍      | 435/1250 [01:50<03:26,  3.94it/s]
[1Aphase1 epoch 0:  35%|███▍      | 436/1250 [01:50<03:24,  3.98it/s]
[1Aphase1 epoch 0:  35%|███▍      | 437/1250 [01:50<03:26,  3.93it/s]
[1Aphase1 epoch 0:  35%|███▌      | 438/1250 [01:50<03:22,  4.01it/s]
[1Aphase1 epoch 0:  35%|███▌      | 439/1250 [01:51<03:24,  3.96it/s]
[1Aphase1 epoch 0:  35%|███▌      | 440/1250 [01:51<03:20,  4.04it/s]
[1Aphase1 epoch 0:  35%|███▌      | 441/1250 [01:51<03:17,  4.10it/s]
[1Aphase1 epoch 0:  35%|███▌      | 442/1250 [01:51<03:17,  4.10it/s]
[1Aphase1 epoch 0:  35%|███▌      | 443/1250 [01:52<03:20,  4.03it/s]
[1Aphase1 epoch 0:  36%|███▌      | 444/1250 [01:52<03:19,  4.04it/s]
[1Aphase1 epoch 0:  36%|███▌      | 445/1250 [01:52<03:22,  3.98it/s]
[1Aphase1 epoch 0:  36%|███▌      | 446/1250 [01:52<03:21,  4.00it/s]
[1Aphase1 epoch 0:  36%|███▌      | 447/1250 [01:53<03:23,  3.94it/s]
[1Aphase1 epoch 0:  36%|███▌      | 448/1250 [01:53<03:23,  3.94it/s]
[1Aphase1 epoch 0:  36%|███▌      | 449/1250 [01:53<03:22,  3.95it/s]
[1Aphase1 epoch 0:  36%|███▌      | 450/1250 [01:53<03:27,  3.86it/s]
[1Aphase1 epoch 0:  36%|███▌      | 451/1250 [01:54<03:24,  3.91it/s]
[1Aphase1 epoch 0:  36%|███▌      | 452/1250 [01:54<03:22,  3.95it/s]
[1Aphase1 epoch 0:  36%|███▌      | 453/1250 [01:54<03:21,  3.96it/s]
[1Aphase1 epoch 0:  36%|███▋      | 454/1250 [01:54<03:20,  3.97it/s]
[1Aphase1 epoch 0:  36%|███▋      | 455/1250 [01:55<03:22,  3.92it/s]
[1Aphase1 epoch 0:  36%|███▋      | 456/1250 [01:55<03:21,  3.94it/s]
[1Aphase1 epoch 0:  37%|███▋      | 457/1250 [01:55<03:17,  4.02it/s]
[1Aphase1 epoch 0:  37%|███▋      | 458/1250 [01:55<03:16,  4.03it/s]
[1Aphase1 epoch 0:  37%|███▋      | 459/1250 [01:56<03:12,  4.10it/s]
[1Aphase1 epoch 0:  37%|███▋      | 460/1250 [01:56<03:14,  4.07it/s]
[1Aphase1 epoch 0:  37%|███▋      | 461/1250 [01:56<03:11,  4.12it/s]
[1Aphase1 epoch 0:  37%|███▋      | 462/1250 [01:56<03:08,  4.17it/s]
[1Aphase1 epoch 0:  37%|███▋      | 463/1250 [01:57<03:09,  4.14it/s]
[1Aphase1 epoch 0:  37%|███▋      | 464/1250 [01:57<03:08,  4.17it/s]
[1Aphase1 epoch 0:  37%|███▋      | 465/1250 [01:57<03:10,  4.12it/s]
[1Aphase1 epoch 0:  37%|███▋      | 466/1250 [01:57<03:12,  4.08it/s]
[1Aphase1 epoch 0:  37%|███▋      | 467/1250 [01:58<03:15,  4.01it/s]
[1Aphase1 epoch 0:  37%|███▋      | 468/1250 [01:58<03:11,  4.09it/s]
[1Aphase1 epoch 0:  38%|███▊      | 469/1250 [01:58<03:11,  4.08it/s]
[1Aphase1 epoch 0:  38%|███▊      | 470/1250 [01:58<03:08,  4.13it/s]
[1Aphase1 epoch 0:  38%|███▊      | 471/1250 [01:59<03:09,  4.12it/s]
[1Aphase1 epoch 0:  38%|███▊      | 472/1250 [01:59<03:12,  4.04it/s]
[1Aphase1 epoch 0:  38%|███▊      | 473/1250 [01:59<03:16,  3.96it/s]
[1Aphase1 epoch 0:  38%|███▊      | 474/1250 [01:59<03:18,  3.92it/s]
[1Aphase1 epoch 0:  38%|███▊      | 475/1250 [02:00<03:16,  3.95it/s]
[1Aphase1 epoch 0:  38%|███▊      | 476/1250 [02:00<03:11,  4.03it/s]
[1Aphase1 epoch 0:  38%|███▊      | 477/1250 [02:00<03:08,  4.10it/s]
[1Aphase1 epoch 0:  38%|███▊      | 478/1250 [02:00<03:09,  4.08it/s]
[1Aphase1 epoch 0:  38%|███▊      | 479/1250 [02:01<03:09,  4.07it/s]
[1Aphase1 epoch 0:  38%|███▊      | 480/1250 [02:01<03:15,  3.94it/s]
[1Aphase1 epoch 0:  38%|███▊      | 481/1250 [02:01<03:14,  3.95it/s]
[1Aphase1 epoch 0:  39%|███▊      | 482/1250 [02:01<03:10,  4.02it/s]
[1Aphase1 epoch 0:  39%|███▊      | 483/1250 [02:02<03:11,  4.01it/s]
[1Aphase1 epoch 0:  39%|███▊      | 484/1250 [02:02<03:10,  4.02it/s]
[1Aphase1 epoch 0:  39%|███▉      | 485/1250 [02:02<03:10,  4.02it/s]
[1Aphase1 epoch 0:  39%|███▉      | 486/1250 [02:02<03:10,  4.00it/s]
[1Aphase1 epoch 0:  39%|███▉      | 487/1250 [02:03<03:13,  3.95it/s]
[1Aphase1 epoch 0:  39%|███▉      | 488/1250 [02:03<03:11,  3.97it/s]
[1Aphase1 epoch 0:  39%|███▉      | 489/1250 [02:03<03:08,  4.05it/s]
[1Aphase1 epoch 0:  39%|███▉      | 490/1250 [02:03<03:05,  4.10it/s]
[1Aphase1 epoch 0:  39%|███▉      | 491/1250 [02:04<03:06,  4.08it/s]
[1Aphase1 epoch 0:  39%|███▉      | 492/1250 [02:04<03:04,  4.12it/s]
[1Aphase1 epoch 0:  39%|███▉      | 493/1250 [02:04<03:06,  4.07it/s]
[1Aphase1 epoch 0:  40%|███▉      | 494/1250 [02:04<03:06,  4.05it/s]
[1Aphase1 epoch 0:  40%|███▉      | 495/1250 [02:05<03:04,  4.09it/s]
[1Aphase1 epoch 0:  40%|███▉      | 496/1250 [02:05<03:02,  4.14it/s]
[1Aphase1 epoch 0:  40%|███▉      | 497/1250 [02:05<03:06,  4.04it/s]
[1Aphase1 epoch 0:  40%|███▉      | 498/1250 [02:05<03:07,  4.02it/s]
[1Aphase1 epoch 0:  40%|███▉      | 499/1250 [02:06<03:06,  4.02it/s]
[1Aphase1 epoch 0:  40%|████      | 500/1250 [02:06<03:07,  4.00it/s]
[1Aphase1 epoch 0:  40%|████      | 501/1250 [02:06<03:07,  3.99it/s]
[1Aphase1 epoch 0:  40%|████      | 502/1250 [02:06<03:04,  4.06it/s]
[1Aphase1 epoch 0:  40%|████      | 503/1250 [02:07<03:04,  4.04it/s]
[1Aphase1 epoch 0:  40%|████      | 504/1250 [02:07<03:04,  4.04it/s]
[1Aphase1 epoch 0:  40%|████      | 505/1250 [02:07<03:02,  4.09it/s]
[1Aphase1 epoch 0:  40%|████      | 506/1250 [02:07<03:00,  4.13it/s]
[1Aphase1 epoch 0:  41%|████      | 507/1250 [02:08<03:03,  4.04it/s]
[1Aphase1 epoch 0:  41%|████      | 508/1250 [02:08<03:09,  3.91it/s]
[1Aphase1 epoch 0:  41%|████      | 509/1250 [02:08<03:10,  3.88it/s]
[1Aphase1 epoch 0:  41%|████      | 510/1250 [02:08<03:09,  3.91it/s]
[1Aphase1 epoch 0:  41%|████      | 511/1250 [02:09<03:03,  4.02it/s]
[1Aphase1 epoch 0:  41%|████      | 512/1250 [02:09<03:10,  3.88it/s]
[1Aphase1 epoch 0:  41%|████      | 513/1250 [02:09<03:07,  3.92it/s]
[1Aphase1 epoch 0:  41%|████      | 514/1250 [02:09<03:05,  3.97it/s]
[1Aphase1 epoch 0:  41%|████      | 515/1250 [02:10<03:05,  3.96it/s]
[1Aphase1 epoch 0:  41%|████▏     | 516/1250 [02:10<03:07,  3.91it/s]
[1Aphase1 epoch 0:  41%|████▏     | 517/1250 [02:10<03:06,  3.94it/s]
[1Aphase1 epoch 0:  41%|████▏     | 518/1250 [02:10<03:08,  3.89it/s]
[1Aphase1 epoch 0:  42%|████▏     | 519/1250 [02:11<03:03,  3.99it/s]
[1Aphase1 epoch 0:  42%|████▏     | 520/1250 [02:11<03:02,  4.00it/s]
[1Aphase1 epoch 0:  42%|████▏     | 521/1250 [02:11<03:04,  3.95it/s]
[1Aphase1 epoch 0:  42%|████▏     | 522/1250 [02:11<03:03,  3.96it/s]
[1Aphase1 epoch 0:  42%|████▏     | 523/1250 [02:12<03:02,  3.97it/s]
[1Aphase1 epoch 0:  42%|████▏     | 524/1250 [02:12<03:02,  3.98it/s]
[1Aphase1 epoch 0:  42%|████▏     | 525/1250 [02:12<03:02,  3.98it/s]
[1Aphase1 epoch 0:  42%|████▏     | 526/1250 [02:12<03:01,  3.99it/s]
[1Aphase1 epoch 0:  42%|████▏     | 527/1250 [02:13<03:05,  3.89it/s]
[1Aphase1 epoch 0:  42%|████▏     | 528/1250 [02:13<03:04,  3.91it/s]
[1Aphase1 epoch 0:  42%|████▏     | 529/1250 [02:13<03:03,  3.93it/s]
[1Aphase1 epoch 0:  42%|████▏     | 530/1250 [02:13<03:01,  3.96it/s]
[1Aphase1 epoch 0:  42%|████▏     | 531/1250 [02:14<03:01,  3.96it/s]
[1Aphase1 epoch 0:  43%|████▎     | 532/1250 [02:14<02:59,  4.00it/s]
[1Aphase1 epoch 0:  43%|████▎     | 533/1250 [02:14<02:59,  3.99it/s]
[1Aphase1 epoch 0:  43%|████▎     | 534/1250 [02:14<02:58,  4.01it/s]
[1Aphase1 epoch 0:  43%|████▎     | 535/1250 [02:15<02:57,  4.02it/s]
[1Aphase1 epoch 0:  43%|████▎     | 536/1250 [02:15<02:58,  4.01it/s]
[1Aphase1 epoch 0:  43%|████▎     | 537/1250 [02:15<02:57,  4.02it/s]
[1Aphase1 epoch 0:  43%|████▎     | 538/1250 [02:15<02:59,  3.96it/s]
[1Aphase1 epoch 0:  43%|████▎     | 539/1250 [02:16<02:59,  3.96it/s]
[1Aphase1 epoch 0:  43%|████▎     | 540/1250 [02:16<02:58,  3.98it/s]
[1Aphase1 epoch 0:  43%|████▎     | 541/1250 [02:16<03:02,  3.88it/s]
[1Aphase1 epoch 0:  43%|████▎     | 542/1250 [02:16<03:00,  3.92it/s]
[1Aphase1 epoch 0:  43%|████▎     | 543/1250 [02:17<02:59,  3.94it/s]
[1Aphase1 epoch 0:  44%|████▎     | 544/1250 [02:17<02:59,  3.94it/s]
[1Aphase1 epoch 0:  44%|████▎     | 545/1250 [02:17<02:55,  4.02it/s]
[1Aphase1 epoch 0:  44%|████▎     | 546/1250 [02:17<02:53,  4.07it/s]
[1Aphase1 epoch 0:  44%|████▍     | 547/1250 [02:18<02:51,  4.11it/s]
[1Aphase1 epoch 0:  44%|████▍     | 548/1250 [02:18<02:57,  3.96it/s]
[1Aphase1 epoch 0:  44%|████▍     | 549/1250 [02:18<02:57,  3.96it/s]
[1Aphase1 epoch 0:  44%|████▍     | 550/1250 [02:18<02:53,  4.02it/s]
[1Aphase1 epoch 0:  44%|████▍     | 551/1250 [02:19<02:54,  4.01it/s]
[1Aphase1 epoch 0:  44%|████▍     | 552/1250 [02:19<02:53,  4.01it/s]
[1Aphase1 epoch 0:  44%|████▍     | 553/1250 [02:19<02:51,  4.07it/s]
[1Aphase1 epoch 0:  44%|████▍     | 554/1250 [02:19<02:52,  4.04it/s]
[1Aphase1 epoch 0:  44%|████▍     | 555/1250 [02:20<02:54,  3.97it/s]
[1Aphase1 epoch 0:  44%|████▍     | 556/1250 [02:20<02:53,  3.99it/s]
[1Aphase1 epoch 0:  45%|████▍     | 557/1250 [02:20<02:51,  4.03it/s]
[1Aphase1 epoch 0:  45%|████▍     | 558/1250 [02:20<02:52,  4.02it/s]
[1Aphase1 epoch 0:  45%|████▍     | 559/1250 [02:21<02:55,  3.94it/s]
[1Aphase1 epoch 0:  45%|████▍     | 560/1250 [02:21<02:54,  3.96it/s]
[1Aphase1 epoch 0:  45%|████▍     | 561/1250 [02:21<02:50,  4.03it/s]
[1Aphase1 epoch 0:  45%|████▍     | 562/1250 [02:21<02:50,  4.04it/s]
[1Aphase1 epoch 0:  45%|████▌     | 563/1250 [02:22<02:55,  3.91it/s]
[1Aphase1 epoch 0:  45%|████▌     | 564/1250 [02:22<02:54,  3.93it/s]
[1Aphase1 epoch 0:  45%|████▌     | 565/1250 [02:22<02:58,  3.83it/s]
[1Aphase1 epoch 0:  45%|████▌     | 566/1250 [02:22<02:56,  3.87it/s]
[1Aphase1 epoch 0:  45%|████▌     | 567/1250 [02:23<02:54,  3.90it/s]
[1Aphase1 epoch 0:  45%|████▌     | 568/1250 [02:23<02:53,  3.94it/s]
[1Aphase1 epoch 0:  46%|████▌     | 569/1250 [02:23<02:49,  4.03it/s]
[1Aphase1 epoch 0:  46%|████▌     | 570/1250 [02:23<02:46,  4.09it/s]
[1Aphase1 epoch 0:  46%|████▌     | 571/1250 [02:24<02:49,  4.01it/s]
[1Aphase1 epoch 0:  46%|████▌     | 572/1250 [02:24<02:49,  4.01it/s]
[1Aphase1 epoch 0:  46%|████▌     | 573/1250 [02:24<02:46,  4.07it/s]
[1Aphase1 epoch 0:  46%|████▌     | 574/1250 [02:24<02:44,  4.12it/s]
[1Aphase1 epoch 0:  46%|████▌     | 575/1250 [02:25<02:42,  4.15it/s]
[1Aphase1 epoch 0:  46%|████▌     | 576/1250 [02:25<02:44,  4.10it/s]
[1Aphase1 epoch 0:  46%|████▌     | 577/1250 [02:25<02:48,  4.00it/s]
[1Aphase1 epoch 0:  46%|████▌     | 578/1250 [02:25<02:50,  3.94it/s]
[1Aphase1 epoch 0:  46%|████▋     | 579/1250 [02:26<02:51,  3.91it/s]
[1Aphase1 epoch 0:  46%|████▋     | 580/1250 [02:26<02:48,  3.99it/s]
[1Aphase1 epoch 0:  46%|████▋     | 581/1250 [02:26<02:47,  3.99it/s]
[1Aphase1 epoch 0:  47%|████▋     | 582/1250 [02:26<02:46,  4.00it/s]
[1Aphase1 epoch 0:  47%|████▋     | 583/1250 [02:27<02:43,  4.07it/s]
[1Aphase1 epoch 0:  47%|████▋     | 584/1250 [02:27<02:49,  3.93it/s]
[1Aphase1 epoch 0:  47%|████▋     | 585/1250 [02:27<02:50,  3.89it/s]
[1Aphase1 epoch 0:  47%|████▋     | 586/1250 [02:27<02:48,  3.94it/s]
[1Aphase1 epoch 0:  47%|████▋     | 587/1250 [02:28<02:47,  3.96it/s]
[1Aphase1 epoch 0:  47%|████▋     | 588/1250 [02:28<02:46,  3.98it/s]
[1Aphase1 epoch 0:  47%|████▋     | 589/1250 [02:28<02:46,  3.97it/s]
[1Aphase1 epoch 0:  47%|████▋     | 590/1250 [02:28<02:43,  4.04it/s]
[1Aphase1 epoch 0:  47%|████▋     | 591/1250 [02:29<02:40,  4.11it/s]
[1Aphase1 epoch 0:  47%|████▋     | 592/1250 [02:29<02:39,  4.13it/s]
[1Aphase1 epoch 0:  47%|████▋     | 593/1250 [02:29<02:39,  4.11it/s]
[1Aphase1 epoch 0:  48%|████▊     | 594/1250 [02:29<02:40,  4.08it/s]
[1Aphase1 epoch 0:  48%|████▊     | 595/1250 [02:30<02:41,  4.06it/s]
[1Aphase1 epoch 0:  48%|████▊     | 596/1250 [02:30<02:41,  4.06it/s]
[1Aphase1 epoch 0:  48%|████▊     | 597/1250 [02:30<02:42,  4.02it/s]
[1Aphase1 epoch 0:  48%|████▊     | 598/1250 [02:30<02:41,  4.04it/s]
[1Aphase1 epoch 0:  48%|████▊     | 599/1250 [02:31<02:38,  4.10it/s]
[1Aphase1 epoch 0:  48%|████▊     | 600/1250 [02:31<02:39,  4.06it/s]
[1Aphase1 epoch 0:  48%|████▊     | 601/1250 [02:31<02:40,  4.04it/s]
[1Aphase1 epoch 0:  48%|████▊     | 602/1250 [02:31<02:40,  4.04it/s]
[1Aphase1 epoch 0:  48%|████▊     | 603/1250 [02:32<02:43,  3.96it/s]
[1Aphase1 epoch 0:  48%|████▊     | 604/1250 [02:32<02:42,  3.97it/s]
[1Aphase1 epoch 0:  48%|████▊     | 605/1250 [02:32<02:44,  3.92it/s]
[1Aphase1 epoch 0:  48%|████▊     | 606/1250 [02:32<02:41,  3.99it/s]
[1Aphase1 epoch 0:  49%|████▊     | 607/1250 [02:33<02:42,  3.94it/s]
[1Aphase1 epoch 0:  49%|████▊     | 608/1250 [02:33<02:42,  3.96it/s]
[1Aphase1 epoch 0:  49%|████▊     | 609/1250 [02:33<02:41,  3.97it/s]
[1Aphase1 epoch 0:  49%|████▉     | 610/1250 [02:33<02:40,  3.98it/s]
[1Aphase1 epoch 0:  49%|████▉     | 611/1250 [02:34<02:39,  4.00it/s]
[1Aphase1 epoch 0:  49%|████▉     | 612/1250 [02:34<02:39,  4.00it/s]
[1Aphase1 epoch 0:  49%|████▉     | 613/1250 [02:34<02:39,  4.00it/s]
[1Aphase1 epoch 0:  49%|████▉     | 614/1250 [02:34<02:36,  4.06it/s]
[1Aphase1 epoch 0:  49%|████▉     | 615/1250 [02:35<02:34,  4.11it/s]
[1Aphase1 epoch 0:  49%|████▉     | 616/1250 [02:35<02:35,  4.08it/s]
[1Aphase1 epoch 0:  49%|████▉     | 617/1250 [02:35<02:36,  4.05it/s]
[1Aphase1 epoch 0:  49%|████▉     | 618/1250 [02:35<02:36,  4.05it/s]
[1Aphase1 epoch 0:  50%|████▉     | 619/1250 [02:36<02:35,  4.05it/s]
[1Aphase1 epoch 0:  50%|████▉     | 620/1250 [02:36<02:33,  4.11it/s]
[1Aphase1 epoch 0:  50%|████▉     | 621/1250 [02:36<02:32,  4.13it/s]
[1Aphase1 epoch 0:  50%|████▉     | 622/1250 [02:36<02:33,  4.10it/s]
[1Aphase1 epoch 0:  50%|████▉     | 623/1250 [02:37<02:31,  4.14it/s]
[1Aphase1 epoch 0:  50%|████▉     | 624/1250 [02:37<02:32,  4.10it/s]
[1Aphase1 epoch 0:  50%|█████     | 625/1250 [02:37<02:31,  4.13it/s]
[1Aphase1 epoch 0:  50%|█████     | 626/1250 [02:37<02:36,  3.98it/s]
[1Aphase1 epoch 0:  50%|█████     | 627/1250 [02:38<02:34,  4.04it/s]
[1Aphase1 epoch 0:  50%|█████     | 628/1250 [02:38<02:34,  4.03it/s]
[1Aphase1 epoch 0:  50%|█████     | 629/1250 [02:38<02:36,  3.97it/s]
[1Aphase1 epoch 0:  50%|█████     | 630/1250 [02:38<02:35,  3.99it/s]
[1Aphase1 epoch 0:  50%|█████     | 631/1250 [02:39<02:37,  3.92it/s]
[1Aphase1 epoch 0:  51%|█████     | 632/1250 [02:39<02:35,  3.96it/s]
[1Aphase1 epoch 0:  51%|█████     | 633/1250 [02:39<02:37,  3.91it/s]
[1Aphase1 epoch 0:  51%|█████     | 634/1250 [02:39<02:36,  3.93it/s]
[1Aphase1 epoch 0:  51%|█████     | 635/1250 [02:40<02:35,  3.97it/s]
[1Aphase1 epoch 0:  51%|█████     | 636/1250 [02:40<02:36,  3.92it/s]
[1Aphase1 epoch 0:  51%|█████     | 637/1250 [02:40<02:36,  3.93it/s]
[1Aphase1 epoch 0:  51%|█████     | 638/1250 [02:40<02:34,  3.96it/s]
[1Aphase1 epoch 0:  51%|█████     | 639/1250 [02:41<02:35,  3.92it/s]
[1Aphase1 epoch 0:  51%|█████     | 640/1250 [02:41<02:34,  3.94it/s]
[1Aphase1 epoch 0:  51%|█████▏    | 641/1250 [02:41<02:33,  3.96it/s]
[1Aphase1 epoch 0:  51%|█████▏    | 642/1250 [02:41<02:35,  3.90it/s]
[1Aphase1 epoch 0:  51%|█████▏    | 643/1250 [02:42<02:32,  3.98it/s]
[1Aphase1 epoch 0:  52%|█████▏    | 644/1250 [02:42<02:34,  3.93it/s]
[1Aphase1 epoch 0:  52%|█████▏    | 645/1250 [02:42<02:29,  4.05it/s]
[1Aphase1 epoch 0:  52%|█████▏    | 646/1250 [02:42<02:32,  3.96it/s]
[1Aphase1 epoch 0:  52%|█████▏    | 647/1250 [02:43<02:32,  3.96it/s]
[1Aphase1 epoch 0:  52%|█████▏    | 648/1250 [02:43<02:28,  4.05it/s]
[1Aphase1 epoch 0:  52%|█████▏    | 649/1250 [02:43<02:29,  4.03it/s]
[1Aphase1 epoch 0:  52%|█████▏    | 650/1250 [02:43<02:29,  4.00it/s]
[1Aphase1 epoch 0:  52%|█████▏    | 651/1250 [02:44<02:29,  4.02it/s]
[1Aphase1 epoch 0:  52%|█████▏    | 652/1250 [02:44<02:28,  4.02it/s]
[1Aphase1 epoch 0:  52%|█████▏    | 653/1250 [02:44<02:28,  4.03it/s]
[1Aphase1 epoch 0:  52%|█████▏    | 654/1250 [02:44<02:25,  4.09it/s]
[1Aphase1 epoch 0:  52%|█████▏    | 655/1250 [02:45<02:23,  4.14it/s]
[1Aphase1 epoch 0:  52%|█████▏    | 656/1250 [02:45<02:25,  4.09it/s]
[1Aphase1 epoch 0:  53%|█████▎    | 657/1250 [02:45<02:28,  4.00it/s]
[1Aphase1 epoch 0:  53%|█████▎    | 658/1250 [02:45<02:28,  4.00it/s]
[1Aphase1 epoch 0:  53%|█████▎    | 659/1250 [02:46<02:30,  3.93it/s]
[1Aphase1 epoch 0:  53%|█████▎    | 660/1250 [02:46<02:28,  3.96it/s]
[1Aphase1 epoch 0:  53%|█████▎    | 661/1250 [02:46<02:26,  4.03it/s]
[1Aphase1 epoch 0:  53%|█████▎    | 662/1250 [02:46<02:26,  4.01it/s]
[1Aphase1 epoch 0:  53%|█████▎    | 663/1250 [02:47<02:25,  4.03it/s]
[1Aphase1 epoch 0:  53%|█████▎    | 664/1250 [02:47<02:27,  3.96it/s]
[1Aphase1 epoch 0:  53%|█████▎    | 665/1250 [02:47<02:27,  3.97it/s]
[1Aphase1 epoch 0:  53%|█████▎    | 666/1250 [02:47<02:24,  4.04it/s]
[1Aphase1 epoch 0:  53%|█████▎    | 667/1250 [02:48<02:28,  3.92it/s]
[1Aphase1 epoch 0:  53%|█████▎    | 668/1250 [02:48<02:25,  3.99it/s]
[1Aphase1 epoch 0:  54%|█████▎    | 669/1250 [02:48<02:25,  3.99it/s]
[1Aphase1 epoch 0:  54%|█████▎    | 670/1250 [02:48<02:23,  4.05it/s]
[1Aphase1 epoch 0:  54%|█████▎    | 671/1250 [02:49<02:19,  4.15it/s]
[1Aphase1 epoch 0:  54%|█████▍    | 672/1250 [02:49<02:21,  4.10it/s]
[1Aphase1 epoch 0:  54%|█████▍    | 673/1250 [02:49<02:21,  4.07it/s]
[1Aphase1 epoch 0:  54%|█████▍    | 674/1250 [02:49<02:20,  4.11it/s]
[1Aphase1 epoch 0:  54%|█████▍    | 675/1250 [02:50<02:19,  4.13it/s]
[1Aphase1 epoch 0:  54%|█████▍    | 676/1250 [02:50<02:18,  4.15it/s]
[1Aphase1 epoch 0:  54%|█████▍    | 677/1250 [02:50<02:17,  4.16it/s]
[1Aphase1 epoch 0:  54%|█████▍    | 678/1250 [02:50<02:21,  4.04it/s]
[1Aphase1 epoch 0:  54%|█████▍    | 679/1250 [02:51<02:19,  4.08it/s]
[1Aphase1 epoch 0:  54%|█████▍    | 680/1250 [02:51<02:23,  3.98it/s]
[1Aphase1 epoch 0:  54%|█████▍    | 681/1250 [02:51<02:25,  3.91it/s]
[1Aphase1 epoch 0:  55%|█████▍    | 682/1250 [02:51<02:23,  3.94it/s]
[1Aphase1 epoch 0:  55%|█████▍    | 683/1250 [02:52<02:23,  3.95it/s]
[1Aphase1 epoch 0:  55%|█████▍    | 684/1250 [02:52<02:24,  3.91it/s]
[1Aphase1 epoch 0:  55%|█████▍    | 685/1250 [02:52<02:23,  3.95it/s]
[1Aphase1 epoch 0:  55%|█████▍    | 686/1250 [02:52<02:22,  3.97it/s]
[1Aphase1 epoch 0:  55%|█████▍    | 687/1250 [02:53<02:21,  3.98it/s]
[1Aphase1 epoch 0:  55%|█████▌    | 688/1250 [02:53<02:18,  4.06it/s]
[1Aphase1 epoch 0:  55%|█████▌    | 689/1250 [02:53<02:18,  4.05it/s]
[1Aphase1 epoch 0:  55%|█████▌    | 690/1250 [02:53<02:18,  4.03it/s]
[1Aphase1 epoch 0:  55%|█████▌    | 691/1250 [02:54<02:19,  4.01it/s]
[1Aphase1 epoch 0:  55%|█████▌    | 692/1250 [02:54<02:18,  4.03it/s]
[1Aphase1 epoch 0:  55%|█████▌    | 693/1250 [02:54<02:17,  4.04it/s]
[1Aphase1 epoch 0:  56%|█████▌    | 694/1250 [02:54<02:18,  4.01it/s]
[1Aphase1 epoch 0:  56%|█████▌    | 695/1250 [02:55<02:18,  4.00it/s]
[1Aphase1 epoch 0:  56%|█████▌    | 696/1250 [02:55<02:20,  3.95it/s]
[1Aphase1 epoch 0:  56%|█████▌    | 697/1250 [02:55<02:17,  4.01it/s]
[1Aphase1 epoch 0:  56%|█████▌    | 698/1250 [02:55<02:21,  3.89it/s]
[1Aphase1 epoch 0:  56%|█████▌    | 699/1250 [02:56<02:22,  3.86it/s]
[1Aphase1 epoch 0:  56%|█████▌    | 700/1250 [02:56<02:21,  3.89it/s]
[1Aphase1 epoch 0:  56%|█████▌    | 701/1250 [02:56<02:20,  3.92it/s]
[1Aphase1 epoch 0:  56%|█████▌    | 702/1250 [02:56<02:17,  4.00it/s]
[1Aphase1 epoch 0:  56%|█████▌    | 703/1250 [02:57<02:18,  3.94it/s]
[1Aphase1 epoch 0:  56%|█████▋    | 704/1250 [02:57<02:17,  3.96it/s]
[1Aphase1 epoch 0:  56%|█████▋    | 705/1250 [02:57<02:17,  3.96it/s]
[1Aphase1 epoch 0:  56%|█████▋    | 706/1250 [02:57<02:17,  3.96it/s]
[1Aphase1 epoch 0:  57%|█████▋    | 707/1250 [02:58<02:18,  3.92it/s]
[1Aphase1 epoch 0:  57%|█████▋    | 708/1250 [02:58<02:16,  3.98it/s]
[1Aphase1 epoch 0:  57%|█████▋    | 709/1250 [02:58<02:14,  4.01it/s]
[1Aphase1 epoch 0:  57%|█████▋    | 710/1250 [02:58<02:14,  4.02it/s]
[1Aphase1 epoch 0:  57%|█████▋    | 711/1250 [02:59<02:12,  4.08it/s]
[1Aphase1 epoch 0:  57%|█████▋    | 712/1250 [02:59<02:13,  4.04it/s]
[1Aphase1 epoch 0:  57%|█████▋    | 713/1250 [02:59<02:15,  3.98it/s]
[1Aphase1 epoch 0:  57%|█████▋    | 714/1250 [02:59<02:16,  3.92it/s]
[1Aphase1 epoch 0:  57%|█████▋    | 715/1250 [03:00<02:15,  3.94it/s]
[1Aphase1 epoch 0:  57%|█████▋    | 716/1250 [03:00<02:15,  3.95it/s]
[1Aphase1 epoch 0:  57%|█████▋    | 717/1250 [03:00<02:14,  3.95it/s]
[1Aphase1 epoch 0:  57%|█████▋    | 718/1250 [03:00<02:12,  4.03it/s]
[1Aphase1 epoch 0:  58%|█████▊    | 719/1250 [03:01<02:13,  3.97it/s]
[1Aphase1 epoch 0:  58%|█████▊    | 720/1250 [03:01<02:15,  3.91it/s]
[1Aphase1 epoch 0:  58%|█████▊    | 721/1250 [03:01<02:12,  3.99it/s]
[1Aphase1 epoch 0:  58%|█████▊    | 722/1250 [03:01<02:12,  3.99it/s]
[1Aphase1 epoch 0:  58%|█████▊    | 723/1250 [03:02<02:11,  4.00it/s]
[1Aphase1 epoch 0:  58%|█████▊    | 724/1250 [03:02<02:11,  4.00it/s]
[1Aphase1 epoch 0:  58%|█████▊    | 725/1250 [03:02<02:09,  4.06it/s]
[1Aphase1 epoch 0:  58%|█████▊    | 726/1250 [03:02<02:09,  4.04it/s]
[1Aphase1 epoch 0:  58%|█████▊    | 727/1250 [03:03<02:08,  4.08it/s]
[1Aphase1 epoch 0:  58%|█████▊    | 728/1250 [03:03<02:10,  3.99it/s]
[1Aphase1 epoch 0:  58%|█████▊    | 729/1250 [03:03<02:08,  4.05it/s]
[1Aphase1 epoch 0:  58%|█████▊    | 730/1250 [03:03<02:08,  4.05it/s]
[1Aphase1 epoch 0:  58%|█████▊    | 731/1250 [03:04<02:08,  4.03it/s]
[1Aphase1 epoch 0:  59%|█████▊    | 732/1250 [03:04<02:10,  3.97it/s]
[1Aphase1 epoch 0:  59%|█████▊    | 733/1250 [03:04<02:09,  3.99it/s]
[1Aphase1 epoch 0:  59%|█████▊    | 734/1250 [03:04<02:09,  3.99it/s]
[1Aphase1 epoch 0:  59%|█████▉    | 735/1250 [03:05<02:11,  3.92it/s]
[1Aphase1 epoch 0:  59%|█████▉    | 736/1250 [03:05<02:10,  3.94it/s]
[1Aphase1 epoch 0:  59%|█████▉    | 737/1250 [03:05<02:09,  3.96it/s]
[1Aphase1 epoch 0:  59%|█████▉    | 738/1250 [03:05<02:06,  4.03it/s]
[1Aphase1 epoch 0:  59%|█████▉    | 739/1250 [03:06<02:05,  4.09it/s]
[1Aphase1 epoch 0:  59%|█████▉    | 740/1250 [03:06<02:03,  4.12it/s]
[1Aphase1 epoch 0:  59%|█████▉    | 741/1250 [03:06<02:06,  4.03it/s]
[1Aphase1 epoch 0:  59%|█████▉    | 742/1250 [03:06<02:06,  4.00it/s]
[1Aphase1 epoch 0:  59%|█████▉    | 743/1250 [03:07<02:08,  3.94it/s]
[1Aphase1 epoch 0:  60%|█████▉    | 744/1250 [03:07<02:06,  4.00it/s]
[1Aphase1 epoch 0:  60%|█████▉    | 745/1250 [03:07<02:06,  4.00it/s]
[1Aphase1 epoch 0:  60%|█████▉    | 746/1250 [03:07<02:05,  4.00it/s]
[1Aphase1 epoch 0:  60%|█████▉    | 747/1250 [03:08<02:05,  4.01it/s]
[1Aphase1 epoch 0:  60%|█████▉    | 748/1250 [03:08<02:04,  4.02it/s]
[1Aphase1 epoch 0:  60%|█████▉    | 749/1250 [03:08<02:04,  4.02it/s]
[1Aphase1 epoch 0:  60%|██████    | 750/1250 [03:08<02:04,  4.00it/s]
[1Aphase1 epoch 0:  60%|██████    | 751/1250 [03:09<02:05,  3.99it/s]
[1Aphase1 epoch 0:  60%|██████    | 752/1250 [03:09<02:02,  4.05it/s]
[1Aphase1 epoch 0:  60%|██████    | 753/1250 [03:09<02:05,  3.97it/s]
[1Aphase1 epoch 0:  60%|██████    | 754/1250 [03:09<02:06,  3.92it/s]
[1Aphase1 epoch 0:  60%|██████    | 755/1250 [03:10<02:07,  3.88it/s]
[1Aphase1 epoch 0:  60%|██████    | 756/1250 [03:10<02:06,  3.90it/s]
[1Aphase1 epoch 0:  61%|██████    | 757/1250 [03:10<02:05,  3.93it/s]
[1Aphase1 epoch 0:  61%|██████    | 758/1250 [03:10<02:06,  3.90it/s]
[1Aphase1 epoch 0:  61%|██████    | 759/1250 [03:11<02:03,  3.98it/s]
[1Aphase1 epoch 0:  61%|██████    | 760/1250 [03:11<02:01,  4.04it/s]
[1Aphase1 epoch 0:  61%|██████    | 761/1250 [03:11<02:05,  3.90it/s]
[1Aphase1 epoch 0:  61%|██████    | 762/1250 [03:11<02:04,  3.93it/s]
[1Aphase1 epoch 0:  61%|██████    | 763/1250 [03:12<02:05,  3.89it/s]
[1Aphase1 epoch 0:  61%|██████    | 764/1250 [03:12<02:04,  3.92it/s]
[1Aphase1 epoch 0:  61%|██████    | 765/1250 [03:12<02:01,  3.99it/s]
[1Aphase1 epoch 0:  61%|██████▏   | 766/1250 [03:12<01:59,  4.06it/s]
[1Aphase1 epoch 0:  61%|██████▏   | 767/1250 [03:13<01:59,  4.03it/s]
[1Aphase1 epoch 0:  61%|██████▏   | 768/1250 [03:13<02:01,  3.96it/s]
[1Aphase1 epoch 0:  62%|██████▏   | 769/1250 [03:13<02:03,  3.91it/s]
[1Aphase1 epoch 0:  62%|██████▏   | 770/1250 [03:13<02:05,  3.83it/s]
[1Aphase1 epoch 0:  62%|██████▏   | 771/1250 [03:14<02:05,  3.82it/s]
[1Aphase1 epoch 0:  62%|██████▏   | 772/1250 [03:14<02:01,  3.92it/s]
[1Aphase1 epoch 0:  62%|██████▏   | 773/1250 [03:14<01:58,  4.01it/s]
[1Aphase1 epoch 0:  62%|██████▏   | 774/1250 [03:14<01:56,  4.07it/s]
[1Aphase1 epoch 0:  62%|██████▏   | 775/1250 [03:15<01:55,  4.11it/s]
[1Aphase1 epoch 0:  62%|██████▏   | 776/1250 [03:15<01:55,  4.10it/s]
[1Aphase1 epoch 0:  62%|██████▏   | 777/1250 [03:15<01:55,  4.08it/s]
[1Aphase1 epoch 0:  62%|██████▏   | 778/1250 [03:15<01:56,  4.07it/s]
[1Aphase1 epoch 0:  62%|██████▏   | 779/1250 [03:16<01:56,  4.04it/s]
[1Aphase1 epoch 0:  62%|██████▏   | 780/1250 [03:16<01:57,  4.01it/s]
[1Aphase1 epoch 0:  62%|██████▏   | 781/1250 [03:16<01:57,  4.00it/s]
[1Aphase1 epoch 0:  63%|██████▎   | 782/1250 [03:16<02:00,  3.88it/s]
[1Aphase1 epoch 0:  63%|██████▎   | 783/1250 [03:17<01:59,  3.90it/s]
[1Aphase1 epoch 0:  63%|██████▎   | 784/1250 [03:17<01:59,  3.91it/s]
[1Aphase1 epoch 0:  63%|██████▎   | 785/1250 [03:17<02:00,  3.86it/s]
[1Aphase1 epoch 0:  63%|██████▎   | 786/1250 [03:17<02:01,  3.83it/s]
[1Aphase1 epoch 0:  63%|██████▎   | 787/1250 [03:18<01:59,  3.87it/s]
[1Aphase1 epoch 0:  63%|██████▎   | 788/1250 [03:18<01:58,  3.90it/s]
[1Aphase1 epoch 0:  63%|██████▎   | 789/1250 [03:18<01:57,  3.93it/s]
[1Aphase1 epoch 0:  63%|██████▎   | 790/1250 [03:18<02:00,  3.83it/s]
[1Aphase1 epoch 0:  63%|██████▎   | 791/1250 [03:19<01:58,  3.86it/s]
[1Aphase1 epoch 0:  63%|██████▎   | 792/1250 [03:19<01:58,  3.85it/s]
[1Aphase1 epoch 0:  63%|██████▎   | 793/1250 [03:19<01:57,  3.88it/s]
[1Aphase1 epoch 0:  64%|██████▎   | 794/1250 [03:20<01:55,  3.96it/s]
[1Aphase1 epoch 0:  64%|██████▎   | 795/1250 [03:20<01:54,  3.98it/s]
[1Aphase1 epoch 0:  64%|██████▎   | 796/1250 [03:20<01:54,  3.98it/s]
[1Aphase1 epoch 0:  64%|██████▍   | 797/1250 [03:20<01:53,  3.99it/s]
[1Aphase1 epoch 0:  64%|██████▍   | 798/1250 [03:21<01:55,  3.91it/s]
[1Aphase1 epoch 0:  64%|██████▍   | 799/1250 [03:21<01:56,  3.89it/s]
[1Aphase1 epoch 0:  64%|██████▍   | 800/1250 [03:21<01:53,  3.98it/s]
[1Aphase1 epoch 0:  64%|██████▍   | 801/1250 [03:21<01:52,  3.99it/s]
[1Aphase1 epoch 0:  64%|██████▍   | 802/1250 [03:22<01:51,  4.01it/s]
[1Aphase1 epoch 0:  64%|██████▍   | 803/1250 [03:22<01:51,  4.00it/s]
[1Aphase1 epoch 0:  64%|██████▍   | 804/1250 [03:22<01:51,  3.99it/s]
[1Aphase1 epoch 0:  64%|██████▍   | 805/1250 [03:22<01:51,  3.98it/s]
[1Aphase1 epoch 0:  64%|██████▍   | 806/1250 [03:23<01:49,  4.04it/s]
[1Aphase1 epoch 0:  65%|██████▍   | 807/1250 [03:23<01:49,  4.04it/s]
[1Aphase1 epoch 0:  65%|██████▍   | 808/1250 [03:23<01:49,  4.03it/s]
[1Aphase1 epoch 0:  65%|██████▍   | 809/1250 [03:23<01:50,  4.01it/s]
[1Aphase1 epoch 0:  65%|██████▍   | 810/1250 [03:23<01:48,  4.05it/s]
[1Aphase1 epoch 0:  65%|██████▍   | 811/1250 [03:24<01:48,  4.03it/s]
[1Aphase1 epoch 0:  65%|██████▍   | 812/1250 [03:24<01:48,  4.02it/s]
[1Aphase1 epoch 0:  65%|██████▌   | 813/1250 [03:24<01:47,  4.07it/s]
[1Aphase1 epoch 0:  65%|██████▌   | 814/1250 [03:24<01:47,  4.05it/s]
[1Aphase1 epoch 0:  65%|██████▌   | 815/1250 [03:25<01:49,  3.98it/s]
[1Aphase1 epoch 0:  65%|██████▌   | 816/1250 [03:25<01:49,  3.98it/s]
[1Aphase1 epoch 0:  65%|██████▌   | 817/1250 [03:25<01:50,  3.90it/s]
[1Aphase1 epoch 0:  65%|██████▌   | 818/1250 [03:26<01:48,  4.00it/s]
[1Aphase1 epoch 0:  66%|██████▌   | 819/1250 [03:26<01:49,  3.93it/s]
[1Aphase1 epoch 0:  66%|██████▌   | 820/1250 [03:26<01:48,  3.95it/s]
[1Aphase1 epoch 0:  66%|██████▌   | 821/1250 [03:26<01:50,  3.89it/s]
[1Aphase1 epoch 0:  66%|██████▌   | 822/1250 [03:27<01:49,  3.90it/s]
[1Aphase1 epoch 0:  66%|██████▌   | 823/1250 [03:27<01:48,  3.94it/s]
[1Aphase1 epoch 0:  66%|██████▌   | 824/1250 [03:27<01:47,  3.95it/s]
[1Aphase1 epoch 0:  66%|██████▌   | 825/1250 [03:27<01:45,  4.02it/s]
[1Aphase1 epoch 0:  66%|██████▌   | 826/1250 [03:28<01:46,  3.96it/s]
[1Aphase1 epoch 0:  66%|██████▌   | 827/1250 [03:28<01:48,  3.90it/s]
[1Aphase1 epoch 0:  66%|██████▌   | 828/1250 [03:28<01:47,  3.93it/s]
[1Aphase1 epoch 0:  66%|██████▋   | 829/1250 [03:28<01:45,  3.99it/s]
[1Aphase1 epoch 0:  66%|██████▋   | 830/1250 [03:29<01:46,  3.94it/s]
[1Aphase1 epoch 0:  66%|██████▋   | 831/1250 [03:29<01:45,  3.96it/s]
[1Aphase1 epoch 0:  67%|██████▋   | 832/1250 [03:29<01:47,  3.90it/s]
[1Aphase1 epoch 0:  67%|██████▋   | 833/1250 [03:29<01:46,  3.91it/s]
[1Aphase1 epoch 0:  67%|██████▋   | 834/1250 [03:30<01:45,  3.94it/s]
[1Aphase1 epoch 0:  67%|██████▋   | 835/1250 [03:30<01:44,  3.96it/s]
[1Aphase1 epoch 0:  67%|██████▋   | 836/1250 [03:30<01:42,  4.03it/s]
[1Aphase1 epoch 0:  67%|██████▋   | 837/1250 [03:30<01:42,  4.03it/s]
[1Aphase1 epoch 0:  67%|██████▋   | 838/1250 [03:31<01:43,  3.99it/s]
[1Aphase1 epoch 0:  67%|██████▋   | 839/1250 [03:31<01:42,  4.00it/s]
[1Aphase1 epoch 0:  67%|██████▋   | 840/1250 [03:31<01:41,  4.04it/s]
[1Aphase1 epoch 0:  67%|██████▋   | 841/1250 [03:31<01:41,  4.03it/s]
[1Aphase1 epoch 0:  67%|██████▋   | 842/1250 [03:32<01:39,  4.08it/s]
[1Aphase1 epoch 0:  67%|██████▋   | 843/1250 [03:32<01:40,  4.05it/s]
[1Aphase1 epoch 0:  68%|██████▊   | 844/1250 [03:32<01:40,  4.04it/s]
[1Aphase1 epoch 0:  68%|██████▊   | 845/1250 [03:32<01:40,  4.04it/s]
[1Aphase1 epoch 0:  68%|██████▊   | 846/1250 [03:33<01:40,  4.02it/s]
[1Aphase1 epoch 0:  68%|██████▊   | 847/1250 [03:33<01:38,  4.07it/s]
[1Aphase1 epoch 0:  68%|██████▊   | 848/1250 [03:33<01:38,  4.07it/s]
[1Aphase1 epoch 0:  68%|██████▊   | 849/1250 [03:33<01:39,  4.04it/s]
[1Aphase1 epoch 0:  68%|██████▊   | 850/1250 [03:34<01:40,  3.96it/s]
[1Aphase1 epoch 0:  68%|██████▊   | 851/1250 [03:34<01:42,  3.91it/s]
[1Aphase1 epoch 0:  68%|██████▊   | 852/1250 [03:34<01:42,  3.87it/s]
[1Aphase1 epoch 0:  68%|██████▊   | 853/1250 [03:34<01:41,  3.90it/s]
[1Aphase1 epoch 0:  68%|██████▊   | 854/1250 [03:35<01:40,  3.93it/s]
[1Aphase1 epoch 0:  68%|██████▊   | 855/1250 [03:35<01:43,  3.81it/s]
[1Aphase1 epoch 0:  68%|██████▊   | 856/1250 [03:35<01:43,  3.79it/s]
[1Aphase1 epoch 0:  69%|██████▊   | 857/1250 [03:35<01:42,  3.84it/s]
[1Aphase1 epoch 0:  69%|██████▊   | 858/1250 [03:36<01:41,  3.88it/s]
[1Aphase1 epoch 0:  69%|██████▊   | 859/1250 [03:36<01:41,  3.87it/s]
[1Aphase1 epoch 0:  69%|██████▉   | 860/1250 [03:36<01:39,  3.90it/s]
[1Aphase1 epoch 0:  69%|██████▉   | 861/1250 [03:36<01:37,  3.98it/s]
[1Aphase1 epoch 0:  69%|██████▉   | 862/1250 [03:37<01:38,  3.93it/s]
[1Aphase1 epoch 0:  69%|██████▉   | 863/1250 [03:37<01:36,  4.00it/s]
[1Aphase1 epoch 0:  69%|██████▉   | 864/1250 [03:37<01:35,  4.04it/s]
[1Aphase1 epoch 0:  69%|██████▉   | 865/1250 [03:37<01:34,  4.08it/s]
[1Aphase1 epoch 0:  69%|██████▉   | 866/1250 [03:38<01:35,  4.00it/s]
[1Aphase1 epoch 0:  69%|██████▉   | 867/1250 [03:38<01:36,  3.99it/s]
[1Aphase1 epoch 0:  69%|██████▉   | 868/1250 [03:38<01:37,  3.92it/s]
[1Aphase1 epoch 0:  70%|██████▉   | 869/1250 [03:38<01:35,  3.99it/s]
[1Aphase1 epoch 0:  70%|██████▉   | 870/1250 [03:39<01:35,  3.99it/s]
[1Aphase1 epoch 0:  70%|██████▉   | 871/1250 [03:39<01:33,  4.06it/s]
[1Aphase1 epoch 0:  70%|██████▉   | 872/1250 [03:39<01:32,  4.10it/s]
[1Aphase1 epoch 0:  70%|██████▉   | 873/1250 [03:39<01:32,  4.07it/s]
[1Aphase1 epoch 0:  70%|██████▉   | 874/1250 [03:40<01:33,  4.04it/s]
[1Aphase1 epoch 0:  70%|███████   | 875/1250 [03:40<01:31,  4.09it/s]
[1Aphase1 epoch 0:  70%|███████   | 876/1250 [03:40<01:34,  3.98it/s]
[1Aphase1 epoch 0:  70%|███████   | 877/1250 [03:40<01:34,  3.97it/s]
[1Aphase1 epoch 0:  70%|███████   | 878/1250 [03:41<01:33,  3.99it/s]
[1Aphase1 epoch 0:  70%|███████   | 879/1250 [03:41<01:33,  3.97it/s]
[1Aphase1 epoch 0:  70%|███████   | 880/1250 [03:41<01:31,  4.05it/s]
[1Aphase1 epoch 0:  70%|███████   | 881/1250 [03:41<01:29,  4.10it/s]
[1Aphase1 epoch 0:  71%|███████   | 882/1250 [03:42<01:29,  4.13it/s]
[1Aphase1 epoch 0:  71%|███████   | 883/1250 [03:42<01:28,  4.13it/s]
[1Aphase1 epoch 0:  71%|███████   | 884/1250 [03:42<01:30,  4.03it/s]
[1Aphase1 epoch 0:  71%|███████   | 885/1250 [03:42<01:30,  4.02it/s]
[1Aphase1 epoch 0:  71%|███████   | 886/1250 [03:43<01:32,  3.95it/s]
[1Aphase1 epoch 0:  71%|███████   | 887/1250 [03:43<01:29,  4.05it/s]
[1Aphase1 epoch 0:  71%|███████   | 888/1250 [03:43<01:29,  4.03it/s]
[1Aphase1 epoch 0:  71%|███████   | 889/1250 [03:43<01:30,  3.97it/s]
[1Aphase1 epoch 0:  71%|███████   | 890/1250 [03:44<01:32,  3.91it/s]
[1Aphase1 epoch 0:  71%|███████▏  | 891/1250 [03:44<01:33,  3.86it/s]
[1Aphase1 epoch 0:  71%|███████▏  | 892/1250 [03:44<01:31,  3.90it/s]
[1Aphase1 epoch 0:  71%|███████▏  | 893/1250 [03:44<01:31,  3.88it/s]
[1Aphase1 epoch 0:  72%|███████▏  | 894/1250 [03:45<01:32,  3.87it/s]
[1Aphase1 epoch 0:  72%|███████▏  | 895/1250 [03:45<01:31,  3.90it/s]
[1Aphase1 epoch 0:  72%|███████▏  | 896/1250 [03:45<01:32,  3.81it/s]
[1Aphase1 epoch 0:  72%|███████▏  | 897/1250 [03:45<01:29,  3.93it/s]
[1Aphase1 epoch 0:  72%|███████▏  | 898/1250 [03:46<01:29,  3.93it/s]
[1Aphase1 epoch 0:  72%|███████▏  | 899/1250 [03:46<01:29,  3.94it/s]
[1Aphase1 epoch 0:  72%|███████▏  | 900/1250 [03:46<01:28,  3.96it/s]
[1Aphase1 epoch 0:  72%|███████▏  | 901/1250 [03:46<01:29,  3.92it/s]
[1Aphase1 epoch 0:  72%|███████▏  | 902/1250 [03:47<01:26,  4.00it/s]
[1Aphase1 epoch 0:  72%|███████▏  | 903/1250 [03:47<01:29,  3.89it/s]
[1Aphase1 epoch 0:  72%|███████▏  | 904/1250 [03:47<01:27,  3.96it/s]
[1Aphase1 epoch 0:  72%|███████▏  | 905/1250 [03:47<01:27,  3.96it/s]
[1Aphase1 epoch 0:  72%|███████▏  | 906/1250 [03:48<01:25,  4.01it/s]
[1Aphase1 epoch 0:  73%|███████▎  | 907/1250 [03:48<01:24,  4.08it/s]
[1Aphase1 epoch 0:  73%|███████▎  | 908/1250 [03:48<01:25,  3.99it/s]
[1Aphase1 epoch 0:  73%|███████▎  | 909/1250 [03:48<01:25,  4.00it/s]
[1Aphase1 epoch 0:  73%|███████▎  | 910/1250 [03:49<01:25,  3.99it/s]
[1Aphase1 epoch 0:  73%|███████▎  | 911/1250 [03:49<01:25,  3.99it/s]
[1Aphase1 epoch 0:  73%|███████▎  | 912/1250 [03:49<01:24,  3.99it/s]
[1Aphase1 epoch 0:  73%|███████▎  | 913/1250 [03:49<01:23,  4.04it/s]
[1Aphase1 epoch 0:  73%|███████▎  | 914/1250 [03:50<01:23,  4.01it/s]
[1Aphase1 epoch 0:  73%|███████▎  | 915/1250 [03:50<01:22,  4.06it/s]
[1Aphase1 epoch 0:  73%|███████▎  | 916/1250 [03:50<01:22,  4.05it/s]
[1Aphase1 epoch 0:  73%|███████▎  | 917/1250 [03:50<01:22,  4.03it/s]
[1Aphase1 epoch 0:  73%|███████▎  | 918/1250 [03:51<01:23,  3.99it/s]
[1Aphase1 epoch 0:  74%|███████▎  | 919/1250 [03:51<01:22,  4.00it/s]
[1Aphase1 epoch 0:  74%|███████▎  | 920/1250 [03:51<01:21,  4.06it/s]
[1Aphase1 epoch 0:  74%|███████▎  | 921/1250 [03:51<01:20,  4.11it/s]
[1Aphase1 epoch 0:  74%|███████▍  | 922/1250 [03:52<01:20,  4.08it/s]
[1Aphase1 epoch 0:  74%|███████▍  | 923/1250 [03:52<01:19,  4.12it/s]
[1Aphase1 epoch 0:  74%|███████▍  | 924/1250 [03:52<01:18,  4.13it/s]
[1Aphase1 epoch 0:  74%|███████▍  | 925/1250 [03:52<01:18,  4.15it/s]
[1Aphase1 epoch 0:  74%|███████▍  | 926/1250 [03:53<01:19,  4.09it/s]
[1Aphase1 epoch 0:  74%|███████▍  | 927/1250 [03:53<01:19,  4.08it/s]
[1Aphase1 epoch 0:  74%|███████▍  | 928/1250 [03:53<01:18,  4.11it/s]
[1Aphase1 epoch 0:  74%|███████▍  | 929/1250 [03:53<01:19,  4.06it/s]
[1Aphase1 epoch 0:  74%|███████▍  | 930/1250 [03:54<01:19,  4.04it/s]
[1Aphase1 epoch 0:  74%|███████▍  | 931/1250 [03:54<01:19,  4.02it/s]
[1Aphase1 epoch 0:  75%|███████▍  | 932/1250 [03:54<01:19,  4.01it/s]
[1Aphase1 epoch 0:  75%|███████▍  | 933/1250 [03:54<01:19,  4.00it/s]
[1Aphase1 epoch 0:  75%|███████▍  | 934/1250 [03:55<01:17,  4.05it/s]
[1Aphase1 epoch 0:  75%|███████▍  | 935/1250 [03:55<01:18,  4.04it/s]
[1Aphase1 epoch 0:  75%|███████▍  | 936/1250 [03:55<01:19,  3.96it/s]
[1Aphase1 epoch 0:  75%|███████▍  | 937/1250 [03:55<01:20,  3.89it/s]
[1Aphase1 epoch 0:  75%|███████▌  | 938/1250 [03:56<01:19,  3.90it/s]
[1Aphase1 epoch 0:  75%|███████▌  | 939/1250 [03:56<01:17,  3.99it/s]
[1Aphase1 epoch 0:  75%|███████▌  | 940/1250 [03:56<01:18,  3.93it/s]
[1Aphase1 epoch 0:  75%|███████▌  | 941/1250 [03:56<01:18,  3.94it/s]
[1Aphase1 epoch 0:  75%|███████▌  | 942/1250 [03:57<01:16,  4.00it/s]
[1Aphase1 epoch 0:  75%|███████▌  | 943/1250 [03:57<01:15,  4.05it/s]
[1Aphase1 epoch 0:  76%|███████▌  | 944/1250 [03:57<01:15,  4.03it/s]
[1Aphase1 epoch 0:  76%|███████▌  | 945/1250 [03:57<01:15,  4.02it/s]
[1Aphase1 epoch 0:  76%|███████▌  | 946/1250 [03:58<01:15,  4.01it/s]
[1Aphase1 epoch 0:  76%|███████▌  | 947/1250 [03:58<01:17,  3.88it/s]
[1Aphase1 epoch 0:  76%|███████▌  | 948/1250 [03:58<01:15,  3.97it/s]
[1Aphase1 epoch 0:  76%|███████▌  | 949/1250 [03:58<01:17,  3.87it/s]
[1Aphase1 epoch 0:  76%|███████▌  | 950/1250 [03:59<01:15,  3.97it/s]
[1Aphase1 epoch 0:  76%|███████▌  | 951/1250 [03:59<01:15,  3.97it/s]
[1Aphase1 epoch 0:  76%|███████▌  | 952/1250 [03:59<01:15,  3.95it/s]
[1Aphase1 epoch 0:  76%|███████▌  | 953/1250 [03:59<01:14,  3.98it/s]
[1Aphase1 epoch 0:  76%|███████▋  | 954/1250 [04:00<01:14,  3.96it/s]
[1Aphase1 epoch 0:  76%|███████▋  | 955/1250 [04:00<01:14,  3.97it/s]
[1Aphase1 epoch 0:  76%|███████▋  | 956/1250 [04:00<01:15,  3.92it/s]
[1Aphase1 epoch 0:  77%|███████▋  | 957/1250 [04:00<01:14,  3.95it/s]
[1Aphase1 epoch 0:  77%|███████▋  | 958/1250 [04:01<01:12,  4.05it/s]
[1Aphase1 epoch 0:  77%|███████▋  | 959/1250 [04:01<01:11,  4.05it/s]
[1Aphase1 epoch 0:  77%|███████▋  | 960/1250 [04:01<01:12,  4.02it/s]
[1Aphase1 epoch 0:  77%|███████▋  | 961/1250 [04:01<01:12,  3.96it/s]
[1Aphase1 epoch 0:  77%|███████▋  | 962/1250 [04:02<01:11,  4.05it/s]
[1Aphase1 epoch 0:  77%|███████▋  | 963/1250 [04:02<01:11,  4.02it/s]
[1Aphase1 epoch 0:  77%|███████▋  | 964/1250 [04:02<01:11,  3.99it/s]
[1Aphase1 epoch 0:  77%|███████▋  | 965/1250 [04:02<01:11,  3.99it/s]
[1Aphase1 epoch 0:  77%|███████▋  | 966/1250 [04:03<01:10,  4.06it/s]
[1Aphase1 epoch 0:  77%|███████▋  | 967/1250 [04:03<01:09,  4.09it/s]
[1Aphase1 epoch 0:  77%|███████▋  | 968/1250 [04:03<01:09,  4.04it/s]
[1Aphase1 epoch 0:  78%|███████▊  | 969/1250 [04:03<01:09,  4.03it/s]
[1Aphase1 epoch 0:  78%|███████▊  | 970/1250 [04:04<01:09,  4.00it/s]
[1Aphase1 epoch 0:  78%|███████▊  | 971/1250 [04:04<01:10,  3.98it/s]
[1Aphase1 epoch 0:  78%|███████▊  | 972/1250 [04:04<01:08,  4.05it/s]
[1Aphase1 epoch 0:  78%|███████▊  | 973/1250 [04:04<01:08,  4.04it/s]
[1Aphase1 epoch 0:  78%|███████▊  | 974/1250 [04:05<01:08,  4.02it/s]
[1Aphase1 epoch 0:  78%|███████▊  | 975/1250 [04:05<01:08,  4.01it/s]
[1Aphase1 epoch 0:  78%|███████▊  | 976/1250 [04:05<01:06,  4.09it/s]
[1Aphase1 epoch 0:  78%|███████▊  | 977/1250 [04:05<01:07,  4.05it/s]
[1Aphase1 epoch 0:  78%|███████▊  | 978/1250 [04:06<01:07,  4.02it/s]
[1Aphase1 epoch 0:  78%|███████▊  | 979/1250 [04:06<01:06,  4.07it/s]
[1Aphase1 epoch 0:  78%|███████▊  | 980/1250 [04:06<01:07,  4.03it/s]
[1Aphase1 epoch 0:  78%|███████▊  | 981/1250 [04:06<01:06,  4.03it/s]
[1Aphase1 epoch 0:  79%|███████▊  | 982/1250 [04:07<01:06,  4.01it/s]
[1Aphase1 epoch 0:  79%|███████▊  | 983/1250 [04:07<01:07,  3.93it/s]
[1Aphase1 epoch 0:  79%|███████▊  | 984/1250 [04:07<01:07,  3.93it/s]
[1Aphase1 epoch 0:  79%|███████▉  | 985/1250 [04:07<01:07,  3.95it/s]
[1Aphase1 epoch 0:  79%|███████▉  | 986/1250 [04:08<01:08,  3.88it/s]
[1Aphase1 epoch 0:  79%|███████▉  | 987/1250 [04:08<01:08,  3.86it/s]
[1Aphase1 epoch 0:  79%|███████▉  | 988/1250 [04:08<01:06,  3.96it/s]
[1Aphase1 epoch 0:  79%|███████▉  | 989/1250 [04:08<01:05,  3.98it/s]
[1Aphase1 epoch 0:  79%|███████▉  | 990/1250 [04:09<01:04,  4.05it/s]
[1Aphase1 epoch 0:  79%|███████▉  | 991/1250 [04:09<01:04,  4.03it/s]
[1Aphase1 epoch 0:  79%|███████▉  | 992/1250 [04:09<01:05,  3.95it/s]
[1Aphase1 epoch 0:  79%|███████▉  | 993/1250 [04:09<01:04,  3.96it/s]
[1Aphase1 epoch 0:  80%|███████▉  | 994/1250 [04:10<01:04,  3.95it/s]
[1Aphase1 epoch 0:  80%|███████▉  | 995/1250 [04:10<01:04,  3.94it/s]
[1Aphase1 epoch 0:  80%|███████▉  | 996/1250 [04:10<01:03,  4.02it/s]
[1Aphase1 epoch 0:  80%|███████▉  | 997/1250 [04:10<01:04,  3.90it/s]
[1Aphase1 epoch 0:  80%|███████▉  | 998/1250 [04:11<01:04,  3.93it/s]
[1Aphase1 epoch 0:  80%|███████▉  | 999/1250 [04:11<01:05,  3.84it/s]
[1Aphase1 epoch 0:  80%|████████  | 1000/1250 [04:11<01:06,  3.77it/s]
[1Aphase1 epoch 0:  80%|████████  | 1001/1250 [04:11<01:04,  3.83it/s]
[1Aphase1 epoch 0:  80%|████████  | 1002/1250 [04:12<01:04,  3.86it/s]
[1Aphase1 epoch 0:  80%|████████  | 1003/1250 [04:12<01:02,  3.96it/s]
[1Aphase1 epoch 0:  80%|████████  | 1004/1250 [04:12<01:02,  3.92it/s]
[1Aphase1 epoch 0:  80%|████████  | 1005/1250 [04:12<01:03,  3.83it/s]
[1Aphase1 epoch 0:  80%|████████  | 1006/1250 [04:13<01:04,  3.76it/s]
[1Aphase1 epoch 0:  81%|████████  | 1007/1250 [04:13<01:02,  3.86it/s]
[1Aphase1 epoch 0:  81%|████████  | 1008/1250 [04:13<01:02,  3.89it/s]
[1Aphase1 epoch 0:  81%|████████  | 1009/1250 [04:13<01:00,  3.98it/s]
[1Aphase1 epoch 0:  81%|████████  | 1010/1250 [04:14<01:00,  3.98it/s]
[1Aphase1 epoch 0:  81%|████████  | 1011/1250 [04:14<00:59,  3.99it/s]
[1Aphase1 epoch 0:  81%|████████  | 1012/1250 [04:14<00:59,  3.97it/s]
[1Aphase1 epoch 0:  81%|████████  | 1013/1250 [04:14<00:58,  4.04it/s]
[1Aphase1 epoch 0:  81%|████████  | 1014/1250 [04:15<00:57,  4.10it/s]
[1Aphase1 epoch 0:  81%|████████  | 1015/1250 [04:15<00:57,  4.08it/s]
[1Aphase1 epoch 0:  81%|████████▏ | 1016/1250 [04:15<00:56,  4.12it/s]
[1Aphase1 epoch 0:  81%|████████▏ | 1017/1250 [04:15<00:56,  4.16it/s]
[1Aphase1 epoch 0:  81%|████████▏ | 1018/1250 [04:16<00:56,  4.10it/s]
[1Aphase1 epoch 0:  82%|████████▏ | 1019/1250 [04:16<00:56,  4.06it/s]
[1Aphase1 epoch 0:  82%|████████▏ | 1020/1250 [04:16<00:57,  3.99it/s]
[1Aphase1 epoch 0:  82%|████████▏ | 1021/1250 [04:16<00:58,  3.93it/s]
[1Aphase1 epoch 0:  82%|████████▏ | 1022/1250 [04:17<00:57,  3.94it/s]
[1Aphase1 epoch 0:  82%|████████▏ | 1023/1250 [04:17<00:57,  3.96it/s]
[1Aphase1 epoch 0:  82%|████████▏ | 1024/1250 [04:17<00:56,  4.02it/s]
[1Aphase1 epoch 0:  82%|████████▏ | 1025/1250 [04:17<00:55,  4.07it/s]
[1Aphase1 epoch 0:  82%|████████▏ | 1026/1250 [04:18<00:54,  4.10it/s]
[1Aphase1 epoch 0:  82%|████████▏ | 1027/1250 [04:18<00:53,  4.13it/s]
[1Aphase1 epoch 0:  82%|████████▏ | 1028/1250 [04:18<00:53,  4.17it/s]
[1Aphase1 epoch 0:  82%|████████▏ | 1029/1250 [04:18<00:52,  4.17it/s]
[1Aphase1 epoch 0:  82%|████████▏ | 1030/1250 [04:19<00:53,  4.11it/s]
[1Aphase1 epoch 0:  82%|████████▏ | 1031/1250 [04:19<00:53,  4.06it/s]
[1Aphase1 epoch 0:  83%|████████▎ | 1032/1250 [04:19<00:53,  4.10it/s]
[1Aphase1 epoch 0:  83%|████████▎ | 1033/1250 [04:19<00:55,  3.94it/s]
[1Aphase1 epoch 0:  83%|████████▎ | 1034/1250 [04:20<00:54,  3.97it/s]
[1Aphase1 epoch 0:  83%|████████▎ | 1035/1250 [04:20<00:55,  3.89it/s]
[1Aphase1 epoch 0:  83%|████████▎ | 1036/1250 [04:20<00:53,  3.98it/s]
[1Aphase1 epoch 0:  83%|████████▎ | 1037/1250 [04:20<00:53,  3.98it/s]
[1Aphase1 epoch 0:  83%|████████▎ | 1038/1250 [04:21<00:54,  3.92it/s]
[1Aphase1 epoch 0:  83%|████████▎ | 1039/1250 [04:21<00:53,  3.93it/s]
[1Aphase1 epoch 0:  83%|████████▎ | 1040/1250 [04:21<00:52,  4.02it/s]
[1Aphase1 epoch 0:  83%|████████▎ | 1041/1250 [04:21<00:51,  4.07it/s]
[1Aphase1 epoch 0:  83%|████████▎ | 1042/1250 [04:22<00:53,  3.92it/s]
[1Aphase1 epoch 0:  83%|████████▎ | 1043/1250 [04:22<00:52,  3.94it/s]
[1Aphase1 epoch 0:  84%|████████▎ | 1044/1250 [04:22<00:52,  3.95it/s]
[1Aphase1 epoch 0:  84%|████████▎ | 1045/1250 [04:22<00:51,  4.00it/s]
[1Aphase1 epoch 0:  84%|████████▎ | 1046/1250 [04:23<00:51,  3.95it/s]
[1Aphase1 epoch 0:  84%|████████▍ | 1047/1250 [04:23<00:51,  3.94it/s]
[1Aphase1 epoch 0:  84%|████████▍ | 1048/1250 [04:23<00:50,  3.97it/s]
[1Aphase1 epoch 0:  84%|████████▍ | 1049/1250 [04:23<00:49,  4.02it/s]
[1Aphase1 epoch 0:  84%|████████▍ | 1050/1250 [04:24<00:48,  4.08it/s]
[1Aphase1 epoch 0:  84%|████████▍ | 1051/1250 [04:24<00:48,  4.11it/s]
[1Aphase1 epoch 0:  84%|████████▍ | 1052/1250 [04:24<00:47,  4.15it/s]
[1Aphase1 epoch 0:  84%|████████▍ | 1053/1250 [04:24<00:47,  4.14it/s]
[1Aphase1 epoch 0:  84%|████████▍ | 1054/1250 [04:25<00:48,  4.02it/s]
[1Aphase1 epoch 0:  84%|████████▍ | 1055/1250 [04:25<00:49,  3.93it/s]
[1Aphase1 epoch 0:  84%|████████▍ | 1056/1250 [04:25<00:49,  3.94it/s]
[1Aphase1 epoch 0:  85%|████████▍ | 1057/1250 [04:25<00:48,  3.96it/s]
[1Aphase1 epoch 0:  85%|████████▍ | 1058/1250 [04:26<00:48,  3.97it/s]
[1Aphase1 epoch 0:  85%|████████▍ | 1059/1250 [04:26<00:47,  4.05it/s]
[1Aphase1 epoch 0:  85%|████████▍ | 1060/1250 [04:26<00:46,  4.09it/s]
[1Aphase1 epoch 0:  85%|████████▍ | 1061/1250 [04:26<00:46,  4.06it/s]
[1Aphase1 epoch 0:  85%|████████▍ | 1062/1250 [04:27<00:46,  4.04it/s]
[1Aphase1 epoch 0:  85%|████████▌ | 1063/1250 [04:27<00:46,  4.02it/s]
[1Aphase1 epoch 0:  85%|████████▌ | 1064/1250 [04:27<00:45,  4.05it/s]
[1Aphase1 epoch 0:  85%|████████▌ | 1065/1250 [04:27<00:45,  4.04it/s]
[1Aphase1 epoch 0:  85%|████████▌ | 1066/1250 [04:28<00:45,  4.02it/s]
[1Aphase1 epoch 0:  85%|████████▌ | 1067/1250 [04:28<00:45,  4.01it/s]
[1Aphase1 epoch 0:  85%|████████▌ | 1068/1250 [04:28<00:44,  4.06it/s]
[1Aphase1 epoch 0:  86%|████████▌ | 1069/1250 [04:28<00:44,  4.10it/s]
[1Aphase1 epoch 0:  86%|████████▌ | 1070/1250 [04:29<00:43,  4.17it/s]
[1Aphase1 epoch 0:  86%|████████▌ | 1071/1250 [04:29<00:43,  4.11it/s]
[1Aphase1 epoch 0:  86%|████████▌ | 1072/1250 [04:29<00:44,  4.04it/s]
[1Aphase1 epoch 0:  86%|████████▌ | 1073/1250 [04:29<00:44,  3.97it/s]
[1Aphase1 epoch 0:  86%|████████▌ | 1074/1250 [04:30<00:43,  4.04it/s]
[1Aphase1 epoch 0:  86%|████████▌ | 1075/1250 [04:30<00:43,  4.02it/s]
[1Aphase1 epoch 0:  86%|████████▌ | 1076/1250 [04:30<00:42,  4.06it/s]
[1Aphase1 epoch 0:  86%|████████▌ | 1077/1250 [04:30<00:42,  4.06it/s]
[1Aphase1 epoch 0:  86%|████████▌ | 1078/1250 [04:31<00:42,  4.03it/s]
[1Aphase1 epoch 0:  86%|████████▋ | 1079/1250 [04:31<00:42,  4.02it/s]
[1Aphase1 epoch 0:  86%|████████▋ | 1080/1250 [04:31<00:43,  3.92it/s]
[1Aphase1 epoch 0:  86%|████████▋ | 1081/1250 [04:31<00:42,  4.00it/s]
[1Aphase1 epoch 0:  87%|████████▋ | 1082/1250 [04:32<00:42,  3.98it/s]
[1Aphase1 epoch 0:  87%|████████▋ | 1083/1250 [04:32<00:41,  4.00it/s]
[1Aphase1 epoch 0:  87%|████████▋ | 1084/1250 [04:32<00:42,  3.92it/s]
[1Aphase1 epoch 0:  87%|████████▋ | 1085/1250 [04:32<00:41,  4.00it/s]
[1Aphase1 epoch 0:  87%|████████▋ | 1086/1250 [04:33<00:42,  3.87it/s]
[1Aphase1 epoch 0:  87%|████████▋ | 1087/1250 [04:33<00:41,  3.95it/s]
[1Aphase1 epoch 0:  87%|████████▋ | 1088/1250 [04:33<00:40,  3.96it/s]
[1Aphase1 epoch 0:  87%|████████▋ | 1089/1250 [04:33<00:40,  3.95it/s]
[1Aphase1 epoch 0:  87%|████████▋ | 1090/1250 [04:34<00:40,  3.97it/s]
[1Aphase1 epoch 0:  87%|████████▋ | 1091/1250 [04:34<00:40,  3.97it/s]
[1Aphase1 epoch 0:  87%|████████▋ | 1092/1250 [04:34<00:40,  3.91it/s]
[1Aphase1 epoch 0:  87%|████████▋ | 1093/1250 [04:34<00:40,  3.91it/s]
[1Aphase1 epoch 0:  88%|████████▊ | 1094/1250 [04:35<00:39,  3.94it/s]
[1Aphase1 epoch 0:  88%|████████▊ | 1095/1250 [04:35<00:39,  3.90it/s]
[1Aphase1 epoch 0:  88%|████████▊ | 1096/1250 [04:35<00:39,  3.93it/s]
[1Aphase1 epoch 0:  88%|████████▊ | 1097/1250 [04:35<00:38,  4.00it/s]
[1Aphase1 epoch 0:  88%|████████▊ | 1098/1250 [04:36<00:37,  4.01it/s]
[1Aphase1 epoch 0:  88%|████████▊ | 1099/1250 [04:36<00:37,  4.06it/s]
[1Aphase1 epoch 0:  88%|████████▊ | 1100/1250 [04:36<00:37,  4.03it/s]
[1Aphase1 epoch 0:  88%|████████▊ | 1101/1250 [04:36<00:37,  4.00it/s]
[1Aphase1 epoch 0:  88%|████████▊ | 1102/1250 [04:37<00:37,  3.94it/s]
[1Aphase1 epoch 0:  88%|████████▊ | 1103/1250 [04:37<00:36,  4.02it/s]
[1Aphase1 epoch 0:  88%|████████▊ | 1104/1250 [04:37<00:36,  4.00it/s]
[1Aphase1 epoch 0:  88%|████████▊ | 1105/1250 [04:37<00:36,  3.98it/s]
[1Aphase1 epoch 0:  88%|████████▊ | 1106/1250 [04:38<00:36,  3.98it/s]
[1Aphase1 epoch 0:  89%|████████▊ | 1107/1250 [04:38<00:35,  3.98it/s]
[1Aphase1 epoch 0:  89%|████████▊ | 1108/1250 [04:38<00:35,  3.98it/s]
[1Aphase1 epoch 0:  89%|████████▊ | 1109/1250 [04:38<00:34,  4.04it/s]
[1Aphase1 epoch 0:  89%|████████▉ | 1110/1250 [04:39<00:34,  4.08it/s]
[1Aphase1 epoch 0:  89%|████████▉ | 1111/1250 [04:39<00:33,  4.11it/s]
[1Aphase1 epoch 0:  89%|████████▉ | 1112/1250 [04:39<00:33,  4.07it/s]
[1Aphase1 epoch 0:  89%|████████▉ | 1113/1250 [04:39<00:33,  4.03it/s]
[1Aphase1 epoch 0:  89%|████████▉ | 1114/1250 [04:40<00:33,  4.02it/s]
[1Aphase1 epoch 0:  89%|████████▉ | 1115/1250 [04:40<00:34,  3.96it/s]
[1Aphase1 epoch 0:  89%|████████▉ | 1116/1250 [04:40<00:33,  4.00it/s]
[1Aphase1 epoch 0:  89%|████████▉ | 1117/1250 [04:40<00:33,  3.98it/s]
[1Aphase1 epoch 0:  89%|████████▉ | 1118/1250 [04:41<00:33,  3.97it/s]
[1Aphase1 epoch 0:  90%|████████▉ | 1119/1250 [04:41<00:32,  4.03it/s]
[1Aphase1 epoch 0:  90%|████████▉ | 1120/1250 [04:41<00:31,  4.08it/s]
[1Aphase1 epoch 0:  90%|████████▉ | 1121/1250 [04:41<00:31,  4.11it/s]
[1Aphase1 epoch 0:  90%|████████▉ | 1122/1250 [04:42<00:30,  4.15it/s]
[1Aphase1 epoch 0:  90%|████████▉ | 1123/1250 [04:42<00:30,  4.16it/s]
[1Aphase1 epoch 0:  90%|████████▉ | 1124/1250 [04:42<00:30,  4.16it/s]
[1Aphase1 epoch 0:  90%|█████████ | 1125/1250 [04:42<00:29,  4.17it/s]
[1Aphase1 epoch 0:  90%|█████████ | 1126/1250 [04:43<00:30,  4.12it/s]
[1Aphase1 epoch 0:  90%|█████████ | 1127/1250 [04:43<00:30,  4.08it/s]
[1Aphase1 epoch 0:  90%|█████████ | 1128/1250 [04:43<00:30,  4.03it/s]
[1Aphase1 epoch 0:  90%|█████████ | 1129/1250 [04:43<00:30,  3.99it/s]
[1Aphase1 epoch 0:  90%|█████████ | 1130/1250 [04:44<00:30,  3.98it/s]
[1Aphase1 epoch 0:  90%|█████████ | 1131/1250 [04:44<00:29,  4.00it/s]
[1Aphase1 epoch 0:  91%|█████████ | 1132/1250 [04:44<00:30,  3.93it/s]
[1Aphase1 epoch 0:  91%|█████████ | 1133/1250 [04:44<00:30,  3.88it/s]
[1Aphase1 epoch 0:  91%|█████████ | 1134/1250 [04:45<00:30,  3.83it/s]
[1Aphase1 epoch 0:  91%|█████████ | 1135/1250 [04:45<00:29,  3.86it/s]
[1Aphase1 epoch 0:  91%|█████████ | 1136/1250 [04:45<00:29,  3.89it/s]
[1Aphase1 epoch 0:  91%|█████████ | 1137/1250 [04:45<00:28,  3.92it/s]
[1Aphase1 epoch 0:  91%|█████████ | 1138/1250 [04:46<00:28,  4.00it/s]
[1Aphase1 epoch 0:  91%|█████████ | 1139/1250 [04:46<00:27,  4.00it/s]
[1Aphase1 epoch 0:  91%|█████████ | 1140/1250 [04:46<00:28,  3.92it/s]
[1Aphase1 epoch 0:  91%|█████████▏| 1141/1250 [04:46<00:27,  3.95it/s]
[1Aphase1 epoch 0:  91%|█████████▏| 1142/1250 [04:47<00:27,  3.94it/s]
[1Aphase1 epoch 0:  91%|█████████▏| 1143/1250 [04:47<00:27,  3.93it/s]
[1Aphase1 epoch 0:  92%|█████████▏| 1144/1250 [04:47<00:27,  3.83it/s]
[1Aphase1 epoch 0:  92%|█████████▏| 1145/1250 [04:47<00:26,  3.89it/s]
[1Aphase1 epoch 0:  92%|█████████▏| 1146/1250 [04:48<00:26,  3.92it/s]
[1Aphase1 epoch 0:  92%|█████████▏| 1147/1250 [04:48<00:25,  3.99it/s]
[1Aphase1 epoch 0:  92%|█████████▏| 1148/1250 [04:48<00:25,  4.05it/s]
[1Aphase1 epoch 0:  92%|█████████▏| 1149/1250 [04:48<00:25,  4.03it/s]
[1Aphase1 epoch 0:  92%|█████████▏| 1150/1250 [04:49<00:24,  4.08it/s]
[1Aphase1 epoch 0:  92%|█████████▏| 1151/1250 [04:49<00:24,  4.05it/s]
[1Aphase1 epoch 0:  92%|█████████▏| 1152/1250 [04:49<00:24,  3.98it/s]
[1Aphase1 epoch 0:  92%|█████████▏| 1153/1250 [04:49<00:24,  3.98it/s]
[1Aphase1 epoch 0:  92%|█████████▏| 1154/1250 [04:50<00:24,  3.95it/s]
[1Aphase1 epoch 0:  92%|█████████▏| 1155/1250 [04:50<00:24,  3.95it/s]
[1Aphase1 epoch 0:  92%|█████████▏| 1156/1250 [04:50<00:23,  3.96it/s]
[1Aphase1 epoch 0:  93%|█████████▎| 1157/1250 [04:50<00:23,  3.95it/s]
[1Aphase1 epoch 0:  93%|█████████▎| 1158/1250 [04:51<00:22,  4.02it/s]
[1Aphase1 epoch 0:  93%|█████████▎| 1159/1250 [04:51<00:23,  3.94it/s]
[1Aphase1 epoch 0:  93%|█████████▎| 1160/1250 [04:51<00:22,  4.01it/s]
[1Aphase1 epoch 0:  93%|█████████▎| 1161/1250 [04:51<00:22,  3.95it/s]
[1Aphase1 epoch 0:  93%|█████████▎| 1162/1250 [04:52<00:22,  3.89it/s]
[1Aphase1 epoch 0:  93%|█████████▎| 1163/1250 [04:52<00:22,  3.91it/s]
[1Aphase1 epoch 0:  93%|█████████▎| 1164/1250 [04:52<00:21,  3.92it/s]
[1Aphase1 epoch 0:  93%|█████████▎| 1165/1250 [04:52<00:21,  4.01it/s]
[1Aphase1 epoch 0:  93%|█████████▎| 1166/1250 [04:53<00:21,  3.98it/s]
[1Aphase1 epoch 0:  93%|█████████▎| 1167/1250 [04:53<00:20,  4.03it/s]
[1Aphase1 epoch 0:  93%|█████████▎| 1168/1250 [04:53<00:20,  4.03it/s]
[1Aphase1 epoch 0:  94%|█████████▎| 1169/1250 [04:53<00:20,  4.02it/s]
[1Aphase1 epoch 0:  94%|█████████▎| 1170/1250 [04:54<00:20,  3.99it/s]
[1Aphase1 epoch 0:  94%|█████████▎| 1171/1250 [04:54<00:20,  3.90it/s]
[1Aphase1 epoch 0:  94%|█████████▍| 1172/1250 [04:54<00:19,  3.93it/s]
[1Aphase1 epoch 0:  94%|█████████▍| 1173/1250 [04:54<00:19,  3.89it/s]
[1Aphase1 epoch 0:  94%|█████████▍| 1174/1250 [04:55<00:19,  3.92it/s]
[1Aphase1 epoch 0:  94%|█████████▍| 1175/1250 [04:55<00:19,  3.86it/s]
[1Aphase1 epoch 0:  94%|█████████▍| 1176/1250 [04:55<00:19,  3.89it/s]
[1Aphase1 epoch 0:  94%|█████████▍| 1177/1250 [04:56<00:18,  3.90it/s]
[1Aphase1 epoch 0:  94%|█████████▍| 1178/1250 [04:56<00:18,  3.92it/s]
[1Aphase1 epoch 0:  94%|█████████▍| 1179/1250 [04:56<00:18,  3.88it/s]
[1Aphase1 epoch 0:  94%|█████████▍| 1180/1250 [04:56<00:17,  3.90it/s]
[1Aphase1 epoch 0:  94%|█████████▍| 1181/1250 [04:57<00:17,  3.89it/s]
[1Aphase1 epoch 0:  95%|█████████▍| 1182/1250 [04:57<00:17,  3.81it/s]
[1Aphase1 epoch 0:  95%|█████████▍| 1183/1250 [04:57<00:16,  3.95it/s]
[1Aphase1 epoch 0:  95%|█████████▍| 1184/1250 [04:57<00:16,  3.96it/s]
[1Aphase1 epoch 0:  95%|█████████▍| 1185/1250 [04:58<00:16,  4.01it/s]
[1Aphase1 epoch 0:  95%|█████████▍| 1186/1250 [04:58<00:15,  4.00it/s]
[1Aphase1 epoch 0:  95%|█████████▍| 1187/1250 [04:58<00:15,  4.01it/s]
[1Aphase1 epoch 0:  95%|█████████▌| 1188/1250 [04:58<00:15,  3.98it/s]
[1Aphase1 epoch 0:  95%|█████████▌| 1189/1250 [04:59<00:15,  3.98it/s]
[1Aphase1 epoch 0:  95%|█████████▌| 1190/1250 [04:59<00:14,  4.03it/s]
[1Aphase1 epoch 0:  95%|█████████▌| 1191/1250 [04:59<00:14,  4.02it/s]
[1Aphase1 epoch 0:  95%|█████████▌| 1192/1250 [04:59<00:14,  4.00it/s]
[1Aphase1 epoch 0:  95%|█████████▌| 1193/1250 [05:00<00:14,  3.99it/s]
[1Aphase1 epoch 0:  96%|█████████▌| 1194/1250 [05:00<00:14,  3.97it/s]
[1Aphase1 epoch 0:  96%|█████████▌| 1195/1250 [05:00<00:13,  3.98it/s]
[1Aphase1 epoch 0:  96%|█████████▌| 1196/1250 [05:00<00:13,  3.99it/s]
[1Aphase1 epoch 0:  96%|█████████▌| 1197/1250 [05:01<00:13,  4.00it/s]
[1Aphase1 epoch 0:  96%|█████████▌| 1198/1250 [05:01<00:13,  3.99it/s]
[1Aphase1 epoch 0:  96%|█████████▌| 1199/1250 [05:01<00:12,  3.98it/s]
[1Aphase1 epoch 0:  96%|█████████▌| 1200/1250 [05:01<00:12,  3.99it/s]
[1Aphase1 epoch 0:  96%|█████████▌| 1201/1250 [05:02<00:12,  4.04it/s]
[1Aphase1 epoch 0:  96%|█████████▌| 1202/1250 [05:02<00:11,  4.03it/s]
[1Aphase1 epoch 0:  96%|█████████▌| 1203/1250 [05:02<00:11,  4.07it/s]
[1Aphase1 epoch 0:  96%|█████████▋| 1204/1250 [05:02<00:11,  4.04it/s]
[1Aphase1 epoch 0:  96%|█████████▋| 1205/1250 [05:03<00:11,  4.01it/s]
[1Aphase1 epoch 0:  96%|█████████▋| 1206/1250 [05:03<00:11,  3.94it/s]
[1Aphase1 epoch 0:  97%|█████████▋| 1207/1250 [05:03<00:11,  3.89it/s]
[1Aphase1 epoch 0:  97%|█████████▋| 1208/1250 [05:03<00:10,  3.91it/s]
[1Aphase1 epoch 0:  97%|█████████▋| 1209/1250 [05:04<00:10,  3.85it/s]
[1Aphase1 epoch 0:  97%|█████████▋| 1210/1250 [05:04<00:10,  3.94it/s]
[1Aphase1 epoch 0:  97%|█████████▋| 1211/1250 [05:04<00:09,  4.00it/s]
[1Aphase1 epoch 0:  97%|█████████▋| 1212/1250 [05:04<00:09,  3.98it/s]
[1Aphase1 epoch 0:  97%|█████████▋| 1213/1250 [05:05<00:09,  3.99it/s]
[1Aphase1 epoch 0:  97%|█████████▋| 1214/1250 [05:05<00:09,  3.98it/s]
[1Aphase1 epoch 0:  97%|█████████▋| 1215/1250 [05:05<00:08,  4.02it/s]
[1Aphase1 epoch 0:  97%|█████████▋| 1216/1250 [05:05<00:08,  3.99it/s]
[1Aphase1 epoch 0:  97%|█████████▋| 1217/1250 [05:06<00:08,  3.99it/s]
[1Aphase1 epoch 0:  97%|█████████▋| 1218/1250 [05:06<00:08,  3.99it/s]
[1Aphase1 epoch 0:  98%|█████████▊| 1219/1250 [05:06<00:07,  4.00it/s]
[1Aphase1 epoch 0:  98%|█████████▊| 1220/1250 [05:06<00:07,  4.00it/s]
[1Aphase1 epoch 0:  98%|█████████▊| 1221/1250 [05:07<00:07,  3.87it/s]
[1Aphase1 epoch 0:  98%|█████████▊| 1222/1250 [05:07<00:07,  3.94it/s]
[1Aphase1 epoch 0:  98%|█████████▊| 1223/1250 [05:07<00:06,  3.91it/s]
[1Aphase1 epoch 0:  98%|█████████▊| 1224/1250 [05:07<00:06,  3.92it/s]
[1Aphase1 epoch 0:  98%|█████████▊| 1225/1250 [05:08<00:06,  3.94it/s]
[1Aphase1 epoch 0:  98%|█████████▊| 1226/1250 [05:08<00:06,  3.96it/s]
[1Aphase1 epoch 0:  98%|█████████▊| 1227/1250 [05:08<00:05,  4.03it/s]
[1Aphase1 epoch 0:  98%|█████████▊| 1228/1250 [05:08<00:05,  4.00it/s]
[1Aphase1 epoch 0:  98%|█████████▊| 1229/1250 [05:09<00:05,  4.01it/s]
[1Aphase1 epoch 0:  98%|█████████▊| 1230/1250 [05:09<00:05,  3.98it/s]
[1Aphase1 epoch 0:  98%|█████████▊| 1231/1250 [05:09<00:04,  4.06it/s]
[1Aphase1 epoch 0:  99%|█████████▊| 1232/1250 [05:09<00:04,  3.96it/s]
[1Aphase1 epoch 0:  99%|█████████▊| 1233/1250 [05:10<00:04,  3.97it/s]
[1Aphase1 epoch 0:  99%|█████████▊| 1234/1250 [05:10<00:04,  3.98it/s]
[1Aphase1 epoch 0:  99%|█████████▉| 1235/1250 [05:10<00:03,  3.96it/s]
[1Aphase1 epoch 0:  99%|█████████▉| 1236/1250 [05:10<00:03,  4.04it/s]
[1Aphase1 epoch 0:  99%|█████████▉| 1237/1250 [05:11<00:03,  4.04it/s]
[1Aphase1 epoch 0:  99%|█████████▉| 1238/1250 [05:11<00:02,  4.03it/s]
[1Aphase1 epoch 0:  99%|█████████▉| 1239/1250 [05:11<00:02,  3.96it/s]
[1Aphase1 epoch 0:  99%|█████████▉| 1240/1250 [05:11<00:02,  3.95it/s]
[1Aphase1 epoch 0:  99%|█████████▉| 1241/1250 [05:12<00:02,  3.83it/s]
[1Aphase1 epoch 0:  99%|█████████▉| 1242/1250 [05:12<00:02,  3.82it/s]
[1Aphase1 epoch 0:  99%|█████████▉| 1243/1250 [05:12<00:01,  3.91it/s]
[1Aphase1 epoch 0: 100%|█████████▉| 1244/1250 [05:12<00:01,  3.98it/s]
[1Aphase1 epoch 0: 100%|█████████▉| 1245/1250 [05:13<00:01,  3.97it/s]
[1Aphase1 epoch 0: 100%|█████████▉| 1246/1250 [05:13<00:01,  3.97it/s]
[1Aphase1 epoch 0: 100%|█████████▉| 1247/1250 [05:13<00:00,  3.99it/s]
[1Aphase1 epoch 0: 100%|█████████▉| 1248/1250 [05:13<00:00,  3.99it/s]
[1Aphase1 epoch 0: 100%|█████████▉| 1249/1250 [05:14<00:00,  3.92it/s]
[1Aphase1 epoch 0: 100%|██████████| 1250/1250 [05:14<00:00,  3.98it/s]
[1A                                                                   
[1A
[1Aphase1 epoch 1:   0%|          | 0/1250 [00:00<?, ?it/s]
[1Aphase1 epoch 1:   0%|          | 1/1250 [00:00<04:59,  4.17it/s]
[1Aphase1 epoch 1:   0%|          | 2/1250 [00:00<04:56,  4.20it/s]
[1Aphase1 epoch 1:   0%|          | 3/1250 [00:00<05:10,  4.01it/s]
[1Aphase1 epoch 1:   0%|          | 4/1250 [00:00<05:10,  4.01it/s]
[1Aphase1 epoch 1:   0%|          | 5/1250 [00:01<05:05,  4.08it/s]
[1Aphase1 epoch 1:   0%|          | 6/1250 [00:01<05:02,  4.11it/s]
[1Aphase1 epoch 1:   1%|          | 7/1250 [00:01<05:05,  4.07it/s]
[1Aphase1 epoch 1:   1%|          | 8/1250 [00:01<05:08,  4.03it/s]
[1Aphase1 epoch 1:   1%|          | 9/1250 [00:02<05:08,  4.02it/s]
[1Aphase1 epoch 1:   1%|          | 10/1250 [00:02<05:05,  4.06it/s]
[1Aphase1 epoch 1:   1%|          | 11/1250 [00:02<05:08,  4.02it/s]
[1Aphase1 epoch 1:   1%|          | 12/1250 [00:02<05:04,  4.06it/s]
[1Aphase1 epoch 1:   1%|          | 13/1250 [00:03<05:11,  3.97it/s]
[1Aphase1 epoch 1:   1%|          | 14/1250 [00:03<05:07,  4.02it/s]
[1Aphase1 epoch 1:   1%|          | 15/1250 [00:03<05:04,  4.06it/s]
[1Aphase1 epoch 1:   1%|▏         | 16/1250 [00:03<05:06,  4.03it/s]
[1Aphase1 epoch 1:   1%|▏         | 17/1250 [00:04<05:08,  3.99it/s]
[1Aphase1 epoch 1:   1%|▏         | 18/1250 [00:04<05:02,  4.07it/s]
[1Aphase1 epoch 1:   2%|▏         | 19/1250 [00:04<05:06,  4.02it/s]
[1Aphase1 epoch 1:   2%|▏         | 20/1250 [00:04<05:06,  4.01it/s]
[1Aphase1 epoch 1:   2%|▏         | 21/1250 [00:05<05:06,  4.01it/s]
[1Aphase1 epoch 1:   2%|▏         | 22/1250 [00:05<05:01,  4.07it/s]
[1Aphase1 epoch 1:   2%|▏         | 23/1250 [00:05<05:07,  3.99it/s]
[1Aphase1 epoch 1:   2%|▏         | 24/1250 [00:05<05:07,  3.99it/s]
[1Aphase1 epoch 1:   2%|▏         | 25/1250 [00:06<05:12,  3.92it/s]
[1Aphase1 epoch 1:   2%|▏         | 26/1250 [00:06<05:10,  3.94it/s]
[1Aphase1 epoch 1:   2%|▏         | 27/1250 [00:06<05:09,  3.95it/s]
[1Aphase1 epoch 1:   2%|▏         | 28/1250 [00:06<05:09,  3.94it/s]
[1Aphase1 epoch 1:   2%|▏         | 29/1250 [00:07<05:08,  3.96it/s]
[1Aphase1 epoch 1:   2%|▏         | 30/1250 [00:07<05:08,  3.96it/s]
[1Aphase1 epoch 1:   2%|▏         | 31/1250 [00:07<05:11,  3.91it/s]
[1Aphase1 epoch 1:   3%|▎         | 32/1250 [00:07<05:09,  3.94it/s]
[1Aphase1 epoch 1:   3%|▎         | 33/1250 [00:08<05:02,  4.02it/s]
[1Aphase1 epoch 1:   3%|▎         | 34/1250 [00:08<05:02,  4.02it/s]
[1Aphase1 epoch 1:   3%|▎         | 35/1250 [00:08<05:03,  4.00it/s]
[1Aphase1 epoch 1:   3%|▎         | 36/1250 [00:08<04:59,  4.05it/s]
[1Aphase1 epoch 1:   3%|▎         | 37/1250 [00:09<05:00,  4.04it/s]
[1Aphase1 epoch 1:   3%|▎         | 38/1250 [00:09<04:57,  4.08it/s]
[1Aphase1 epoch 1:   3%|▎         | 39/1250 [00:09<05:05,  3.97it/s]
[1Aphase1 epoch 1:   3%|▎         | 40/1250 [00:09<05:04,  3.98it/s]
[1Aphase1 epoch 1:   3%|▎         | 41/1250 [00:10<05:05,  3.96it/s]
[1Aphase1 epoch 1:   3%|▎         | 42/1250 [00:10<05:08,  3.91it/s]
[1Aphase1 epoch 1:   3%|▎         | 43/1250 [00:10<05:15,  3.83it/s]
[1Aphase1 epoch 1:   4%|▎         | 44/1250 [00:11<05:10,  3.88it/s]
[1Aphase1 epoch 1:   4%|▎         | 45/1250 [00:11<05:09,  3.89it/s]
[1Aphase1 epoch 1:   4%|▎         | 46/1250 [00:11<05:12,  3.85it/s]
[1Aphase1 epoch 1:   4%|▍         | 47/1250 [00:11<05:10,  3.87it/s]
[1Aphase1 epoch 1:   4%|▍         | 48/1250 [00:12<05:03,  3.97it/s]
[1Aphase1 epoch 1:   4%|▍         | 49/1250 [00:12<05:02,  3.97it/s]
[1Aphase1 epoch 1:   4%|▍         | 50/1250 [00:12<04:57,  4.03it/s]
[1Aphase1 epoch 1:   4%|▍         | 51/1250 [00:12<04:54,  4.06it/s]
[1Aphase1 epoch 1:   4%|▍         | 52/1250 [00:13<05:00,  3.98it/s]
[1Aphase1 epoch 1:   4%|▍         | 53/1250 [00:13<04:56,  4.04it/s]
[1Aphase1 epoch 1:   4%|▍         | 54/1250 [00:13<04:52,  4.08it/s]
[1Aphase1 epoch 1:   4%|▍         | 55/1250 [00:13<04:54,  4.06it/s]
[1Aphase1 epoch 1:   4%|▍         | 56/1250 [00:13<04:50,  4.11it/s]
[1Aphase1 epoch 1:   5%|▍         | 57/1250 [00:14<04:48,  4.14it/s]
[1Aphase1 epoch 1:   5%|▍         | 58/1250 [00:14<04:55,  4.03it/s]
[1Aphase1 epoch 1:   5%|▍         | 59/1250 [00:14<05:02,  3.94it/s]
[1Aphase1 epoch 1:   5%|▍         | 60/1250 [00:14<04:57,  4.01it/s]
[1Aphase1 epoch 1:   5%|▍         | 61/1250 [00:15<05:01,  3.94it/s]
[1Aphase1 epoch 1:   5%|▍         | 62/1250 [00:15<04:59,  3.97it/s]
[1Aphase1 epoch 1:   5%|▌         | 63/1250 [00:15<04:59,  3.96it/s]
[1Aphase1 epoch 1:   5%|▌         | 64/1250 [00:16<05:00,  3.95it/s]
[1Aphase1 epoch 1:   5%|▌         | 65/1250 [00:16<04:59,  3.95it/s]
[1Aphase1 epoch 1:   5%|▌         | 66/1250 [00:16<05:04,  3.89it/s]
[1Aphase1 epoch 1:   5%|▌         | 67/1250 [00:16<04:58,  3.96it/s]
[1Aphase1 epoch 1:   5%|▌         | 68/1250 [00:17<04:58,  3.96it/s]
[1Aphase1 epoch 1:   6%|▌         | 69/1250 [00:17<04:57,  3.97it/s]
[1Aphase1 epoch 1:   6%|▌         | 70/1250 [00:17<04:57,  3.97it/s]
[1Aphase1 epoch 1:   6%|▌         | 71/1250 [00:17<05:02,  3.89it/s]
[1Aphase1 epoch 1:   6%|▌         | 72/1250 [00:18<05:00,  3.92it/s]
[1Aphase1 epoch 1:   6%|▌         | 73/1250 [00:18<05:04,  3.87it/s]
[1Aphase1 epoch 1:   6%|▌         | 74/1250 [00:18<05:01,  3.90it/s]
[1Aphase1 epoch 1:   6%|▌         | 75/1250 [00:18<04:52,  4.02it/s]
[1Aphase1 epoch 1:   6%|▌         | 76/1250 [00:19<04:53,  4.01it/s]
[1Aphase1 epoch 1:   6%|▌         | 77/1250 [00:19<04:53,  3.99it/s]
[1Aphase1 epoch 1:   6%|▌         | 78/1250 [00:19<04:57,  3.94it/s]
[1Aphase1 epoch 1:   6%|▋         | 79/1250 [00:19<04:55,  3.96it/s]
[1Aphase1 epoch 1:   6%|▋         | 80/1250 [00:20<05:00,  3.90it/s]
[1Aphase1 epoch 1:   6%|▋         | 81/1250 [00:20<04:58,  3.92it/s]
[1Aphase1 epoch 1:   7%|▋         | 82/1250 [00:20<04:57,  3.92it/s]
[1Aphase1 epoch 1:   7%|▋         | 83/1250 [00:20<05:06,  3.81it/s]
[1Aphase1 epoch 1:   7%|▋         | 84/1250 [00:21<05:01,  3.87it/s]
[1Aphase1 epoch 1:   7%|▋         | 85/1250 [00:21<05:00,  3.88it/s]
[1Aphase1 epoch 1:   7%|▋         | 86/1250 [00:21<04:57,  3.91it/s]
[1Aphase1 epoch 1:   7%|▋         | 87/1250 [00:21<04:56,  3.92it/s]
[1Aphase1 epoch 1:   7%|▋         | 88/1250 [00:22<04:51,  3.99it/s]
[1Aphase1 epoch 1:   7%|▋         | 89/1250 [00:22<04:51,  3.98it/s]
[1Aphase1 epoch 1:   7%|▋         | 90/1250 [00:22<04:47,  4.04it/s]
[1Aphase1 epoch 1:   7%|▋         | 91/1250 [00:22<04:49,  4.01it/s]
[1Aphase1 epoch 1:   7%|▋         | 92/1250 [00:23<04:44,  4.07it/s]
[1Aphase1 epoch 1:   7%|▋         | 93/1250 [00:23<04:45,  4.05it/s]
[1Aphase1 epoch 1:   8%|▊         | 94/1250 [00:23<04:51,  3.96it/s]
[1Aphase1 epoch 1:   8%|▊         | 95/1250 [00:23<04:51,  3.96it/s]
[1Aphase1 epoch 1:   8%|▊         | 96/1250 [00:24<04:56,  3.89it/s]
[1Aphase1 epoch 1:   8%|▊         | 97/1250 [00:24<04:58,  3.86it/s]
[1Aphase1 epoch 1:   8%|▊         | 98/1250 [00:24<04:51,  3.95it/s]
[1Aphase1 epoch 1:   8%|▊         | 99/1250 [00:24<04:55,  3.90it/s]
[1Aphase1 epoch 1:   8%|▊         | 100/1250 [00:25<04:59,  3.84it/s]
[1Aphase1 epoch 1:   8%|▊         | 101/1250 [00:25<04:52,  3.93it/s]
[1Aphase1 epoch 1:   8%|▊         | 102/1250 [00:25<04:56,  3.87it/s]
[1Aphase1 epoch 1:   8%|▊         | 103/1250 [00:25<05:02,  3.79it/s]
[1Aphase1 epoch 1:   8%|▊         | 104/1250 [00:26<04:54,  3.89it/s]
[1Aphase1 epoch 1:   8%|▊         | 105/1250 [00:26<04:55,  3.87it/s]
[1Aphase1 epoch 1:   8%|▊         | 106/1250 [00:26<04:52,  3.91it/s]
[1Aphase1 epoch 1:   9%|▊         | 107/1250 [00:26<04:52,  3.91it/s]
[1Aphase1 epoch 1:   9%|▊         | 108/1250 [00:27<04:46,  3.99it/s]
[1Aphase1 epoch 1:   9%|▊         | 109/1250 [00:27<04:47,  3.97it/s]
[1Aphase1 epoch 1:   9%|▉         | 110/1250 [00:27<04:47,  3.97it/s]
[1Aphase1 epoch 1:   9%|▉         | 111/1250 [00:27<04:43,  4.02it/s]
[1Aphase1 epoch 1:   9%|▉         | 112/1250 [00:28<04:44,  3.99it/s]
[1Aphase1 epoch 1:   9%|▉         | 113/1250 [00:28<04:49,  3.92it/s]
[1Aphase1 epoch 1:   9%|▉         | 114/1250 [00:28<04:47,  3.95it/s]
[1Aphase1 epoch 1:   9%|▉         | 115/1250 [00:28<04:52,  3.89it/s]
[1Aphase1 epoch 1:   9%|▉         | 116/1250 [00:29<04:45,  3.97it/s]
[1Aphase1 epoch 1:   9%|▉         | 117/1250 [00:29<04:45,  3.96it/s]
[1Aphase1 epoch 1:   9%|▉         | 118/1250 [00:29<04:40,  4.03it/s]
[1Aphase1 epoch 1:  10%|▉         | 119/1250 [00:29<04:42,  4.00it/s]
[1Aphase1 epoch 1:  10%|▉         | 120/1250 [00:30<04:43,  3.98it/s]
[1Aphase1 epoch 1:  10%|▉         | 121/1250 [00:30<04:44,  3.96it/s]
[1Aphase1 epoch 1:  10%|▉         | 122/1250 [00:30<04:48,  3.91it/s]
[1Aphase1 epoch 1:  10%|▉         | 123/1250 [00:31<04:52,  3.86it/s]
[1Aphase1 epoch 1:  10%|▉         | 124/1250 [00:31<04:49,  3.90it/s]
[1Aphase1 epoch 1:  10%|█         | 125/1250 [00:31<04:48,  3.90it/s]
[1Aphase1 epoch 1:  10%|█         | 126/1250 [00:31<04:50,  3.87it/s]
[1Aphase1 epoch 1:  10%|█         | 127/1250 [00:32<04:42,  3.97it/s]
[1Aphase1 epoch 1:  10%|█         | 128/1250 [00:32<04:38,  4.03it/s]
[1Aphase1 epoch 1:  10%|█         | 129/1250 [00:32<04:37,  4.04it/s]
[1Aphase1 epoch 1:  10%|█         | 130/1250 [00:32<04:38,  4.02it/s]
[1Aphase1 epoch 1:  10%|█         | 131/1250 [00:33<04:44,  3.93it/s]
[1Aphase1 epoch 1:  11%|█         | 132/1250 [00:33<04:48,  3.87it/s]
[1Aphase1 epoch 1:  11%|█         | 133/1250 [00:33<04:41,  3.96it/s]
[1Aphase1 epoch 1:  11%|█         | 134/1250 [00:33<04:37,  4.02it/s]
[1Aphase1 epoch 1:  11%|█         | 135/1250 [00:34<04:37,  4.02it/s]
[1Aphase1 epoch 1:  11%|█         | 136/1250 [00:34<04:38,  4.00it/s]
[1Aphase1 epoch 1:  11%|█         | 137/1250 [00:34<04:40,  3.97it/s]
[1Aphase1 epoch 1:  11%|█         | 138/1250 [00:34<04:41,  3.95it/s]
[1Aphase1 epoch 1:  11%|█         | 139/1250 [00:35<04:41,  3.95it/s]
[1Aphase1 epoch 1:  11%|█         | 140/1250 [00:35<04:40,  3.96it/s]
[1Aphase1 epoch 1:  11%|█▏        | 141/1250 [00:35<04:44,  3.90it/s]
[1Aphase1 epoch 1:  11%|█▏        | 142/1250 [00:35<04:41,  3.94it/s]
[1Aphase1 epoch 1:  11%|█▏        | 143/1250 [00:36<04:41,  3.94it/s]
[1Aphase1 epoch 1:  12%|█▏        | 144/1250 [00:36<04:44,  3.89it/s]
[1Aphase1 epoch 1:  12%|█▏        | 145/1250 [00:36<04:36,  3.99it/s]
[1Aphase1 epoch 1:  12%|█▏        | 146/1250 [00:36<04:37,  3.98it/s]
[1Aphase1 epoch 1:  12%|█▏        | 147/1250 [00:37<04:33,  4.03it/s]
[1Aphase1 epoch 1:  12%|█▏        | 148/1250 [00:37<04:34,  4.01it/s]
[1Aphase1 epoch 1:  12%|█▏        | 149/1250 [00:37<04:29,  4.08it/s]
[1Aphase1 epoch 1:  12%|█▏        | 150/1250 [00:37<04:27,  4.11it/s]
[1Aphase1 epoch 1:  12%|█▏        | 151/1250 [00:38<04:25,  4.13it/s]
[1Aphase1 epoch 1:  12%|█▏        | 152/1250 [00:38<04:29,  4.08it/s]
[1Aphase1 epoch 1:  12%|█▏        | 153/1250 [00:38<04:31,  4.04it/s]
[1Aphase1 epoch 1:  12%|█▏        | 154/1250 [00:38<04:28,  4.08it/s]
[1Aphase1 epoch 1:  12%|█▏        | 155/1250 [00:39<04:34,  3.98it/s]
[1Aphase1 epoch 1:  12%|█▏        | 156/1250 [00:39<04:35,  3.97it/s]
[1Aphase1 epoch 1:  13%|█▎        | 157/1250 [00:39<04:35,  3.97it/s]
[1Aphase1 epoch 1:  13%|█▎        | 158/1250 [00:39<04:39,  3.91it/s]
[1Aphase1 epoch 1:  13%|█▎        | 159/1250 [00:40<04:38,  3.92it/s]
[1Aphase1 epoch 1:  13%|█▎        | 160/1250 [00:40<04:41,  3.87it/s]
[1Aphase1 epoch 1:  13%|█▎        | 161/1250 [00:40<04:32,  3.99it/s]
[1Aphase1 epoch 1:  13%|█▎        | 162/1250 [00:40<04:33,  3.98it/s]
[1Aphase1 epoch 1:  13%|█▎        | 163/1250 [00:41<04:33,  3.97it/s]
[1Aphase1 epoch 1:  13%|█▎        | 164/1250 [00:41<04:26,  4.07it/s]
[1Aphase1 epoch 1:  13%|█▎        | 165/1250 [00:41<04:24,  4.11it/s]
[1Aphase1 epoch 1:  13%|█▎        | 166/1250 [00:41<04:26,  4.06it/s]
[1Aphase1 epoch 1:  13%|█▎        | 167/1250 [00:42<04:33,  3.97it/s]
[1Aphase1 epoch 1:  13%|█▎        | 168/1250 [00:42<04:28,  4.02it/s]
[1Aphase1 epoch 1:  14%|█▎        | 169/1250 [00:42<04:29,  4.01it/s]
[1Aphase1 epoch 1:  14%|█▎        | 170/1250 [00:42<04:30,  4.00it/s]
[1Aphase1 epoch 1:  14%|█▎        | 171/1250 [00:43<04:34,  3.93it/s]
[1Aphase1 epoch 1:  14%|█▍        | 172/1250 [00:43<04:38,  3.88it/s]
[1Aphase1 epoch 1:  14%|█▍        | 173/1250 [00:43<04:35,  3.91it/s]
[1Aphase1 epoch 1:  14%|█▍        | 174/1250 [00:43<04:34,  3.92it/s]
[1Aphase1 epoch 1:  14%|█▍        | 175/1250 [00:44<04:28,  4.00it/s]
[1Aphase1 epoch 1:  14%|█▍        | 176/1250 [00:44<04:36,  3.88it/s]
[1Aphase1 epoch 1:  14%|█▍        | 177/1250 [00:44<04:34,  3.91it/s]
[1Aphase1 epoch 1:  14%|█▍        | 178/1250 [00:44<04:41,  3.81it/s]
[1Aphase1 epoch 1:  14%|█▍        | 179/1250 [00:45<04:41,  3.80it/s]
[1Aphase1 epoch 1:  14%|█▍        | 180/1250 [00:45<04:38,  3.85it/s]
[1Aphase1 epoch 1:  14%|█▍        | 181/1250 [00:45<04:35,  3.88it/s]
[1Aphase1 epoch 1:  15%|█▍        | 182/1250 [00:45<04:32,  3.92it/s]
[1Aphase1 epoch 1:  15%|█▍        | 183/1250 [00:46<04:32,  3.92it/s]
[1Aphase1 epoch 1:  15%|█▍        | 184/1250 [00:46<04:30,  3.95it/s]
[1Aphase1 epoch 1:  15%|█▍        | 185/1250 [00:46<04:29,  3.95it/s]
[1Aphase1 epoch 1:  15%|█▍        | 186/1250 [00:46<04:32,  3.90it/s]
[1Aphase1 epoch 1:  15%|█▍        | 187/1250 [00:47<04:27,  3.98it/s]
[1Aphase1 epoch 1:  15%|█▌        | 188/1250 [00:47<04:28,  3.96it/s]
[1Aphase1 epoch 1:  15%|█▌        | 189/1250 [00:47<04:31,  3.90it/s]
[1Aphase1 epoch 1:  15%|█▌        | 190/1250 [00:47<04:30,  3.92it/s]
[1Aphase1 epoch 1:  15%|█▌        | 191/1250 [00:48<04:28,  3.94it/s]
[1Aphase1 epoch 1:  15%|█▌        | 192/1250 [00:48<04:24,  4.01it/s]
[1Aphase1 epoch 1:  15%|█▌        | 193/1250 [00:48<04:24,  4.00it/s]
[1Aphase1 epoch 1:  16%|█▌        | 194/1250 [00:48<04:29,  3.92it/s]
[1Aphase1 epoch 1:  16%|█▌        | 195/1250 [00:49<04:23,  4.00it/s]
[1Aphase1 epoch 1:  16%|█▌        | 196/1250 [00:49<04:20,  4.05it/s]
[1Aphase1 epoch 1:  16%|█▌        | 197/1250 [00:49<04:17,  4.08it/s]
[1Aphase1 epoch 1:  16%|█▌        | 198/1250 [00:49<04:24,  3.98it/s]
[1Aphase1 epoch 1:  16%|█▌        | 199/1250 [00:50<04:20,  4.03it/s]
[1Aphase1 epoch 1:  16%|█▌        | 200/1250 [00:50<04:20,  4.03it/s]
[1Aphase1 epoch 1:  16%|█▌        | 201/1250 [00:50<04:20,  4.03it/s]
[1Aphase1 epoch 1:  16%|█▌        | 202/1250 [00:50<04:21,  4.01it/s]
[1Aphase1 epoch 1:  16%|█▌        | 203/1250 [00:51<04:21,  4.00it/s]
[1Aphase1 epoch 1:  16%|█▋        | 204/1250 [00:51<04:22,  3.99it/s]
[1Aphase1 epoch 1:  16%|█▋        | 205/1250 [00:51<04:22,  3.98it/s]
[1Aphase1 epoch 1:  16%|█▋        | 206/1250 [00:51<04:18,  4.04it/s]
[1Aphase1 epoch 1:  17%|█▋        | 207/1250 [00:52<04:15,  4.09it/s]
[1Aphase1 epoch 1:  17%|█▋        | 208/1250 [00:52<04:12,  4.12it/s]
[1Aphase1 epoch 1:  17%|█▋        | 209/1250 [00:52<04:15,  4.07it/s]
[1Aphase1 epoch 1:  17%|█▋        | 210/1250 [00:52<04:18,  4.03it/s]
[1Aphase1 epoch 1:  17%|█▋        | 211/1250 [00:53<04:18,  4.01it/s]
[1Aphase1 epoch 1:  17%|█▋        | 212/1250 [00:53<04:13,  4.09it/s]
[1Aphase1 epoch 1:  17%|█▋        | 213/1250 [00:53<04:16,  4.04it/s]
[1Aphase1 epoch 1:  17%|█▋        | 214/1250 [00:53<04:17,  4.02it/s]
[1Aphase1 epoch 1:  17%|█▋        | 215/1250 [00:54<04:21,  3.96it/s]
[1Aphase1 epoch 1:  17%|█▋        | 216/1250 [00:54<04:25,  3.90it/s]
[1Aphase1 epoch 1:  17%|█▋        | 217/1250 [00:54<04:23,  3.91it/s]
[1Aphase1 epoch 1:  17%|█▋        | 218/1250 [00:54<04:26,  3.87it/s]
[1Aphase1 epoch 1:  18%|█▊        | 219/1250 [00:55<04:24,  3.89it/s]
[1Aphase1 epoch 1:  18%|█▊        | 220/1250 [00:55<04:23,  3.91it/s]
[1Aphase1 epoch 1:  18%|█▊        | 221/1250 [00:55<04:23,  3.91it/s]
[1Aphase1 epoch 1:  18%|█▊        | 222/1250 [00:55<04:21,  3.93it/s]
[1Aphase1 epoch 1:  18%|█▊        | 223/1250 [00:56<04:17,  3.99it/s]
[1Aphase1 epoch 1:  18%|█▊        | 224/1250 [00:56<04:18,  3.98it/s]
[1Aphase1 epoch 1:  18%|█▊        | 225/1250 [00:56<04:17,  3.98it/s]
[1Aphase1 epoch 1:  18%|█▊        | 226/1250 [00:56<04:17,  3.98it/s]
[1Aphase1 epoch 1:  18%|█▊        | 227/1250 [00:57<04:14,  4.01it/s]
[1Aphase1 epoch 1:  18%|█▊        | 228/1250 [00:57<04:18,  3.95it/s]
[1Aphase1 epoch 1:  18%|█▊        | 229/1250 [00:57<04:13,  4.02it/s]
[1Aphase1 epoch 1:  18%|█▊        | 230/1250 [00:57<04:17,  3.97it/s]
[1Aphase1 epoch 1:  18%|█▊        | 231/1250 [00:58<04:13,  4.02it/s]
[1Aphase1 epoch 1:  19%|█▊        | 232/1250 [00:58<04:10,  4.07it/s]
[1Aphase1 epoch 1:  19%|█▊        | 233/1250 [00:58<04:16,  3.97it/s]
[1Aphase1 epoch 1:  19%|█▊        | 234/1250 [00:58<04:11,  4.03it/s]
[1Aphase1 epoch 1:  19%|█▉        | 235/1250 [00:59<04:08,  4.09it/s]
[1Aphase1 epoch 1:  19%|█▉        | 236/1250 [00:59<04:11,  4.04it/s]
[1Aphase1 epoch 1:  19%|█▉        | 237/1250 [00:59<04:08,  4.08it/s]
[1Aphase1 epoch 1:  19%|█▉        | 238/1250 [00:59<04:14,  3.97it/s]
[1Aphase1 epoch 1:  19%|█▉        | 239/1250 [01:00<04:14,  3.98it/s]
[1Aphase1 epoch 1:  19%|█▉        | 240/1250 [01:00<04:10,  4.03it/s]
[1Aphase1 epoch 1:  19%|█▉        | 241/1250 [01:00<04:11,  4.01it/s]
[1Aphase1 epoch 1:  19%|█▉        | 242/1250 [01:00<04:07,  4.07it/s]
[1Aphase1 epoch 1:  19%|█▉        | 243/1250 [01:01<04:12,  3.99it/s]
[1Aphase1 epoch 1:  20%|█▉        | 244/1250 [01:01<04:13,  3.97it/s]
[1Aphase1 epoch 1:  20%|█▉        | 245/1250 [01:01<04:15,  3.93it/s]
[1Aphase1 epoch 1:  20%|█▉        | 246/1250 [01:01<04:14,  3.94it/s]
[1Aphase1 epoch 1:  20%|█▉        | 247/1250 [01:02<04:11,  3.99it/s]
[1Aphase1 epoch 1:  20%|█▉        | 248/1250 [01:02<04:12,  3.97it/s]
[1Aphase1 epoch 1:  20%|█▉        | 249/1250 [01:02<04:12,  3.97it/s]
[1Aphase1 epoch 1:  20%|██        | 250/1250 [01:02<04:08,  4.03it/s]
[1Aphase1 epoch 1:  20%|██        | 251/1250 [01:03<04:09,  4.01it/s]
[1Aphase1 epoch 1:  20%|██        | 252/1250 [01:03<04:10,  3.98it/s]
[1Aphase1 epoch 1:  20%|██        | 253/1250 [01:03<04:07,  4.03it/s]
[1Aphase1 epoch 1:  20%|██        | 254/1250 [01:03<04:08,  4.01it/s]
[1Aphase1 epoch 1:  20%|██        | 255/1250 [01:04<04:16,  3.87it/s]
[1Aphase1 epoch 1:  20%|██        | 256/1250 [01:04<04:15,  3.89it/s]
[1Aphase1 epoch 1:  21%|██        | 257/1250 [01:04<04:14,  3.90it/s]
[1Aphase1 epoch 1:  21%|██        | 258/1250 [01:04<04:14,  3.90it/s]
[1Aphase1 epoch 1:  21%|██        | 259/1250 [01:05<04:16,  3.87it/s]
[1Aphase1 epoch 1:  21%|██        | 260/1250 [01:05<04:14,  3.90it/s]
[1Aphase1 epoch 1:  21%|██        | 261/1250 [01:05<04:12,  3.91it/s]
[1Aphase1 epoch 1:  21%|██        | 262/1250 [01:05<04:07,  3.99it/s]
[1Aphase1 epoch 1:  21%|██        | 263/1250 [01:06<04:03,  4.05it/s]
[1Aphase1 epoch 1:  21%|██        | 264/1250 [01:06<04:01,  4.08it/s]
[1Aphase1 epoch 1:  21%|██        | 265/1250 [01:06<04:00,  4.10it/s]
[1Aphase1 epoch 1:  21%|██▏       | 266/1250 [01:06<04:06,  4.00it/s]
[1Aphase1 epoch 1:  21%|██▏       | 267/1250 [01:07<04:01,  4.06it/s]
[1Aphase1 epoch 1:  21%|██▏       | 268/1250 [01:07<04:03,  4.04it/s]
[1Aphase1 epoch 1:  22%|██▏       | 269/1250 [01:07<04:07,  3.96it/s]
[1Aphase1 epoch 1:  22%|██▏       | 270/1250 [01:07<04:07,  3.95it/s]
[1Aphase1 epoch 1:  22%|██▏       | 271/1250 [01:08<04:10,  3.90it/s]
[1Aphase1 epoch 1:  22%|██▏       | 272/1250 [01:08<04:05,  3.98it/s]
[1Aphase1 epoch 1:  22%|██▏       | 273/1250 [01:08<04:01,  4.04it/s]
[1Aphase1 epoch 1:  22%|██▏       | 274/1250 [01:08<03:59,  4.07it/s]
[1Aphase1 epoch 1:  22%|██▏       | 275/1250 [01:09<04:01,  4.03it/s]
[1Aphase1 epoch 1:  22%|██▏       | 276/1250 [01:09<03:58,  4.08it/s]
[1Aphase1 epoch 1:  22%|██▏       | 277/1250 [01:09<03:59,  4.06it/s]
[1Aphase1 epoch 1:  22%|██▏       | 278/1250 [01:09<04:03,  3.98it/s]
[1Aphase1 epoch 1:  22%|██▏       | 279/1250 [01:10<04:05,  3.96it/s]
[1Aphase1 epoch 1:  22%|██▏       | 280/1250 [01:10<04:00,  4.03it/s]
[1Aphase1 epoch 1:  22%|██▏       | 281/1250 [01:10<04:06,  3.94it/s]
[1Aphase1 epoch 1:  23%|██▎       | 282/1250 [01:10<04:08,  3.90it/s]
[1Aphase1 epoch 1:  23%|██▎       | 283/1250 [01:11<04:07,  3.91it/s]
[1Aphase1 epoch 1:  23%|██▎       | 284/1250 [01:11<04:05,  3.94it/s]
[1Aphase1 epoch 1:  23%|██▎       | 285/1250 [01:11<04:01,  4.00it/s]
[1Aphase1 epoch 1:  23%|██▎       | 286/1250 [01:11<04:01,  3.99it/s]
[1Aphase1 epoch 1:  23%|██▎       | 287/1250 [01:12<03:58,  4.04it/s]
[1Aphase1 epoch 1:  23%|██▎       | 288/1250 [01:12<03:55,  4.09it/s]
[1Aphase1 epoch 1:  23%|██▎       | 289/1250 [01:12<03:53,  4.12it/s]
[1Aphase1 epoch 1:  23%|██▎       | 290/1250 [01:12<03:58,  4.02it/s]
[1Aphase1 epoch 1:  23%|██▎       | 291/1250 [01:13<04:00,  3.99it/s]
[1Aphase1 epoch 1:  23%|██▎       | 292/1250 [01:13<03:57,  4.03it/s]
[1Aphase1 epoch 1:  23%|██▎       | 293/1250 [01:13<03:57,  4.02it/s]
[1Aphase1 epoch 1:  24%|██▎       | 294/1250 [01:13<03:54,  4.07it/s]
[1Aphase1 epoch 1:  24%|██▎       | 295/1250 [01:14<03:52,  4.11it/s]
[1Aphase1 epoch 1:  24%|██▎       | 296/1250 [01:14<03:58,  4.00it/s]
[1Aphase1 epoch 1:  24%|██▍       | 297/1250 [01:14<03:58,  3.99it/s]
[1Aphase1 epoch 1:  24%|██▍       | 298/1250 [01:14<03:59,  3.98it/s]
[1Aphase1 epoch 1:  24%|██▍       | 299/1250 [01:15<03:56,  4.02it/s]
[1Aphase1 epoch 1:  24%|██▍       | 300/1250 [01:15<04:03,  3.90it/s]
[1Aphase1 epoch 1:  24%|██▍       | 301/1250 [01:15<03:57,  3.99it/s]
[1Aphase1 epoch 1:  24%|██▍       | 302/1250 [01:15<03:58,  3.97it/s]
[1Aphase1 epoch 1:  24%|██▍       | 303/1250 [01:16<03:55,  4.02it/s]
[1Aphase1 epoch 1:  24%|██▍       | 304/1250 [01:16<03:52,  4.07it/s]
[1Aphase1 epoch 1:  24%|██▍       | 305/1250 [01:16<03:53,  4.05it/s]
[1Aphase1 epoch 1:  24%|██▍       | 306/1250 [01:16<03:54,  4.02it/s]
[1Aphase1 epoch 1:  25%|██▍       | 307/1250 [01:17<03:56,  3.99it/s]
[1Aphase1 epoch 1:  25%|██▍       | 308/1250 [01:17<03:59,  3.94it/s]
[1Aphase1 epoch 1:  25%|██▍       | 309/1250 [01:17<03:58,  3.95it/s]
[1Aphase1 epoch 1:  25%|██▍       | 310/1250 [01:17<03:57,  3.96it/s]
[1Aphase1 epoch 1:  25%|██▍       | 311/1250 [01:18<03:56,  3.97it/s]
[1Aphase1 epoch 1:  25%|██▍       | 312/1250 [01:18<03:55,  3.98it/s]
[1Aphase1 epoch 1:  25%|██▌       | 313/1250 [01:18<03:51,  4.04it/s]
[1Aphase1 epoch 1:  25%|██▌       | 314/1250 [01:18<03:48,  4.10it/s]
[1Aphase1 epoch 1:  25%|██▌       | 315/1250 [01:19<03:50,  4.05it/s]
[1Aphase1 epoch 1:  25%|██▌       | 316/1250 [01:19<03:52,  4.02it/s]
[1Aphase1 epoch 1:  25%|██▌       | 317/1250 [01:19<03:53,  3.99it/s]
[1Aphase1 epoch 1:  25%|██▌       | 318/1250 [01:19<03:54,  3.98it/s]
[1Aphase1 epoch 1:  26%|██▌       | 319/1250 [01:20<03:55,  3.96it/s]
[1Aphase1 epoch 1:  26%|██▌       | 320/1250 [01:20<03:54,  3.96it/s]
[1Aphase1 epoch 1:  26%|██▌       | 321/1250 [01:20<03:53,  3.97it/s]
[1Aphase1 epoch 1:  26%|██▌       | 322/1250 [01:20<03:54,  3.96it/s]
[1Aphase1 epoch 1:  26%|██▌       | 323/1250 [01:21<03:54,  3.96it/s]
[1Aphase1 epoch 1:  26%|██▌       | 324/1250 [01:21<03:56,  3.91it/s]
[1Aphase1 epoch 1:  26%|██▌       | 325/1250 [01:21<03:58,  3.87it/s]
[1Aphase1 epoch 1:  26%|██▌       | 326/1250 [01:21<03:53,  3.96it/s]
[1Aphase1 epoch 1:  26%|██▌       | 327/1250 [01:22<03:48,  4.04it/s]
[1Aphase1 epoch 1:  26%|██▌       | 328/1250 [01:22<03:46,  4.08it/s]
[1Aphase1 epoch 1:  26%|██▋       | 329/1250 [01:22<03:47,  4.05it/s]
[1Aphase1 epoch 1:  26%|██▋       | 330/1250 [01:22<03:45,  4.08it/s]
[1Aphase1 epoch 1:  26%|██▋       | 331/1250 [01:23<03:50,  3.98it/s]
[1Aphase1 epoch 1:  27%|██▋       | 332/1250 [01:23<03:48,  4.03it/s]
[1Aphase1 epoch 1:  27%|██▋       | 333/1250 [01:23<03:48,  4.02it/s]
[1Aphase1 epoch 1:  27%|██▋       | 334/1250 [01:23<03:45,  4.06it/s]
[1Aphase1 epoch 1:  27%|██▋       | 335/1250 [01:24<03:47,  4.03it/s]
[1Aphase1 epoch 1:  27%|██▋       | 336/1250 [01:24<03:48,  4.00it/s]
[1Aphase1 epoch 1:  27%|██▋       | 337/1250 [01:24<03:52,  3.93it/s]
[1Aphase1 epoch 1:  27%|██▋       | 338/1250 [01:24<03:51,  3.93it/s]
[1Aphase1 epoch 1:  27%|██▋       | 339/1250 [01:25<03:51,  3.93it/s]
[1Aphase1 epoch 1:  27%|██▋       | 340/1250 [01:25<03:52,  3.92it/s]
[1Aphase1 epoch 1:  27%|██▋       | 341/1250 [01:25<03:46,  4.01it/s]
[1Aphase1 epoch 1:  27%|██▋       | 342/1250 [01:25<03:42,  4.08it/s]
[1Aphase1 epoch 1:  27%|██▋       | 343/1250 [01:26<03:44,  4.04it/s]
[1Aphase1 epoch 1:  28%|██▊       | 344/1250 [01:26<03:45,  4.01it/s]
[1Aphase1 epoch 1:  28%|██▊       | 345/1250 [01:26<03:45,  4.01it/s]
[1Aphase1 epoch 1:  28%|██▊       | 346/1250 [01:26<03:42,  4.06it/s]
[1Aphase1 epoch 1:  28%|██▊       | 347/1250 [01:27<03:40,  4.10it/s]
[1Aphase1 epoch 1:  28%|██▊       | 348/1250 [01:27<03:43,  4.04it/s]
[1Aphase1 epoch 1:  28%|██▊       | 349/1250 [01:27<03:44,  4.01it/s]
[1Aphase1 epoch 1:  28%|██▊       | 350/1250 [01:27<03:45,  4.00it/s]
[1Aphase1 epoch 1:  28%|██▊       | 351/1250 [01:28<03:42,  4.04it/s]
[1Aphase1 epoch 1:  28%|██▊       | 352/1250 [01:28<03:40,  4.07it/s]
[1Aphase1 epoch 1:  28%|██▊       | 353/1250 [01:28<03:38,  4.11it/s]
[1Aphase1 epoch 1:  28%|██▊       | 354/1250 [01:28<03:39,  4.07it/s]
[1Aphase1 epoch 1:  28%|██▊       | 355/1250 [01:29<03:38,  4.10it/s]
[1Aphase1 epoch 1:  28%|██▊       | 356/1250 [01:29<03:36,  4.12it/s]
[1Aphase1 epoch 1:  29%|██▊       | 357/1250 [01:29<03:42,  4.02it/s]
[1Aphase1 epoch 1:  29%|██▊       | 358/1250 [01:29<03:39,  4.06it/s]
[1Aphase1 epoch 1:  29%|██▊       | 359/1250 [01:30<03:42,  4.01it/s]
[1Aphase1 epoch 1:  29%|██▉       | 360/1250 [01:30<03:39,  4.06it/s]
[1Aphase1 epoch 1:  29%|██▉       | 361/1250 [01:30<03:43,  3.98it/s]
[1Aphase1 epoch 1:  29%|██▉       | 362/1250 [01:30<03:43,  3.97it/s]
[1Aphase1 epoch 1:  29%|██▉       | 363/1250 [01:31<03:46,  3.92it/s]
[1Aphase1 epoch 1:  29%|██▉       | 364/1250 [01:31<03:44,  3.94it/s]
[1Aphase1 epoch 1:  29%|██▉       | 365/1250 [01:31<03:47,  3.88it/s]
[1Aphase1 epoch 1:  29%|██▉       | 366/1250 [01:31<03:46,  3.90it/s]
[1Aphase1 epoch 1:  29%|██▉       | 367/1250 [01:32<03:42,  3.97it/s]
[1Aphase1 epoch 1:  29%|██▉       | 368/1250 [01:32<03:42,  3.97it/s]
[1Aphase1 epoch 1:  30%|██▉       | 369/1250 [01:32<03:38,  4.03it/s]
[1Aphase1 epoch 1:  30%|██▉       | 370/1250 [01:32<03:36,  4.07it/s]
[1Aphase1 epoch 1:  30%|██▉       | 371/1250 [01:33<03:37,  4.05it/s]
[1Aphase1 epoch 1:  30%|██▉       | 372/1250 [01:33<03:37,  4.04it/s]
[1Aphase1 epoch 1:  30%|██▉       | 373/1250 [01:33<03:38,  4.02it/s]
[1Aphase1 epoch 1:  30%|██▉       | 374/1250 [01:33<03:38,  4.01it/s]
[1Aphase1 epoch 1:  30%|███       | 375/1250 [01:34<03:39,  3.99it/s]
[1Aphase1 epoch 1:  30%|███       | 376/1250 [01:34<03:38,  4.00it/s]
[1Aphase1 epoch 1:  30%|███       | 377/1250 [01:34<03:44,  3.89it/s]
[1Aphase1 epoch 1:  30%|███       | 378/1250 [01:34<03:40,  3.96it/s]
[1Aphase1 epoch 1:  30%|███       | 379/1250 [01:35<03:42,  3.91it/s]
[1Aphase1 epoch 1:  30%|███       | 380/1250 [01:35<03:42,  3.91it/s]
[1Aphase1 epoch 1:  30%|███       | 381/1250 [01:35<03:44,  3.87it/s]
[1Aphase1 epoch 1:  31%|███       | 382/1250 [01:35<03:45,  3.84it/s]
[1Aphase1 epoch 1:  31%|███       | 383/1250 [01:36<03:43,  3.88it/s]
[1Aphase1 epoch 1:  31%|███       | 384/1250 [01:36<03:38,  3.96it/s]
[1Aphase1 epoch 1:  31%|███       | 385/1250 [01:36<03:34,  4.03it/s]
[1Aphase1 epoch 1:  31%|███       | 386/1250 [01:36<03:31,  4.09it/s]
[1Aphase1 epoch 1:  31%|███       | 387/1250 [01:37<03:32,  4.06it/s]
[1Aphase1 epoch 1:  31%|███       | 388/1250 [01:37<03:33,  4.04it/s]
[1Aphase1 epoch 1:  31%|███       | 389/1250 [01:37<03:33,  4.03it/s]
[1Aphase1 epoch 1:  31%|███       | 390/1250 [01:37<03:31,  4.07it/s]
[1Aphase1 epoch 1:  31%|███▏      | 391/1250 [01:38<03:33,  4.03it/s]
[1Aphase1 epoch 1:  31%|███▏      | 392/1250 [01:38<03:32,  4.03it/s]
[1Aphase1 epoch 1:  31%|███▏      | 393/1250 [01:38<03:34,  4.00it/s]
[1Aphase1 epoch 1:  32%|███▏      | 394/1250 [01:38<03:34,  3.98it/s]
[1Aphase1 epoch 1:  32%|███▏      | 395/1250 [01:39<03:39,  3.90it/s]
[1Aphase1 epoch 1:  32%|███▏      | 396/1250 [01:39<03:38,  3.91it/s]
[1Aphase1 epoch 1:  32%|███▏      | 397/1250 [01:39<03:33,  3.99it/s]
[1Aphase1 epoch 1:  32%|███▏      | 398/1250 [01:39<03:33,  3.99it/s]
[1Aphase1 epoch 1:  32%|███▏      | 399/1250 [01:40<03:30,  4.04it/s]
[1Aphase1 epoch 1:  32%|███▏      | 400/1250 [01:40<03:30,  4.04it/s]
[1Aphase1 epoch 1:  32%|███▏      | 401/1250 [01:40<03:35,  3.94it/s]
[1Aphase1 epoch 1:  32%|███▏      | 402/1250 [01:40<03:37,  3.90it/s]
[1Aphase1 epoch 1:  32%|███▏      | 403/1250 [01:41<03:33,  3.96it/s]
[1Aphase1 epoch 1:  32%|███▏      | 404/1250 [01:41<03:33,  3.96it/s]
[1Aphase1 epoch 1:  32%|███▏      | 405/1250 [01:41<03:30,  4.01it/s]
[1Aphase1 epoch 1:  32%|███▏      | 406/1250 [01:41<03:34,  3.93it/s]
[1Aphase1 epoch 1:  33%|███▎      | 407/1250 [01:42<03:30,  4.01it/s]
[1Aphase1 epoch 1:  33%|███▎      | 408/1250 [01:42<03:30,  4.01it/s]
[1Aphase1 epoch 1:  33%|███▎      | 409/1250 [01:42<03:27,  4.06it/s]
[1Aphase1 epoch 1:  33%|███▎      | 410/1250 [01:42<03:28,  4.03it/s]
[1Aphase1 epoch 1:  33%|███▎      | 411/1250 [01:43<03:28,  4.01it/s]
[1Aphase1 epoch 1:  33%|███▎      | 412/1250 [01:43<03:26,  4.06it/s]
[1Aphase1 epoch 1:  33%|███▎      | 413/1250 [01:43<03:25,  4.08it/s]
[1Aphase1 epoch 1:  33%|███▎      | 414/1250 [01:43<03:23,  4.10it/s]
[1Aphase1 epoch 1:  33%|███▎      | 415/1250 [01:44<03:22,  4.13it/s]
[1Aphase1 epoch 1:  33%|███▎      | 416/1250 [01:44<03:26,  4.03it/s]
[1Aphase1 epoch 1:  33%|███▎      | 417/1250 [01:44<03:28,  4.00it/s]
[1Aphase1 epoch 1:  33%|███▎      | 418/1250 [01:44<03:28,  3.99it/s]
[1Aphase1 epoch 1:  34%|███▎      | 419/1250 [01:45<03:28,  3.98it/s]
[1Aphase1 epoch 1:  34%|███▎      | 420/1250 [01:45<03:28,  3.98it/s]
[1Aphase1 epoch 1:  34%|███▎      | 421/1250 [01:45<03:32,  3.91it/s]
[1Aphase1 epoch 1:  34%|███▍      | 422/1250 [01:45<03:31,  3.92it/s]
[1Aphase1 epoch 1:  34%|███▍      | 423/1250 [01:46<03:29,  3.95it/s]
[1Aphase1 epoch 1:  34%|███▍      | 424/1250 [01:46<03:31,  3.90it/s]
[1Aphase1 epoch 1:  34%|███▍      | 425/1250 [01:46<03:28,  3.96it/s]
[1Aphase1 epoch 1:  34%|███▍      | 426/1250 [01:46<03:27,  3.97it/s]
[1Aphase1 epoch 1:  34%|███▍      | 427/1250 [01:47<03:27,  3.96it/s]
[1Aphase1 epoch 1:  34%|███▍      | 428/1250 [01:47<03:27,  3.97it/s]
[1Aphase1 epoch 1:  34%|███▍      | 429/1250 [01:47<03:24,  4.01it/s]
[1Aphase1 epoch 1:  34%|███▍      | 430/1250 [01:47<03:24,  4.00it/s]
[1Aphase1 epoch 1:  34%|███▍      | 431/1250 [01:48<03:27,  3.94it/s]
[1Aphase1 epoch 1:  35%|███▍      | 432/1250 [01:48<03:24,  3.99it/s]
[1Aphase1 epoch 1:  35%|███▍      | 433/1250 [01:48<03:24,  4.00it/s]
[1Aphase1 epoch 1:  35%|███▍      | 434/1250 [01:48<03:30,  3.88it/s]
[1Aphase1 epoch 1:  35%|███▍      | 435/1250 [01:49<03:31,  3.85it/s]
[1Aphase1 epoch 1:  35%|███▍      | 436/1250 [01:49<03:29,  3.89it/s]
[1Aphase1 epoch 1:  35%|███▍      | 437/1250 [01:49<03:27,  3.91it/s]
[1Aphase1 epoch 1:  35%|███▌      | 438/1250 [01:49<03:23,  3.99it/s]
[1Aphase1 epoch 1:  35%|███▌      | 439/1250 [01:50<03:20,  4.05it/s]
[1Aphase1 epoch 1:  35%|███▌      | 440/1250 [01:50<03:24,  3.97it/s]
[1Aphase1 epoch 1:  35%|███▌      | 441/1250 [01:50<03:24,  3.96it/s]
[1Aphase1 epoch 1:  35%|███▌      | 442/1250 [01:51<03:23,  3.96it/s]
[1Aphase1 epoch 1:  35%|███▌      | 443/1250 [01:51<03:20,  4.03it/s]
[1Aphase1 epoch 1:  36%|███▌      | 444/1250 [01:51<03:21,  4.01it/s]
[1Aphase1 epoch 1:  36%|███▌      | 445/1250 [01:51<03:18,  4.06it/s]
[1Aphase1 epoch 1:  36%|███▌      | 446/1250 [01:52<03:25,  3.91it/s]
[1Aphase1 epoch 1:  36%|███▌      | 447/1250 [01:52<03:21,  3.99it/s]
[1Aphase1 epoch 1:  36%|███▌      | 448/1250 [01:52<03:17,  4.06it/s]
[1Aphase1 epoch 1:  36%|███▌      | 449/1250 [01:52<03:20,  3.99it/s]
[1Aphase1 epoch 1:  36%|███▌      | 450/1250 [01:53<03:21,  3.98it/s]
[1Aphase1 epoch 1:  36%|███▌      | 451/1250 [01:53<03:21,  3.96it/s]
[1Aphase1 epoch 1:  36%|███▌      | 452/1250 [01:53<03:22,  3.95it/s]
[1Aphase1 epoch 1:  36%|███▌      | 453/1250 [01:53<03:20,  3.97it/s]
[1Aphase1 epoch 1:  36%|███▋      | 454/1250 [01:54<03:17,  4.02it/s]
[1Aphase1 epoch 1:  36%|███▋      | 455/1250 [01:54<03:19,  3.99it/s]
[1Aphase1 epoch 1:  36%|███▋      | 456/1250 [01:54<03:19,  3.97it/s]
[1Aphase1 epoch 1:  37%|███▋      | 457/1250 [01:54<03:25,  3.86it/s]
[1Aphase1 epoch 1:  37%|███▋      | 458/1250 [01:55<03:23,  3.88it/s]
[1Aphase1 epoch 1:  37%|███▋      | 459/1250 [01:55<03:22,  3.91it/s]
[1Aphase1 epoch 1:  37%|███▋      | 460/1250 [01:55<03:21,  3.93it/s]
[1Aphase1 epoch 1:  37%|███▋      | 461/1250 [01:55<03:20,  3.93it/s]
[1Aphase1 epoch 1:  37%|███▋      | 462/1250 [01:56<03:20,  3.94it/s]
[1Aphase1 epoch 1:  37%|███▋      | 463/1250 [01:56<03:16,  4.01it/s]
[1Aphase1 epoch 1:  37%|███▋      | 464/1250 [01:56<03:16,  3.99it/s]
[1Aphase1 epoch 1:  37%|███▋      | 465/1250 [01:56<03:12,  4.09it/s]
[1Aphase1 epoch 1:  37%|███▋      | 466/1250 [01:57<03:13,  4.05it/s]
[1Aphase1 epoch 1:  37%|███▋      | 467/1250 [01:57<03:14,  4.02it/s]
[1Aphase1 epoch 1:  37%|███▋      | 468/1250 [01:57<03:17,  3.96it/s]
[1Aphase1 epoch 1:  38%|███▊      | 469/1250 [01:57<03:20,  3.90it/s]
[1Aphase1 epoch 1:  38%|███▊      | 470/1250 [01:58<03:18,  3.92it/s]
[1Aphase1 epoch 1:  38%|███▊      | 471/1250 [01:58<03:18,  3.93it/s]
[1Aphase1 epoch 1:  38%|███▊      | 472/1250 [01:58<03:14,  4.01it/s]
[1Aphase1 epoch 1:  38%|███▊      | 473/1250 [01:58<03:13,  4.02it/s]
[1Aphase1 epoch 1:  38%|███▊      | 474/1250 [01:59<03:11,  4.06it/s]
[1Aphase1 epoch 1:  38%|███▊      | 475/1250 [01:59<03:12,  4.03it/s]
[1Aphase1 epoch 1:  38%|███▊      | 476/1250 [01:59<03:09,  4.08it/s]
[1Aphase1 epoch 1:  38%|███▊      | 477/1250 [01:59<03:10,  4.06it/s]
[1Aphase1 epoch 1:  38%|███▊      | 478/1250 [02:00<03:08,  4.10it/s]
[1Aphase1 epoch 1:  38%|███▊      | 479/1250 [02:00<03:06,  4.13it/s]
[1Aphase1 epoch 1:  38%|███▊      | 480/1250 [02:00<03:08,  4.09it/s]
[1Aphase1 epoch 1:  38%|███▊      | 481/1250 [02:00<03:09,  4.07it/s]
[1Aphase1 epoch 1:  39%|███▊      | 482/1250 [02:01<03:10,  4.04it/s]
[1Aphase1 epoch 1:  39%|███▊      | 483/1250 [02:01<03:08,  4.07it/s]
[1Aphase1 epoch 1:  39%|███▊      | 484/1250 [02:01<03:06,  4.10it/s]
[1Aphase1 epoch 1:  39%|███▉      | 485/1250 [02:01<03:04,  4.14it/s]
[1Aphase1 epoch 1:  39%|███▉      | 486/1250 [02:01<03:04,  4.13it/s]
[1Aphase1 epoch 1:  39%|███▉      | 487/1250 [02:02<03:09,  4.03it/s]
[1Aphase1 epoch 1:  39%|███▉      | 488/1250 [02:02<03:09,  4.02it/s]
[1Aphase1 epoch 1:  39%|███▉      | 489/1250 [02:02<03:10,  4.01it/s]
[1Aphase1 epoch 1:  39%|███▉      | 490/1250 [02:02<03:09,  4.01it/s]
[1Aphase1 epoch 1:  39%|███▉      | 491/1250 [02:03<03:09,  4.00it/s]
[1Aphase1 epoch 1:  39%|███▉      | 492/1250 [02:03<03:09,  3.99it/s]
[1Aphase1 epoch 1:  39%|███▉      | 493/1250 [02:03<03:07,  4.03it/s]
[1Aphase1 epoch 1:  40%|███▉      | 494/1250 [02:03<03:08,  4.01it/s]
[1Aphase1 epoch 1:  40%|███▉      | 495/1250 [02:04<03:08,  4.00it/s]
[1Aphase1 epoch 1:  40%|███▉      | 496/1250 [02:04<03:11,  3.93it/s]
[1Aphase1 epoch 1:  40%|███▉      | 497/1250 [02:04<03:11,  3.93it/s]
[1Aphase1 epoch 1:  40%|███▉      | 498/1250 [02:04<03:10,  3.95it/s]
[1Aphase1 epoch 1:  40%|███▉      | 499/1250 [02:05<03:10,  3.94it/s]
[1Aphase1 epoch 1:  40%|████      | 500/1250 [02:05<03:09,  3.96it/s]
[1Aphase1 epoch 1:  40%|████      | 501/1250 [02:05<03:08,  3.98it/s]
[1Aphase1 epoch 1:  40%|████      | 502/1250 [02:06<03:12,  3.89it/s]
[1Aphase1 epoch 1:  40%|████      | 503/1250 [02:06<03:10,  3.92it/s]
[1Aphase1 epoch 1:  40%|████      | 504/1250 [02:06<03:09,  3.94it/s]
[1Aphase1 epoch 1:  40%|████      | 505/1250 [02:06<03:06,  4.00it/s]
[1Aphase1 epoch 1:  40%|████      | 506/1250 [02:07<03:09,  3.93it/s]
[1Aphase1 epoch 1:  41%|████      | 507/1250 [02:07<03:10,  3.89it/s]
[1Aphase1 epoch 1:  41%|████      | 508/1250 [02:07<03:09,  3.92it/s]
[1Aphase1 epoch 1:  41%|████      | 509/1250 [02:07<03:09,  3.92it/s]
[1Aphase1 epoch 1:  41%|████      | 510/1250 [02:08<03:10,  3.88it/s]
[1Aphase1 epoch 1:  41%|████      | 511/1250 [02:08<03:08,  3.92it/s]
[1Aphase1 epoch 1:  41%|████      | 512/1250 [02:08<03:07,  3.93it/s]
[1Aphase1 epoch 1:  41%|████      | 513/1250 [02:08<03:06,  3.95it/s]
[1Aphase1 epoch 1:  41%|████      | 514/1250 [02:09<03:07,  3.94it/s]
[1Aphase1 epoch 1:  41%|████      | 515/1250 [02:09<03:05,  3.95it/s]
[1Aphase1 epoch 1:  41%|████▏     | 516/1250 [02:09<03:08,  3.90it/s]
[1Aphase1 epoch 1:  41%|████▏     | 517/1250 [02:09<03:10,  3.86it/s]
[1Aphase1 epoch 1:  41%|████▏     | 518/1250 [02:10<03:08,  3.88it/s]
[1Aphase1 epoch 1:  42%|████▏     | 519/1250 [02:10<03:07,  3.90it/s]
[1Aphase1 epoch 1:  42%|████▏     | 520/1250 [02:10<03:06,  3.92it/s]
[1Aphase1 epoch 1:  42%|████▏     | 521/1250 [02:10<03:05,  3.93it/s]
[1Aphase1 epoch 1:  42%|████▏     | 522/1250 [02:11<03:04,  3.95it/s]
[1Aphase1 epoch 1:  42%|████▏     | 523/1250 [02:11<03:01,  4.00it/s]
[1Aphase1 epoch 1:  42%|████▏     | 524/1250 [02:11<02:57,  4.09it/s]
[1Aphase1 epoch 1:  42%|████▏     | 525/1250 [02:11<02:58,  4.06it/s]
[1Aphase1 epoch 1:  42%|████▏     | 526/1250 [02:12<02:59,  4.02it/s]
[1Aphase1 epoch 1:  42%|████▏     | 527/1250 [02:12<03:00,  4.01it/s]
[1Aphase1 epoch 1:  42%|████▏     | 528/1250 [02:12<03:00,  3.99it/s]
[1Aphase1 epoch 1:  42%|████▏     | 529/1250 [02:12<03:03,  3.93it/s]
[1Aphase1 epoch 1:  42%|████▏     | 530/1250 [02:13<03:02,  3.94it/s]
[1Aphase1 epoch 1:  42%|████▏     | 531/1250 [02:13<03:01,  3.95it/s]
[1Aphase1 epoch 1:  43%|████▎     | 532/1250 [02:13<02:58,  4.02it/s]
[1Aphase1 epoch 1:  43%|████▎     | 533/1250 [02:13<02:58,  4.02it/s]
[1Aphase1 epoch 1:  43%|████▎     | 534/1250 [02:14<03:01,  3.95it/s]
[1Aphase1 epoch 1:  43%|████▎     | 535/1250 [02:14<03:01,  3.93it/s]
[1Aphase1 epoch 1:  43%|████▎     | 536/1250 [02:14<03:06,  3.82it/s]
[1Aphase1 epoch 1:  43%|████▎     | 537/1250 [02:14<03:01,  3.93it/s]
[1Aphase1 epoch 1:  43%|████▎     | 538/1250 [02:15<02:57,  4.02it/s]
[1Aphase1 epoch 1:  43%|████▎     | 539/1250 [02:15<02:57,  4.00it/s]
[1Aphase1 epoch 1:  43%|████▎     | 540/1250 [02:15<02:55,  4.05it/s]
[1Aphase1 epoch 1:  43%|████▎     | 541/1250 [02:15<02:56,  4.01it/s]
[1Aphase1 epoch 1:  43%|████▎     | 542/1250 [02:16<02:59,  3.94it/s]
[1Aphase1 epoch 1:  43%|████▎     | 543/1250 [02:16<03:01,  3.90it/s]
[1Aphase1 epoch 1:  44%|████▎     | 544/1250 [02:16<02:58,  3.96it/s]
[1Aphase1 epoch 1:  44%|████▎     | 545/1250 [02:16<02:58,  3.96it/s]
[1Aphase1 epoch 1:  44%|████▎     | 546/1250 [02:17<02:57,  3.96it/s]
[1Aphase1 epoch 1:  44%|████▍     | 547/1250 [02:17<02:54,  4.03it/s]
[1Aphase1 epoch 1:  44%|████▍     | 548/1250 [02:17<03:00,  3.89it/s]
[1Aphase1 epoch 1:  44%|████▍     | 549/1250 [02:17<02:59,  3.91it/s]
[1Aphase1 epoch 1:  44%|████▍     | 550/1250 [02:18<02:56,  3.98it/s]
[1Aphase1 epoch 1:  44%|████▍     | 551/1250 [02:18<02:56,  3.97it/s]
[1Aphase1 epoch 1:  44%|████▍     | 552/1250 [02:18<02:53,  4.02it/s]
[1Aphase1 epoch 1:  44%|████▍     | 553/1250 [02:18<02:54,  4.00it/s]
[1Aphase1 epoch 1:  44%|████▍     | 554/1250 [02:19<02:54,  4.00it/s]
[1Aphase1 epoch 1:  44%|████▍     | 555/1250 [02:19<02:54,  3.98it/s]
[1Aphase1 epoch 1:  44%|████▍     | 556/1250 [02:19<02:51,  4.04it/s]
[1Aphase1 epoch 1:  45%|████▍     | 557/1250 [02:19<02:51,  4.03it/s]
[1Aphase1 epoch 1:  45%|████▍     | 558/1250 [02:20<02:55,  3.95it/s]
[1Aphase1 epoch 1:  45%|████▍     | 559/1250 [02:20<02:52,  4.00it/s]
[1Aphase1 epoch 1:  45%|████▍     | 560/1250 [02:20<02:56,  3.91it/s]
[1Aphase1 epoch 1:  45%|████▍     | 561/1250 [02:20<02:58,  3.85it/s]
[1Aphase1 epoch 1:  45%|████▍     | 562/1250 [02:21<02:59,  3.83it/s]
[1Aphase1 epoch 1:  45%|████▌     | 563/1250 [02:21<02:57,  3.87it/s]
[1Aphase1 epoch 1:  45%|████▌     | 564/1250 [02:21<02:58,  3.84it/s]
[1Aphase1 epoch 1:  45%|████▌     | 565/1250 [02:22<03:02,  3.76it/s]
[1Aphase1 epoch 1:  45%|████▌     | 566/1250 [02:22<03:01,  3.76it/s]
[1Aphase1 epoch 1:  45%|████▌     | 567/1250 [02:22<02:58,  3.82it/s]
[1Aphase1 epoch 1:  45%|████▌     | 568/1250 [02:22<02:56,  3.85it/s]
[1Aphase1 epoch 1:  46%|████▌     | 569/1250 [02:23<02:56,  3.87it/s]
[1Aphase1 epoch 1:  46%|████▌     | 570/1250 [02:23<02:57,  3.84it/s]
[1Aphase1 epoch 1:  46%|████▌     | 571/1250 [02:23<02:54,  3.89it/s]
[1Aphase1 epoch 1:  46%|████▌     | 572/1250 [02:23<02:58,  3.81it/s]
[1Aphase1 epoch 1:  46%|████▌     | 573/1250 [02:24<02:53,  3.90it/s]
[1Aphase1 epoch 1:  46%|████▌     | 574/1250 [02:24<02:57,  3.81it/s]
[1Aphase1 epoch 1:  46%|████▌     | 575/1250 [02:24<02:55,  3.85it/s]
[1Aphase1 epoch 1:  46%|████▌     | 576/1250 [02:24<02:56,  3.83it/s]
[1Aphase1 epoch 1:  46%|████▌     | 577/1250 [02:25<02:56,  3.82it/s]
[1Aphase1 epoch 1:  46%|████▌     | 578/1250 [02:25<02:57,  3.79it/s]
[1Aphase1 epoch 1:  46%|████▋     | 579/1250 [02:25<02:52,  3.90it/s]
[1Aphase1 epoch 1:  46%|████▋     | 580/1250 [02:25<02:51,  3.90it/s]
[1Aphase1 epoch 1:  46%|████▋     | 581/1250 [02:26<02:49,  3.94it/s]
[1Aphase1 epoch 1:  47%|████▋     | 582/1250 [02:26<02:46,  4.01it/s]
[1Aphase1 epoch 1:  47%|████▋     | 583/1250 [02:26<02:44,  4.05it/s]
[1Aphase1 epoch 1:  47%|████▋     | 584/1250 [02:26<02:45,  4.01it/s]
[1Aphase1 epoch 1:  47%|████▋     | 585/1250 [02:27<02:45,  4.01it/s]
[1Aphase1 epoch 1:  47%|████▋     | 586/1250 [02:27<02:48,  3.94it/s]
[1Aphase1 epoch 1:  47%|████▋     | 587/1250 [02:27<02:45,  4.00it/s]
[1Aphase1 epoch 1:  47%|████▋     | 588/1250 [02:27<02:50,  3.87it/s]
[1Aphase1 epoch 1:  47%|████▋     | 589/1250 [02:28<02:48,  3.92it/s]
[1Aphase1 epoch 1:  47%|████▋     | 590/1250 [02:28<02:48,  3.92it/s]
[1Aphase1 epoch 1:  47%|████▋     | 591/1250 [02:28<02:47,  3.94it/s]
[1Aphase1 epoch 1:  47%|████▋     | 592/1250 [02:28<02:44,  3.99it/s]
[1Aphase1 epoch 1:  47%|████▋     | 593/1250 [02:29<02:45,  3.98it/s]
[1Aphase1 epoch 1:  48%|████▊     | 594/1250 [02:29<02:42,  4.03it/s]
[1Aphase1 epoch 1:  48%|████▊     | 595/1250 [02:29<02:45,  3.96it/s]
[1Aphase1 epoch 1:  48%|████▊     | 596/1250 [02:29<02:44,  3.97it/s]
[1Aphase1 epoch 1:  48%|████▊     | 597/1250 [02:30<02:47,  3.91it/s]
[1Aphase1 epoch 1:  48%|████▊     | 598/1250 [02:30<02:43,  3.98it/s]
[1Aphase1 epoch 1:  48%|████▊     | 599/1250 [02:30<02:41,  4.03it/s]
[1Aphase1 epoch 1:  48%|████▊     | 600/1250 [02:30<02:39,  4.07it/s]
[1Aphase1 epoch 1:  48%|████▊     | 601/1250 [02:31<02:40,  4.04it/s]
[1Aphase1 epoch 1:  48%|████▊     | 602/1250 [02:31<02:38,  4.08it/s]
[1Aphase1 epoch 1:  48%|████▊     | 603/1250 [02:31<02:37,  4.11it/s]
[1Aphase1 epoch 1:  48%|████▊     | 604/1250 [02:31<02:36,  4.14it/s]
[1Aphase1 epoch 1:  48%|████▊     | 605/1250 [02:32<02:37,  4.10it/s]
[1Aphase1 epoch 1:  48%|████▊     | 606/1250 [02:32<02:39,  4.04it/s]
[1Aphase1 epoch 1:  49%|████▊     | 607/1250 [02:32<02:39,  4.02it/s]
[1Aphase1 epoch 1:  49%|████▊     | 608/1250 [02:32<02:39,  4.01it/s]
[1Aphase1 epoch 1:  49%|████▊     | 609/1250 [02:33<02:39,  4.01it/s]
[1Aphase1 epoch 1:  49%|████▉     | 610/1250 [02:33<02:38,  4.05it/s]
[1Aphase1 epoch 1:  49%|████▉     | 611/1250 [02:33<02:36,  4.08it/s]
[1Aphase1 epoch 1:  49%|████▉     | 612/1250 [02:33<02:38,  4.04it/s]
[1Aphase1 epoch 1:  49%|████▉     | 613/1250 [02:34<02:36,  4.07it/s]
[1Aphase1 epoch 1:  49%|████▉     | 614/1250 [02:34<02:37,  4.03it/s]
[1Aphase1 epoch 1:  49%|████▉     | 615/1250 [02:34<02:38,  3.99it/s]
[1Aphase1 epoch 1:  49%|████▉     | 616/1250 [02:34<02:41,  3.93it/s]
[1Aphase1 epoch 1:  49%|████▉     | 617/1250 [02:35<02:40,  3.94it/s]
[1Aphase1 epoch 1:  49%|████▉     | 618/1250 [02:35<02:39,  3.95it/s]
[1Aphase1 epoch 1:  50%|████▉     | 619/1250 [02:35<02:39,  3.95it/s]
[1Aphase1 epoch 1:  50%|████▉     | 620/1250 [02:35<02:42,  3.89it/s]
[1Aphase1 epoch 1:  50%|████▉     | 621/1250 [02:36<02:39,  3.95it/s]
[1Aphase1 epoch 1:  50%|████▉     | 622/1250 [02:36<02:38,  3.96it/s]
[1Aphase1 epoch 1:  50%|████▉     | 623/1250 [02:36<02:37,  3.97it/s]
[1Aphase1 epoch 1:  50%|████▉     | 624/1250 [02:36<02:37,  3.97it/s]
[1Aphase1 epoch 1:  50%|█████     | 625/1250 [02:37<02:37,  3.96it/s]
[1Aphase1 epoch 1:  50%|█████     | 626/1250 [02:37<02:37,  3.96it/s]
[1Aphase1 epoch 1:  50%|█████     | 627/1250 [02:37<02:36,  3.98it/s]
[1Aphase1 epoch 1:  50%|█████     | 628/1250 [02:37<02:34,  4.04it/s]
[1Aphase1 epoch 1:  50%|█████     | 629/1250 [02:38<02:37,  3.95it/s]
[1Aphase1 epoch 1:  50%|█████     | 630/1250 [02:38<02:37,  3.93it/s]
[1Aphase1 epoch 1:  50%|█████     | 631/1250 [02:38<02:36,  3.95it/s]
[1Aphase1 epoch 1:  51%|█████     | 632/1250 [02:38<02:33,  4.02it/s]
[1Aphase1 epoch 1:  51%|█████     | 633/1250 [02:39<02:40,  3.85it/s]
[1Aphase1 epoch 1:  51%|█████     | 634/1250 [02:39<02:38,  3.89it/s]
[1Aphase1 epoch 1:  51%|█████     | 635/1250 [02:39<02:38,  3.89it/s]
[1Aphase1 epoch 1:  51%|█████     | 636/1250 [02:39<02:39,  3.84it/s]
[1Aphase1 epoch 1:  51%|█████     | 637/1250 [02:40<02:37,  3.88it/s]
[1Aphase1 epoch 1:  51%|█████     | 638/1250 [02:40<02:37,  3.89it/s]
[1Aphase1 epoch 1:  51%|█████     | 639/1250 [02:40<02:36,  3.91it/s]
[1Aphase1 epoch 1:  51%|█████     | 640/1250 [02:40<02:35,  3.92it/s]
[1Aphase1 epoch 1:  51%|█████▏    | 641/1250 [02:41<02:35,  3.92it/s]
[1Aphase1 epoch 1:  51%|█████▏    | 642/1250 [02:41<02:34,  3.94it/s]
[1Aphase1 epoch 1:  51%|█████▏    | 643/1250 [02:41<02:33,  3.94it/s]
[1Aphase1 epoch 1:  52%|█████▏    | 644/1250 [02:41<02:33,  3.94it/s]
[1Aphase1 epoch 1:  52%|█████▏    | 645/1250 [02:42<02:32,  3.97it/s]
[1Aphase1 epoch 1:  52%|█████▏    | 646/1250 [02:42<02:34,  3.90it/s]
[1Aphase1 epoch 1:  52%|█████▏    | 647/1250 [02:42<02:33,  3.94it/s]
[1Aphase1 epoch 1:  52%|█████▏    | 648/1250 [02:42<02:33,  3.92it/s]
[1Aphase1 epoch 1:  52%|█████▏    | 649/1250 [02:43<02:30,  4.00it/s]
[1Aphase1 epoch 1:  52%|█████▏    | 650/1250 [02:43<02:30,  3.99it/s]
[1Aphase1 epoch 1:  52%|█████▏    | 651/1250 [02:43<02:28,  4.04it/s]
[1Aphase1 epoch 1:  52%|█████▏    | 652/1250 [02:43<02:26,  4.09it/s]
[1Aphase1 epoch 1:  52%|█████▏    | 653/1250 [02:44<02:27,  4.03it/s]
[1Aphase1 epoch 1:  52%|█████▏    | 654/1250 [02:44<02:30,  3.96it/s]
[1Aphase1 epoch 1:  52%|█████▏    | 655/1250 [02:44<02:28,  4.02it/s]
[1Aphase1 epoch 1:  52%|█████▏    | 656/1250 [02:44<02:29,  3.99it/s]
[1Aphase1 epoch 1:  53%|█████▎    | 657/1250 [02:45<02:31,  3.92it/s]
[1Aphase1 epoch 1:  53%|█████▎    | 658/1250 [02:45<02:28,  3.98it/s]
[1Aphase1 epoch 1:  53%|█████▎    | 659/1250 [02:45<02:27,  4.00it/s]
[1Aphase1 epoch 1:  53%|█████▎    | 660/1250 [02:45<02:27,  4.00it/s]
[1Aphase1 epoch 1:  53%|█████▎    | 661/1250 [02:46<02:27,  3.99it/s]
[1Aphase1 epoch 1:  53%|█████▎    | 662/1250 [02:46<02:32,  3.86it/s]
[1Aphase1 epoch 1:  53%|█████▎    | 663/1250 [02:46<02:30,  3.91it/s]
[1Aphase1 epoch 1:  53%|█████▎    | 664/1250 [02:47<02:28,  3.94it/s]
[1Aphase1 epoch 1:  53%|█████▎    | 665/1250 [02:47<02:25,  4.01it/s]
[1Aphase1 epoch 1:  53%|█████▎    | 666/1250 [02:47<02:29,  3.92it/s]
[1Aphase1 epoch 1:  53%|█████▎    | 667/1250 [02:47<02:28,  3.93it/s]
[1Aphase1 epoch 1:  53%|█████▎    | 668/1250 [02:48<02:27,  3.94it/s]
[1Aphase1 epoch 1:  54%|█████▎    | 669/1250 [02:48<02:25,  4.00it/s]
[1Aphase1 epoch 1:  54%|█████▎    | 670/1250 [02:48<02:25,  3.99it/s]
[1Aphase1 epoch 1:  54%|█████▎    | 671/1250 [02:48<02:25,  3.97it/s]
[1Aphase1 epoch 1:  54%|█████▍    | 672/1250 [02:49<02:25,  3.98it/s]
[1Aphase1 epoch 1:  54%|█████▍    | 673/1250 [02:49<02:27,  3.91it/s]
[1Aphase1 epoch 1:  54%|█████▍    | 674/1250 [02:49<02:26,  3.94it/s]
[1Aphase1 epoch 1:  54%|█████▍    | 675/1250 [02:49<02:31,  3.81it/s]
[1Aphase1 epoch 1:  54%|█████▍    | 676/1250 [02:50<02:31,  3.80it/s]
[1Aphase1 epoch 1:  54%|█████▍    | 677/1250 [02:50<02:29,  3.84it/s]
[1Aphase1 epoch 1:  54%|█████▍    | 678/1250 [02:50<02:26,  3.91it/s]
[1Aphase1 epoch 1:  54%|█████▍    | 679/1250 [02:50<02:27,  3.87it/s]
[1Aphase1 epoch 1:  54%|█████▍    | 680/1250 [02:51<02:26,  3.88it/s]
[1Aphase1 epoch 1:  54%|█████▍    | 681/1250 [02:51<02:23,  3.97it/s]
[1Aphase1 epoch 1:  55%|█████▍    | 682/1250 [02:51<02:21,  4.03it/s]
[1Aphase1 epoch 1:  55%|█████▍    | 683/1250 [02:51<02:23,  3.96it/s]
[1Aphase1 epoch 1:  55%|█████▍    | 684/1250 [02:52<02:23,  3.96it/s]
[1Aphase1 epoch 1:  55%|█████▍    | 685/1250 [02:52<02:22,  3.95it/s]
[1Aphase1 epoch 1:  55%|█████▍    | 686/1250 [02:52<02:20,  4.03it/s]
[1Aphase1 epoch 1:  55%|█████▍    | 687/1250 [02:52<02:18,  4.08it/s]
[1Aphase1 epoch 1:  55%|█████▌    | 688/1250 [02:53<02:19,  4.04it/s]
[1Aphase1 epoch 1:  55%|█████▌    | 689/1250 [02:53<02:22,  3.94it/s]
[1Aphase1 epoch 1:  55%|█████▌    | 690/1250 [02:53<02:24,  3.89it/s]
[1Aphase1 epoch 1:  55%|█████▌    | 691/1250 [02:53<02:25,  3.84it/s]
[1Aphase1 epoch 1:  55%|█████▌    | 692/1250 [02:54<02:23,  3.88it/s]
[1Aphase1 epoch 1:  55%|█████▌    | 693/1250 [02:54<02:22,  3.91it/s]
[1Aphase1 epoch 1:  56%|█████▌    | 694/1250 [02:54<02:19,  3.99it/s]
[1Aphase1 epoch 1:  56%|█████▌    | 695/1250 [02:54<02:17,  4.05it/s]
[1Aphase1 epoch 1:  56%|█████▌    | 696/1250 [02:55<02:20,  3.96it/s]
[1Aphase1 epoch 1:  56%|█████▌    | 697/1250 [02:55<02:21,  3.92it/s]
[1Aphase1 epoch 1:  56%|█████▌    | 698/1250 [02:55<02:20,  3.93it/s]
[1Aphase1 epoch 1:  56%|█████▌    | 699/1250 [02:55<02:17,  4.00it/s]
[1Aphase1 epoch 1:  56%|█████▌    | 700/1250 [02:56<02:17,  4.01it/s]
[1Aphase1 epoch 1:  56%|█████▌    | 701/1250 [02:56<02:19,  3.94it/s]
[1Aphase1 epoch 1:  56%|█████▌    | 702/1250 [02:56<02:16,  4.01it/s]
[1Aphase1 epoch 1:  56%|█████▌    | 703/1250 [02:56<02:18,  3.94it/s]
[1Aphase1 epoch 1:  56%|█████▋    | 704/1250 [02:57<02:20,  3.89it/s]
[1Aphase1 epoch 1:  56%|█████▋    | 705/1250 [02:57<02:19,  3.91it/s]
[1Aphase1 epoch 1:  56%|█████▋    | 706/1250 [02:57<02:18,  3.92it/s]
[1Aphase1 epoch 1:  57%|█████▋    | 707/1250 [02:57<02:17,  3.94it/s]
[1Aphase1 epoch 1:  57%|█████▋    | 708/1250 [02:58<02:15,  4.01it/s]
[1Aphase1 epoch 1:  57%|█████▋    | 709/1250 [02:58<02:17,  3.94it/s]
[1Aphase1 epoch 1:  57%|█████▋    | 710/1250 [02:58<02:19,  3.88it/s]
[1Aphase1 epoch 1:  57%|█████▋    | 711/1250 [02:58<02:18,  3.90it/s]
[1Aphase1 epoch 1:  57%|█████▋    | 712/1250 [02:59<02:17,  3.91it/s]
[1Aphase1 epoch 1:  57%|█████▋    | 713/1250 [02:59<02:17,  3.90it/s]
[1Aphase1 epoch 1:  57%|█████▋    | 714/1250 [02:59<02:16,  3.94it/s]
[1Aphase1 epoch 1:  57%|█████▋    | 715/1250 [02:59<02:17,  3.89it/s]
[1Aphase1 epoch 1:  57%|█████▋    | 716/1250 [03:00<02:18,  3.86it/s]
[1Aphase1 epoch 1:  57%|█████▋    | 717/1250 [03:00<02:17,  3.88it/s]
[1Aphase1 epoch 1:  57%|█████▋    | 718/1250 [03:00<02:14,  3.96it/s]
[1Aphase1 epoch 1:  58%|█████▊    | 719/1250 [03:00<02:14,  3.96it/s]
[1Aphase1 epoch 1:  58%|█████▊    | 720/1250 [03:01<02:13,  3.97it/s]
[1Aphase1 epoch 1:  58%|█████▊    | 721/1250 [03:01<02:11,  4.03it/s]
[1Aphase1 epoch 1:  58%|█████▊    | 722/1250 [03:01<02:13,  3.96it/s]
[1Aphase1 epoch 1:  58%|█████▊    | 723/1250 [03:01<02:10,  4.03it/s]
[1Aphase1 epoch 1:  58%|█████▊    | 724/1250 [03:02<02:09,  4.08it/s]
[1Aphase1 epoch 1:  58%|█████▊    | 725/1250 [03:02<02:11,  3.99it/s]
[1Aphase1 epoch 1:  58%|█████▊    | 726/1250 [03:02<02:13,  3.93it/s]
[1Aphase1 epoch 1:  58%|█████▊    | 727/1250 [03:02<02:13,  3.92it/s]
[1Aphase1 epoch 1:  58%|█████▊    | 728/1250 [03:03<02:10,  3.99it/s]
[1Aphase1 epoch 1:  58%|█████▊    | 729/1250 [03:03<02:12,  3.94it/s]
[1Aphase1 epoch 1:  58%|█████▊    | 730/1250 [03:03<02:11,  3.94it/s]
[1Aphase1 epoch 1:  58%|█████▊    | 731/1250 [03:04<02:12,  3.91it/s]
[1Aphase1 epoch 1:  59%|█████▊    | 732/1250 [03:04<02:12,  3.92it/s]
[1Aphase1 epoch 1:  59%|█████▊    | 733/1250 [03:04<02:09,  4.00it/s]
[1Aphase1 epoch 1:  59%|█████▊    | 734/1250 [03:04<02:11,  3.92it/s]
[1Aphase1 epoch 1:  59%|█████▉    | 735/1250 [03:05<02:10,  3.93it/s]
[1Aphase1 epoch 1:  59%|█████▉    | 736/1250 [03:05<02:10,  3.95it/s]
[1Aphase1 epoch 1:  59%|█████▉    | 737/1250 [03:05<02:09,  3.97it/s]
[1Aphase1 epoch 1:  59%|█████▉    | 738/1250 [03:05<02:09,  3.96it/s]
[1Aphase1 epoch 1:  59%|█████▉    | 739/1250 [03:06<02:06,  4.03it/s]
[1Aphase1 epoch 1:  59%|█████▉    | 740/1250 [03:06<02:06,  4.03it/s]
[1Aphase1 epoch 1:  59%|█████▉    | 741/1250 [03:06<02:06,  4.01it/s]
[1Aphase1 epoch 1:  59%|█████▉    | 742/1250 [03:06<02:09,  3.93it/s]
[1Aphase1 epoch 1:  59%|█████▉    | 743/1250 [03:07<02:08,  3.94it/s]
[1Aphase1 epoch 1:  60%|█████▉    | 744/1250 [03:07<02:08,  3.94it/s]
[1Aphase1 epoch 1:  60%|█████▉    | 745/1250 [03:07<02:07,  3.96it/s]
[1Aphase1 epoch 1:  60%|█████▉    | 746/1250 [03:07<02:06,  3.98it/s]
[1Aphase1 epoch 1:  60%|█████▉    | 747/1250 [03:08<02:10,  3.86it/s]
[1Aphase1 epoch 1:  60%|█████▉    | 748/1250 [03:08<02:11,  3.83it/s]
[1Aphase1 epoch 1:  60%|█████▉    | 749/1250 [03:08<02:09,  3.88it/s]
[1Aphase1 epoch 1:  60%|██████    | 750/1250 [03:08<02:11,  3.79it/s]
[1Aphase1 epoch 1:  60%|██████    | 751/1250 [03:09<02:11,  3.79it/s]
[1Aphase1 epoch 1:  60%|██████    | 752/1250 [03:09<02:07,  3.90it/s]
[1Aphase1 epoch 1:  60%|██████    | 753/1250 [03:09<02:07,  3.91it/s]
[1Aphase1 epoch 1:  60%|██████    | 754/1250 [03:09<02:08,  3.87it/s]
[1Aphase1 epoch 1:  60%|██████    | 755/1250 [03:10<02:07,  3.89it/s]
[1Aphase1 epoch 1:  60%|██████    | 756/1250 [03:10<02:08,  3.84it/s]
[1Aphase1 epoch 1:  61%|██████    | 757/1250 [03:10<02:07,  3.86it/s]
[1Aphase1 epoch 1:  61%|██████    | 758/1250 [03:10<02:05,  3.91it/s]
[1Aphase1 epoch 1:  61%|██████    | 759/1250 [03:11<02:05,  3.92it/s]
[1Aphase1 epoch 1:  61%|██████    | 760/1250 [03:11<02:06,  3.87it/s]
[1Aphase1 epoch 1:  61%|██████    | 761/1250 [03:11<02:03,  3.95it/s]
[1Aphase1 epoch 1:  61%|██████    | 762/1250 [03:11<02:01,  4.02it/s]
[1Aphase1 epoch 1:  61%|██████    | 763/1250 [03:12<02:01,  4.01it/s]
[1Aphase1 epoch 1:  61%|██████    | 764/1250 [03:12<01:59,  4.07it/s]
[1Aphase1 epoch 1:  61%|██████    | 765/1250 [03:12<02:00,  4.03it/s]
[1Aphase1 epoch 1:  61%|██████▏   | 766/1250 [03:12<01:59,  4.07it/s]
[1Aphase1 epoch 1:  61%|██████▏   | 767/1250 [03:13<01:59,  4.04it/s]
[1Aphase1 epoch 1:  61%|██████▏   | 768/1250 [03:13<02:02,  3.95it/s]
[1Aphase1 epoch 1:  62%|██████▏   | 769/1250 [03:13<02:01,  3.97it/s]
[1Aphase1 epoch 1:  62%|██████▏   | 770/1250 [03:13<02:01,  3.96it/s]
[1Aphase1 epoch 1:  62%|██████▏   | 771/1250 [03:14<02:02,  3.91it/s]
[1Aphase1 epoch 1:  62%|██████▏   | 772/1250 [03:14<02:01,  3.92it/s]
[1Aphase1 epoch 1:  62%|██████▏   | 773/1250 [03:14<02:02,  3.88it/s]
[1Aphase1 epoch 1:  62%|██████▏   | 774/1250 [03:14<02:01,  3.91it/s]
[1Aphase1 epoch 1:  62%|██████▏   | 775/1250 [03:15<02:01,  3.91it/s]
[1Aphase1 epoch 1:  62%|██████▏   | 776/1250 [03:15<02:00,  3.92it/s]
[1Aphase1 epoch 1:  62%|██████▏   | 777/1250 [03:15<01:59,  3.96it/s]
[1Aphase1 epoch 1:  62%|██████▏   | 778/1250 [03:15<01:59,  3.96it/s]
[1Aphase1 epoch 1:  62%|██████▏   | 779/1250 [03:16<01:58,  3.97it/s]
[1Aphase1 epoch 1:  62%|██████▏   | 780/1250 [03:16<02:00,  3.91it/s]
[1Aphase1 epoch 1:  62%|██████▏   | 781/1250 [03:16<02:00,  3.88it/s]
[1Aphase1 epoch 1:  63%|██████▎   | 782/1250 [03:16<02:01,  3.84it/s]
[1Aphase1 epoch 1:  63%|██████▎   | 783/1250 [03:17<02:00,  3.88it/s]
[1Aphase1 epoch 1:  63%|██████▎   | 784/1250 [03:17<01:59,  3.90it/s]
[1Aphase1 epoch 1:  63%|██████▎   | 785/1250 [03:17<01:59,  3.89it/s]
[1Aphase1 epoch 1:  63%|██████▎   | 786/1250 [03:18<01:58,  3.91it/s]
[1Aphase1 epoch 1:  63%|██████▎   | 787/1250 [03:18<01:58,  3.92it/s]
[1Aphase1 epoch 1:  63%|██████▎   | 788/1250 [03:18<01:58,  3.88it/s]
[1Aphase1 epoch 1:  63%|██████▎   | 789/1250 [03:18<02:00,  3.83it/s]
[1Aphase1 epoch 1:  63%|██████▎   | 790/1250 [03:19<02:00,  3.80it/s]
[1Aphase1 epoch 1:  63%|██████▎   | 791/1250 [03:19<01:59,  3.85it/s]
[1Aphase1 epoch 1:  63%|██████▎   | 792/1250 [03:19<01:56,  3.95it/s]
[1Aphase1 epoch 1:  63%|██████▎   | 793/1250 [03:19<01:53,  4.03it/s]
[1Aphase1 epoch 1:  64%|██████▎   | 794/1250 [03:20<01:51,  4.09it/s]
[1Aphase1 epoch 1:  64%|██████▎   | 795/1250 [03:20<01:52,  4.05it/s]
[1Aphase1 epoch 1:  64%|██████▎   | 796/1250 [03:20<01:51,  4.08it/s]
[1Aphase1 epoch 1:  64%|██████▍   | 797/1250 [03:20<01:51,  4.05it/s]
[1Aphase1 epoch 1:  64%|██████▍   | 798/1250 [03:21<01:54,  3.94it/s]
[1Aphase1 epoch 1:  64%|██████▍   | 799/1250 [03:21<01:53,  3.96it/s]
[1Aphase1 epoch 1:  64%|██████▍   | 800/1250 [03:21<01:53,  3.97it/s]
[1Aphase1 epoch 1:  64%|██████▍   | 801/1250 [03:21<01:53,  3.96it/s]
[1Aphase1 epoch 1:  64%|██████▍   | 802/1250 [03:22<01:55,  3.90it/s]
[1Aphase1 epoch 1:  64%|██████▍   | 803/1250 [03:22<01:53,  3.93it/s]
[1Aphase1 epoch 1:  64%|██████▍   | 804/1250 [03:22<01:53,  3.94it/s]
[1Aphase1 epoch 1:  64%|██████▍   | 805/1250 [03:22<01:51,  4.00it/s]
[1Aphase1 epoch 1:  64%|██████▍   | 806/1250 [03:23<01:52,  3.94it/s]
[1Aphase1 epoch 1:  65%|██████▍   | 807/1250 [03:23<01:50,  4.00it/s]
[1Aphase1 epoch 1:  65%|██████▍   | 808/1250 [03:23<01:50,  4.00it/s]
[1Aphase1 epoch 1:  65%|██████▍   | 809/1250 [03:23<01:50,  3.99it/s]
[1Aphase1 epoch 1:  65%|██████▍   | 810/1250 [03:24<01:50,  4.00it/s]
[1Aphase1 epoch 1:  65%|██████▍   | 811/1250 [03:24<01:48,  4.04it/s]
[1Aphase1 epoch 1:  65%|██████▍   | 812/1250 [03:24<01:47,  4.08it/s]
[1Aphase1 epoch 1:  65%|██████▌   | 813/1250 [03:24<01:48,  4.03it/s]
[1Aphase1 epoch 1:  65%|██████▌   | 814/1250 [03:25<01:46,  4.08it/s]
[1Aphase1 epoch 1:  65%|██████▌   | 815/1250 [03:25<01:48,  3.99it/s]
[1Aphase1 epoch 1:  65%|██████▌   | 816/1250 [03:25<01:47,  4.05it/s]
[1Aphase1 epoch 1:  65%|██████▌   | 817/1250 [03:25<01:47,  4.01it/s]
[1Aphase1 epoch 1:  65%|██████▌   | 818/1250 [03:26<01:47,  4.01it/s]
[1Aphase1 epoch 1:  66%|██████▌   | 819/1250 [03:26<01:47,  4.01it/s]
[1Aphase1 epoch 1:  66%|██████▌   | 820/1250 [03:26<01:47,  4.00it/s]
[1Aphase1 epoch 1:  66%|██████▌   | 821/1250 [03:26<01:48,  3.97it/s]
[1Aphase1 epoch 1:  66%|██████▌   | 822/1250 [03:27<01:47,  3.97it/s]
[1Aphase1 epoch 1:  66%|██████▌   | 823/1250 [03:27<01:45,  4.05it/s]
[1Aphase1 epoch 1:  66%|██████▌   | 824/1250 [03:27<01:44,  4.08it/s]
[1Aphase1 epoch 1:  66%|██████▌   | 825/1250 [03:27<01:45,  4.03it/s]
[1Aphase1 epoch 1:  66%|██████▌   | 826/1250 [03:28<01:45,  4.01it/s]
[1Aphase1 epoch 1:  66%|██████▌   | 827/1250 [03:28<01:45,  4.01it/s]
[1Aphase1 epoch 1:  66%|██████▌   | 828/1250 [03:28<01:46,  3.95it/s]
[1Aphase1 epoch 1:  66%|██████▋   | 829/1250 [03:28<01:47,  3.90it/s]
[1Aphase1 epoch 1:  66%|██████▋   | 830/1250 [03:29<01:45,  3.99it/s]
[1Aphase1 epoch 1:  66%|██████▋   | 831/1250 [03:29<01:46,  3.93it/s]
[1Aphase1 epoch 1:  67%|██████▋   | 832/1250 [03:29<01:45,  3.96it/s]
[1Aphase1 epoch 1:  67%|██████▋   | 833/1250 [03:29<01:43,  4.01it/s]
[1Aphase1 epoch 1:  67%|██████▋   | 834/1250 [03:30<01:42,  4.05it/s]
[1Aphase1 epoch 1:  67%|██████▋   | 835/1250 [03:30<01:43,  4.02it/s]
[1Aphase1 epoch 1:  67%|██████▋   | 836/1250 [03:30<01:43,  3.99it/s]
[1Aphase1 epoch 1:  67%|██████▋   | 837/1250 [03:30<01:43,  4.00it/s]
[1Aphase1 epoch 1:  67%|██████▋   | 838/1250 [03:31<01:44,  3.93it/s]
[1Aphase1 epoch 1:  67%|██████▋   | 839/1250 [03:31<01:42,  4.00it/s]
[1Aphase1 epoch 1:  67%|██████▋   | 840/1250 [03:31<01:42,  3.98it/s]
[1Aphase1 epoch 1:  67%|██████▋   | 841/1250 [03:31<01:43,  3.96it/s]
[1Aphase1 epoch 1:  67%|██████▋   | 842/1250 [03:32<01:43,  3.96it/s]
[1Aphase1 epoch 1:  67%|██████▋   | 843/1250 [03:32<01:40,  4.05it/s]
[1Aphase1 epoch 1:  68%|██████▊   | 844/1250 [03:32<01:41,  4.02it/s]
[1Aphase1 epoch 1:  68%|██████▊   | 845/1250 [03:32<01:41,  4.01it/s]
[1Aphase1 epoch 1:  68%|██████▊   | 846/1250 [03:33<01:43,  3.92it/s]
[1Aphase1 epoch 1:  68%|██████▊   | 847/1250 [03:33<01:42,  3.94it/s]
[1Aphase1 epoch 1:  68%|██████▊   | 848/1250 [03:33<01:42,  3.94it/s]
[1Aphase1 epoch 1:  68%|██████▊   | 849/1250 [03:33<01:40,  4.00it/s]
[1Aphase1 epoch 1:  68%|██████▊   | 850/1250 [03:34<01:40,  3.97it/s]
[1Aphase1 epoch 1:  68%|██████▊   | 851/1250 [03:34<01:40,  3.97it/s]
[1Aphase1 epoch 1:  68%|██████▊   | 852/1250 [03:34<01:38,  4.03it/s]
[1Aphase1 epoch 1:  68%|██████▊   | 853/1250 [03:34<01:37,  4.08it/s]
[1Aphase1 epoch 1:  68%|██████▊   | 854/1250 [03:35<01:38,  4.04it/s]
[1Aphase1 epoch 1:  68%|██████▊   | 855/1250 [03:35<01:39,  3.99it/s]
[1Aphase1 epoch 1:  68%|██████▊   | 856/1250 [03:35<01:39,  3.97it/s]
[1Aphase1 epoch 1:  69%|██████▊   | 857/1250 [03:35<01:38,  3.99it/s]
[1Aphase1 epoch 1:  69%|██████▊   | 858/1250 [03:36<01:38,  3.97it/s]
[1Aphase1 epoch 1:  69%|██████▊   | 859/1250 [03:36<01:38,  3.98it/s]
[1Aphase1 epoch 1:  69%|██████▉   | 860/1250 [03:36<01:38,  3.95it/s]
[1Aphase1 epoch 1:  69%|██████▉   | 861/1250 [03:36<01:38,  3.96it/s]
[1Aphase1 epoch 1:  69%|██████▉   | 862/1250 [03:37<01:36,  4.03it/s]
[1Aphase1 epoch 1:  69%|██████▉   | 863/1250 [03:37<01:36,  4.02it/s]
[1Aphase1 epoch 1:  69%|██████▉   | 864/1250 [03:37<01:35,  4.06it/s]
[1Aphase1 epoch 1:  69%|██████▉   | 865/1250 [03:37<01:35,  4.02it/s]
[1Aphase1 epoch 1:  69%|██████▉   | 866/1250 [03:38<01:37,  3.93it/s]
[1Aphase1 epoch 1:  69%|██████▉   | 867/1250 [03:38<01:35,  4.00it/s]
[1Aphase1 epoch 1:  69%|██████▉   | 868/1250 [03:38<01:37,  3.93it/s]
[1Aphase1 epoch 1:  70%|██████▉   | 869/1250 [03:38<01:36,  3.95it/s]
[1Aphase1 epoch 1:  70%|██████▉   | 870/1250 [03:39<01:36,  3.94it/s]
[1Aphase1 epoch 1:  70%|██████▉   | 871/1250 [03:39<01:36,  3.93it/s]
[1Aphase1 epoch 1:  70%|██████▉   | 872/1250 [03:39<01:35,  3.94it/s]
[1Aphase1 epoch 1:  70%|██████▉   | 873/1250 [03:39<01:38,  3.84it/s]
[1Aphase1 epoch 1:  70%|██████▉   | 874/1250 [03:40<01:37,  3.86it/s]
[1Aphase1 epoch 1:  70%|███████   | 875/1250 [03:40<01:35,  3.95it/s]
[1Aphase1 epoch 1:  70%|███████   | 876/1250 [03:40<01:36,  3.87it/s]
[1Aphase1 epoch 1:  70%|███████   | 877/1250 [03:40<01:35,  3.90it/s]
[1Aphase1 epoch 1:  70%|███████   | 878/1250 [03:41<01:37,  3.82it/s]
[1Aphase1 epoch 1:  70%|███████   | 879/1250 [03:41<01:34,  3.92it/s]
[1Aphase1 epoch 1:  70%|███████   | 880/1250 [03:41<01:34,  3.93it/s]
[1Aphase1 epoch 1:  70%|███████   | 881/1250 [03:41<01:32,  3.99it/s]
[1Aphase1 epoch 1:  71%|███████   | 882/1250 [03:42<01:32,  4.00it/s]
[1Aphase1 epoch 1:  71%|███████   | 883/1250 [03:42<01:31,  3.99it/s]
[1Aphase1 epoch 1:  71%|███████   | 884/1250 [03:42<01:33,  3.91it/s]
[1Aphase1 epoch 1:  71%|███████   | 885/1250 [03:42<01:33,  3.92it/s]
[1Aphase1 epoch 1:  71%|███████   | 886/1250 [03:43<01:32,  3.94it/s]
[1Aphase1 epoch 1:  71%|███████   | 887/1250 [03:43<01:31,  3.95it/s]
[1Aphase1 epoch 1:  71%|███████   | 888/1250 [03:43<01:30,  4.01it/s]
[1Aphase1 epoch 1:  71%|███████   | 889/1250 [03:43<01:28,  4.07it/s]
[1Aphase1 epoch 1:  71%|███████   | 890/1250 [03:44<01:29,  4.04it/s]
[1Aphase1 epoch 1:  71%|███████▏  | 891/1250 [03:44<01:29,  4.01it/s]
[1Aphase1 epoch 1:  71%|███████▏  | 892/1250 [03:44<01:29,  3.99it/s]
[1Aphase1 epoch 1:  71%|███████▏  | 893/1250 [03:44<01:28,  4.03it/s]
[1Aphase1 epoch 1:  72%|███████▏  | 894/1250 [03:45<01:30,  3.95it/s]
[1Aphase1 epoch 1:  72%|███████▏  | 895/1250 [03:45<01:32,  3.84it/s]
[1Aphase1 epoch 1:  72%|███████▏  | 896/1250 [03:45<01:29,  3.94it/s]
[1Aphase1 epoch 1:  72%|███████▏  | 897/1250 [03:45<01:29,  3.93it/s]
[1Aphase1 epoch 1:  72%|███████▏  | 898/1250 [03:46<01:29,  3.94it/s]
[1Aphase1 epoch 1:  72%|███████▏  | 899/1250 [03:46<01:27,  4.02it/s]
[1Aphase1 epoch 1:  72%|███████▏  | 900/1250 [03:46<01:26,  4.07it/s]
[1Aphase1 epoch 1:  72%|███████▏  | 901/1250 [03:46<01:26,  4.03it/s]
[1Aphase1 epoch 1:  72%|███████▏  | 902/1250 [03:47<01:26,  4.03it/s]
[1Aphase1 epoch 1:  72%|███████▏  | 903/1250 [03:47<01:24,  4.09it/s]
[1Aphase1 epoch 1:  72%|███████▏  | 904/1250 [03:47<01:25,  4.05it/s]
[1Aphase1 epoch 1:  72%|███████▏  | 905/1250 [03:47<01:25,  4.01it/s]
[1Aphase1 epoch 1:  72%|███████▏  | 906/1250 [03:48<01:25,  4.00it/s]
[1Aphase1 epoch 1:  73%|███████▎  | 907/1250 [03:48<01:24,  4.05it/s]
[1Aphase1 epoch 1:  73%|███████▎  | 908/1250 [03:48<01:26,  3.95it/s]
[1Aphase1 epoch 1:  73%|███████▎  | 909/1250 [03:48<01:26,  3.94it/s]
[1Aphase1 epoch 1:  73%|███████▎  | 910/1250 [03:49<01:25,  3.96it/s]
[1Aphase1 epoch 1:  73%|███████▎  | 911/1250 [03:49<01:26,  3.91it/s]
[1Aphase1 epoch 1:  73%|███████▎  | 912/1250 [03:49<01:26,  3.92it/s]
[1Aphase1 epoch 1:  73%|███████▎  | 913/1250 [03:49<01:26,  3.92it/s]
[1Aphase1 epoch 1:  73%|███████▎  | 914/1250 [03:50<01:25,  3.94it/s]
[1Aphase1 epoch 1:  73%|███████▎  | 915/1250 [03:50<01:24,  3.97it/s]
[1Aphase1 epoch 1:  73%|███████▎  | 916/1250 [03:50<01:22,  4.04it/s]
[1Aphase1 epoch 1:  73%|███████▎  | 917/1250 [03:50<01:21,  4.10it/s]
[1Aphase1 epoch 1:  73%|███████▎  | 918/1250 [03:51<01:20,  4.12it/s]
[1Aphase1 epoch 1:  74%|███████▎  | 919/1250 [03:51<01:21,  4.07it/s]
[1Aphase1 epoch 1:  74%|███████▎  | 920/1250 [03:51<01:22,  4.02it/s]
[1Aphase1 epoch 1:  74%|███████▎  | 921/1250 [03:51<01:22,  4.01it/s]
[1Aphase1 epoch 1:  74%|███████▍  | 922/1250 [03:52<01:21,  4.01it/s]
[1Aphase1 epoch 1:  74%|███████▍  | 923/1250 [03:52<01:20,  4.07it/s]
[1Aphase1 epoch 1:  74%|███████▍  | 924/1250 [03:52<01:22,  3.95it/s]
[1Aphase1 epoch 1:  74%|███████▍  | 925/1250 [03:52<01:21,  3.97it/s]
[1Aphase1 epoch 1:  74%|███████▍  | 926/1250 [03:53<01:21,  3.97it/s]
[1Aphase1 epoch 1:  74%|███████▍  | 927/1250 [03:53<01:21,  3.98it/s]
[1Aphase1 epoch 1:  74%|███████▍  | 928/1250 [03:53<01:20,  3.99it/s]
[1Aphase1 epoch 1:  74%|███████▍  | 929/1250 [03:53<01:19,  4.05it/s]
[1Aphase1 epoch 1:  74%|███████▍  | 930/1250 [03:54<01:19,  4.03it/s]
[1Aphase1 epoch 1:  74%|███████▍  | 931/1250 [03:54<01:19,  4.03it/s]
[1Aphase1 epoch 1:  75%|███████▍  | 932/1250 [03:54<01:20,  3.94it/s]
[1Aphase1 epoch 1:  75%|███████▍  | 933/1250 [03:54<01:20,  3.94it/s]
[1Aphase1 epoch 1:  75%|███████▍  | 934/1250 [03:55<01:20,  3.94it/s]
[1Aphase1 epoch 1:  75%|███████▍  | 935/1250 [03:55<01:19,  3.94it/s]
[1Aphase1 epoch 1:  75%|███████▍  | 936/1250 [03:55<01:19,  3.96it/s]
[1Aphase1 epoch 1:  75%|███████▍  | 937/1250 [03:55<01:17,  4.02it/s]
[1Aphase1 epoch 1:  75%|███████▌  | 938/1250 [03:56<01:18,  3.99it/s]
[1Aphase1 epoch 1:  75%|███████▌  | 939/1250 [03:56<01:18,  3.96it/s]
[1Aphase1 epoch 1:  75%|███████▌  | 940/1250 [03:56<01:18,  3.96it/s]
[1Aphase1 epoch 1:  75%|███████▌  | 941/1250 [03:56<01:16,  4.03it/s]
[1Aphase1 epoch 1:  75%|███████▌  | 942/1250 [03:57<01:15,  4.07it/s]
[1Aphase1 epoch 1:  75%|███████▌  | 943/1250 [03:57<01:17,  3.97it/s]
[1Aphase1 epoch 1:  76%|███████▌  | 944/1250 [03:57<01:15,  4.03it/s]
[1Aphase1 epoch 1:  76%|███████▌  | 945/1250 [03:57<01:14,  4.07it/s]
[1Aphase1 epoch 1:  76%|███████▌  | 946/1250 [03:58<01:14,  4.10it/s]
[1Aphase1 epoch 1:  76%|███████▌  | 947/1250 [03:58<01:14,  4.08it/s]
[1Aphase1 epoch 1:  76%|███████▌  | 948/1250 [03:58<01:14,  4.04it/s]
[1Aphase1 epoch 1:  76%|███████▌  | 949/1250 [03:58<01:17,  3.87it/s]
[1Aphase1 epoch 1:  76%|███████▌  | 950/1250 [03:59<01:15,  3.96it/s]
[1Aphase1 epoch 1:  76%|███████▌  | 951/1250 [03:59<01:15,  3.97it/s]
[1Aphase1 epoch 1:  76%|███████▌  | 952/1250 [03:59<01:15,  3.97it/s]
[1Aphase1 epoch 1:  76%|███████▌  | 953/1250 [03:59<01:14,  3.98it/s]
[1Aphase1 epoch 1:  76%|███████▋  | 954/1250 [04:00<01:14,  3.97it/s]
[1Aphase1 epoch 1:  76%|███████▋  | 955/1250 [04:00<01:14,  3.96it/s]
[1Aphase1 epoch 1:  76%|███████▋  | 956/1250 [04:00<01:14,  3.97it/s]
[1Aphase1 epoch 1:  77%|███████▋  | 957/1250 [04:00<01:14,  3.91it/s]
[1Aphase1 epoch 1:  77%|███████▋  | 958/1250 [04:01<01:14,  3.93it/s]
[1Aphase1 epoch 1:  77%|███████▋  | 959/1250 [04:01<01:14,  3.92it/s]
[1Aphase1 epoch 1:  77%|███████▋  | 960/1250 [04:01<01:13,  3.93it/s]
[1Aphase1 epoch 1:  77%|███████▋  | 961/1250 [04:01<01:16,  3.79it/s]
[1Aphase1 epoch 1:  77%|███████▋  | 962/1250 [04:02<01:14,  3.84it/s]
[1Aphase1 epoch 1:  77%|███████▋  | 963/1250 [04:02<01:12,  3.94it/s]
[1Aphase1 epoch 1:  77%|███████▋  | 964/1250 [04:02<01:11,  4.00it/s]
[1Aphase1 epoch 1:  77%|███████▋  | 965/1250 [04:02<01:11,  4.00it/s]
[1Aphase1 epoch 1:  77%|███████▋  | 966/1250 [04:03<01:12,  3.93it/s]
[1Aphase1 epoch 1:  77%|███████▋  | 967/1250 [04:03<01:12,  3.92it/s]
[1Aphase1 epoch 1:  77%|███████▋  | 968/1250 [04:03<01:10,  3.99it/s]
[1Aphase1 epoch 1:  78%|███████▊  | 969/1250 [04:04<01:11,  3.93it/s]
[1Aphase1 epoch 1:  78%|███████▊  | 970/1250 [04:04<01:10,  3.95it/s]
[1Aphase1 epoch 1:  78%|███████▊  | 971/1250 [04:04<01:08,  4.06it/s]
[1Aphase1 epoch 1:  78%|███████▊  | 972/1250 [04:04<01:08,  4.03it/s]
[1Aphase1 epoch 1:  78%|███████▊  | 973/1250 [04:04<01:08,  4.02it/s]
[1Aphase1 epoch 1:  78%|███████▊  | 974/1250 [04:05<01:08,  4.02it/s]
[1Aphase1 epoch 1:  78%|███████▊  | 975/1250 [04:05<01:10,  3.92it/s]
[1Aphase1 epoch 1:  78%|███████▊  | 976/1250 [04:05<01:09,  3.95it/s]
[1Aphase1 epoch 1:  78%|███████▊  | 977/1250 [04:06<01:09,  3.90it/s]
[1Aphase1 epoch 1:  78%|███████▊  | 978/1250 [04:06<01:10,  3.88it/s]
[1Aphase1 epoch 1:  78%|███████▊  | 979/1250 [04:06<01:09,  3.89it/s]
[1Aphase1 epoch 1:  78%|███████▊  | 980/1250 [04:06<01:09,  3.86it/s]
[1Aphase1 epoch 1:  78%|███████▊  | 981/1250 [04:07<01:08,  3.95it/s]
[1Aphase1 epoch 1:  79%|███████▊  | 982/1250 [04:07<01:07,  3.95it/s]
[1Aphase1 epoch 1:  79%|███████▊  | 983/1250 [04:07<01:06,  4.01it/s]
[1Aphase1 epoch 1:  79%|███████▊  | 984/1250 [04:07<01:06,  4.00it/s]
[1Aphase1 epoch 1:  79%|███████▉  | 985/1250 [04:08<01:05,  4.04it/s]
[1Aphase1 epoch 1:  79%|███████▉  | 986/1250 [04:08<01:05,  4.01it/s]
[1Aphase1 epoch 1:  79%|███████▉  | 987/1250 [04:08<01:06,  3.93it/s]
[1Aphase1 epoch 1:  79%|███████▉  | 988/1250 [04:08<01:07,  3.90it/s]
[1Aphase1 epoch 1:  79%|███████▉  | 989/1250 [04:09<01:05,  3.96it/s]
[1Aphase1 epoch 1:  79%|███████▉  | 990/1250 [04:09<01:04,  4.03it/s]
[1Aphase1 epoch 1:  79%|███████▉  | 991/1250 [04:09<01:03,  4.07it/s]
[1Aphase1 epoch 1:  79%|███████▉  | 992/1250 [04:09<01:02,  4.11it/s]
[1Aphase1 epoch 1:  79%|███████▉  | 993/1250 [04:10<01:02,  4.14it/s]
[1Aphase1 epoch 1:  80%|███████▉  | 994/1250 [04:10<01:01,  4.15it/s]
[1Aphase1 epoch 1:  80%|███████▉  | 995/1250 [04:10<01:01,  4.16it/s]
[1Aphase1 epoch 1:  80%|███████▉  | 996/1250 [04:10<01:03,  4.03it/s]
[1Aphase1 epoch 1:  80%|███████▉  | 997/1250 [04:10<01:02,  4.06it/s]
[1Aphase1 epoch 1:  80%|███████▉  | 998/1250 [04:11<01:01,  4.10it/s]
[1Aphase1 epoch 1:  80%|███████▉  | 999/1250 [04:11<01:01,  4.06it/s]
[1Aphase1 epoch 1:  80%|████████  | 1000/1250 [04:11<01:01,  4.09it/s]
[1Aphase1 epoch 1:  80%|████████  | 1001/1250 [04:11<01:00,  4.11it/s]
[1Aphase1 epoch 1:  80%|████████  | 1002/1250 [04:12<01:01,  4.05it/s]
[1Aphase1 epoch 1:  80%|████████  | 1003/1250 [04:12<01:01,  4.03it/s]
[1Aphase1 epoch 1:  80%|████████  | 1004/1250 [04:12<01:01,  4.01it/s]
[1Aphase1 epoch 1:  80%|████████  | 1005/1250 [04:12<01:00,  4.05it/s]
[1Aphase1 epoch 1:  80%|████████  | 1006/1250 [04:13<00:59,  4.09it/s]
[1Aphase1 epoch 1:  81%|████████  | 1007/1250 [04:13<01:01,  3.98it/s]
[1Aphase1 epoch 1:  81%|████████  | 1008/1250 [04:13<01:00,  3.97it/s]
[1Aphase1 epoch 1:  81%|████████  | 1009/1250 [04:13<00:59,  4.04it/s]
[1Aphase1 epoch 1:  81%|████████  | 1010/1250 [04:14<01:01,  3.90it/s]
[1Aphase1 epoch 1:  81%|████████  | 1011/1250 [04:14<01:00,  3.93it/s]
[1Aphase1 epoch 1:  81%|████████  | 1012/1250 [04:14<01:01,  3.89it/s]
[1Aphase1 epoch 1:  81%|████████  | 1013/1250 [04:14<01:00,  3.91it/s]
[1Aphase1 epoch 1:  81%|████████  | 1014/1250 [04:15<01:00,  3.91it/s]
[1Aphase1 epoch 1:  81%|████████  | 1015/1250 [04:15<00:59,  3.93it/s]
[1Aphase1 epoch 1:  81%|████████▏ | 1016/1250 [04:15<00:59,  3.95it/s]
[1Aphase1 epoch 1:  81%|████████▏ | 1017/1250 [04:16<00:58,  3.97it/s]
[1Aphase1 epoch 1:  81%|████████▏ | 1018/1250 [04:16<00:59,  3.91it/s]
[1Aphase1 epoch 1:  82%|████████▏ | 1019/1250 [04:16<00:57,  3.99it/s]
[1Aphase1 epoch 1:  82%|████████▏ | 1020/1250 [04:16<00:57,  3.97it/s]
[1Aphase1 epoch 1:  82%|████████▏ | 1021/1250 [04:17<00:57,  3.96it/s]
[1Aphase1 epoch 1:  82%|████████▏ | 1022/1250 [04:17<00:57,  3.97it/s]
[1Aphase1 epoch 1:  82%|████████▏ | 1023/1250 [04:17<00:57,  3.97it/s]
[1Aphase1 epoch 1:  82%|████████▏ | 1024/1250 [04:17<00:57,  3.96it/s]
[1Aphase1 epoch 1:  82%|████████▏ | 1025/1250 [04:18<00:56,  3.96it/s]
[1Aphase1 epoch 1:  82%|████████▏ | 1026/1250 [04:18<00:55,  4.02it/s]
[1Aphase1 epoch 1:  82%|████████▏ | 1027/1250 [04:18<00:57,  3.88it/s]
[1Aphase1 epoch 1:  82%|████████▏ | 1028/1250 [04:18<00:56,  3.96it/s]
[1Aphase1 epoch 1:  82%|████████▏ | 1029/1250 [04:19<00:55,  3.96it/s]
[1Aphase1 epoch 1:  82%|████████▏ | 1030/1250 [04:19<00:54,  4.01it/s]
[1Aphase1 epoch 1:  82%|████████▏ | 1031/1250 [04:19<00:53,  4.06it/s]
[1Aphase1 epoch 1:  83%|████████▎ | 1032/1250 [04:19<00:55,  3.92it/s]
[1Aphase1 epoch 1:  83%|████████▎ | 1033/1250 [04:20<00:55,  3.92it/s]
[1Aphase1 epoch 1:  83%|████████▎ | 1034/1250 [04:20<00:54,  4.00it/s]
[1Aphase1 epoch 1:  83%|████████▎ | 1035/1250 [04:20<00:53,  3.99it/s]
[1Aphase1 epoch 1:  83%|████████▎ | 1036/1250 [04:20<00:52,  4.05it/s]
[1Aphase1 epoch 1:  83%|████████▎ | 1037/1250 [04:21<00:52,  4.03it/s]
[1Aphase1 epoch 1:  83%|████████▎ | 1038/1250 [04:21<00:53,  3.94it/s]
[1Aphase1 epoch 1:  83%|████████▎ | 1039/1250 [04:21<00:52,  4.02it/s]
[1Aphase1 epoch 1:  83%|████████▎ | 1040/1250 [04:21<00:52,  3.99it/s]
[1Aphase1 epoch 1:  83%|████████▎ | 1041/1250 [04:22<00:53,  3.92it/s]
[1Aphase1 epoch 1:  83%|████████▎ | 1042/1250 [04:22<00:53,  3.88it/s]
[1Aphase1 epoch 1:  83%|████████▎ | 1043/1250 [04:22<00:53,  3.86it/s]
[1Aphase1 epoch 1:  84%|████████▎ | 1044/1250 [04:22<00:53,  3.88it/s]
[1Aphase1 epoch 1:  84%|████████▎ | 1045/1250 [04:23<00:52,  3.88it/s]
[1Aphase1 epoch 1:  84%|████████▎ | 1046/1250 [04:23<00:51,  3.98it/s]
[1Aphase1 epoch 1:  84%|████████▍ | 1047/1250 [04:23<00:50,  4.05it/s]
[1Aphase1 epoch 1:  84%|████████▍ | 1048/1250 [04:23<00:49,  4.05it/s]
[1Aphase1 epoch 1:  84%|████████▍ | 1049/1250 [04:24<00:50,  4.01it/s]
[1Aphase1 epoch 1:  84%|████████▍ | 1050/1250 [04:24<00:49,  4.01it/s]
[1Aphase1 epoch 1:  84%|████████▍ | 1051/1250 [04:24<00:49,  4.04it/s]
[1Aphase1 epoch 1:  84%|████████▍ | 1052/1250 [04:24<00:48,  4.08it/s]
[1Aphase1 epoch 1:  84%|████████▍ | 1053/1250 [04:25<00:48,  4.10it/s]
[1Aphase1 epoch 1:  84%|████████▍ | 1054/1250 [04:25<00:48,  4.06it/s]
[1Aphase1 epoch 1:  84%|████████▍ | 1055/1250 [04:25<00:48,  4.03it/s]
[1Aphase1 epoch 1:  84%|████████▍ | 1056/1250 [04:25<00:49,  3.95it/s]
[1Aphase1 epoch 1:  85%|████████▍ | 1057/1250 [04:26<00:50,  3.84it/s]
[1Aphase1 epoch 1:  85%|████████▍ | 1058/1250 [04:26<00:49,  3.88it/s]
[1Aphase1 epoch 1:  85%|████████▍ | 1059/1250 [04:26<00:48,  3.95it/s]
[1Aphase1 epoch 1:  85%|████████▍ | 1060/1250 [04:26<00:47,  4.00it/s]
[1Aphase1 epoch 1:  85%|████████▍ | 1061/1250 [04:27<00:48,  3.92it/s]
[1Aphase1 epoch 1:  85%|████████▍ | 1062/1250 [04:27<00:47,  3.94it/s]
[1Aphase1 epoch 1:  85%|████████▌ | 1063/1250 [04:27<00:47,  3.93it/s]
[1Aphase1 epoch 1:  85%|████████▌ | 1064/1250 [04:27<00:47,  3.93it/s]
[1Aphase1 epoch 1:  85%|████████▌ | 1065/1250 [04:28<00:46,  3.94it/s]
[1Aphase1 epoch 1:  85%|████████▌ | 1066/1250 [04:28<00:45,  4.01it/s]
[1Aphase1 epoch 1:  85%|████████▌ | 1067/1250 [04:28<00:46,  3.95it/s]
[1Aphase1 epoch 1:  85%|████████▌ | 1068/1250 [04:28<00:46,  3.89it/s]
[1Aphase1 epoch 1:  86%|████████▌ | 1069/1250 [04:29<00:47,  3.80it/s]
[1Aphase1 epoch 1:  86%|████████▌ | 1070/1250 [04:29<00:46,  3.85it/s]
[1Aphase1 epoch 1:  86%|████████▌ | 1071/1250 [04:29<00:46,  3.82it/s]
[1Aphase1 epoch 1:  86%|████████▌ | 1072/1250 [04:29<00:46,  3.81it/s]
[1Aphase1 epoch 1:  86%|████████▌ | 1073/1250 [04:30<00:46,  3.79it/s]
[1Aphase1 epoch 1:  86%|████████▌ | 1074/1250 [04:30<00:45,  3.89it/s]
[1Aphase1 epoch 1:  86%|████████▌ | 1075/1250 [04:30<00:44,  3.91it/s]
[1Aphase1 epoch 1:  86%|████████▌ | 1076/1250 [04:30<00:44,  3.93it/s]
[1Aphase1 epoch 1:  86%|████████▌ | 1077/1250 [04:31<00:43,  3.94it/s]
[1Aphase1 epoch 1:  86%|████████▌ | 1078/1250 [04:31<00:43,  3.94it/s]
[1Aphase1 epoch 1:  86%|████████▋ | 1079/1250 [04:31<00:42,  4.01it/s]
[1Aphase1 epoch 1:  86%|████████▋ | 1080/1250 [04:31<00:41,  4.07it/s]
[1Aphase1 epoch 1:  86%|████████▋ | 1081/1250 [04:32<00:41,  4.04it/s]
[1Aphase1 epoch 1:  87%|████████▋ | 1082/1250 [04:32<00:41,  4.08it/s]
[1Aphase1 epoch 1:  87%|████████▋ | 1083/1250 [04:32<00:41,  4.04it/s]
[1Aphase1 epoch 1:  87%|████████▋ | 1084/1250 [04:32<00:40,  4.09it/s]
[1Aphase1 epoch 1:  87%|████████▋ | 1085/1250 [04:33<00:41,  3.98it/s]
[1Aphase1 epoch 1:  87%|████████▋ | 1086/1250 [04:33<00:42,  3.90it/s]
[1Aphase1 epoch 1:  87%|████████▋ | 1087/1250 [04:33<00:42,  3.87it/s]
[1Aphase1 epoch 1:  87%|████████▋ | 1088/1250 [04:33<00:42,  3.82it/s]
[1Aphase1 epoch 1:  87%|████████▋ | 1089/1250 [04:34<00:41,  3.86it/s]
[1Aphase1 epoch 1:  87%|████████▋ | 1090/1250 [04:34<00:41,  3.90it/s]
[1Aphase1 epoch 1:  87%|████████▋ | 1091/1250 [04:34<00:40,  3.91it/s]
[1Aphase1 epoch 1:  87%|████████▋ | 1092/1250 [04:34<00:40,  3.91it/s]
[1Aphase1 epoch 1:  87%|████████▋ | 1093/1250 [04:35<00:40,  3.87it/s]
[1Aphase1 epoch 1:  88%|████████▊ | 1094/1250 [04:35<00:40,  3.89it/s]
[1Aphase1 epoch 1:  88%|████████▊ | 1095/1250 [04:35<00:40,  3.86it/s]
[1Aphase1 epoch 1:  88%|████████▊ | 1096/1250 [04:36<00:39,  3.89it/s]
[1Aphase1 epoch 1:  88%|████████▊ | 1097/1250 [04:36<00:39,  3.91it/s]
[1Aphase1 epoch 1:  88%|████████▊ | 1098/1250 [04:36<00:38,  3.97it/s]
[1Aphase1 epoch 1:  88%|████████▊ | 1099/1250 [04:36<00:38,  3.97it/s]
[1Aphase1 epoch 1:  88%|████████▊ | 1100/1250 [04:37<00:37,  3.96it/s]
[1Aphase1 epoch 1:  88%|████████▊ | 1101/1250 [04:37<00:37,  3.97it/s]
[1Aphase1 epoch 1:  88%|████████▊ | 1102/1250 [04:37<00:37,  3.90it/s]
[1Aphase1 epoch 1:  88%|████████▊ | 1103/1250 [04:37<00:37,  3.92it/s]
[1Aphase1 epoch 1:  88%|████████▊ | 1104/1250 [04:38<00:37,  3.93it/s]
[1Aphase1 epoch 1:  88%|████████▊ | 1105/1250 [04:38<00:36,  3.95it/s]
[1Aphase1 epoch 1:  88%|████████▊ | 1106/1250 [04:38<00:36,  3.94it/s]
[1Aphase1 epoch 1:  89%|████████▊ | 1107/1250 [04:38<00:36,  3.94it/s]
[1Aphase1 epoch 1:  89%|████████▊ | 1108/1250 [04:39<00:37,  3.83it/s]
[1Aphase1 epoch 1:  89%|████████▊ | 1109/1250 [04:39<00:36,  3.82it/s]
[1Aphase1 epoch 1:  89%|████████▉ | 1110/1250 [04:39<00:35,  3.92it/s]
[1Aphase1 epoch 1:  89%|████████▉ | 1111/1250 [04:39<00:35,  3.88it/s]
[1Aphase1 epoch 1:  89%|████████▉ | 1112/1250 [04:40<00:34,  3.95it/s]
[1Aphase1 epoch 1:  89%|████████▉ | 1113/1250 [04:40<00:35,  3.91it/s]
[1Aphase1 epoch 1:  89%|████████▉ | 1114/1250 [04:40<00:34,  3.93it/s]
[1Aphase1 epoch 1:  89%|████████▉ | 1115/1250 [04:40<00:34,  3.94it/s]
[1Aphase1 epoch 1:  89%|████████▉ | 1116/1250 [04:41<00:33,  3.94it/s]
[1Aphase1 epoch 1:  89%|████████▉ | 1117/1250 [04:41<00:34,  3.89it/s]
[1Aphase1 epoch 1:  89%|████████▉ | 1118/1250 [04:41<00:33,  3.91it/s]
[1Aphase1 epoch 1:  90%|████████▉ | 1119/1250 [04:41<00:32,  4.00it/s]
[1Aphase1 epoch 1:  90%|████████▉ | 1120/1250 [04:42<00:33,  3.92it/s]
[1Aphase1 epoch 1:  90%|████████▉ | 1121/1250 [04:42<00:32,  3.95it/s]
[1Aphase1 epoch 1:  90%|████████▉ | 1122/1250 [04:42<00:31,  4.03it/s]
[1Aphase1 epoch 1:  90%|████████▉ | 1123/1250 [04:42<00:32,  3.96it/s]
[1Aphase1 epoch 1:  90%|████████▉ | 1124/1250 [04:43<00:31,  4.02it/s]
[1Aphase1 epoch 1:  90%|█████████ | 1125/1250 [04:43<00:31,  4.00it/s]
[1Aphase1 epoch 1:  90%|█████████ | 1126/1250 [04:43<00:31,  4.00it/s]
[1Aphase1 epoch 1:  90%|█████████ | 1127/1250 [04:43<00:31,  3.88it/s]
[1Aphase1 epoch 1:  90%|█████████ | 1128/1250 [04:44<00:31,  3.91it/s]
[1Aphase1 epoch 1:  90%|█████████ | 1129/1250 [04:44<00:31,  3.82it/s]
[1Aphase1 epoch 1:  90%|█████████ | 1130/1250 [04:44<00:31,  3.85it/s]
[1Aphase1 epoch 1:  90%|█████████ | 1131/1250 [04:44<00:30,  3.87it/s]
[1Aphase1 epoch 1:  91%|█████████ | 1132/1250 [04:45<00:29,  3.96it/s]
[1Aphase1 epoch 1:  91%|█████████ | 1133/1250 [04:45<00:30,  3.86it/s]
[1Aphase1 epoch 1:  91%|█████████ | 1134/1250 [04:45<00:29,  3.95it/s]
[1Aphase1 epoch 1:  91%|█████████ | 1135/1250 [04:45<00:29,  3.85it/s]
[1Aphase1 epoch 1:  91%|█████████ | 1136/1250 [04:46<00:29,  3.87it/s]
[1Aphase1 epoch 1:  91%|█████████ | 1137/1250 [04:46<00:28,  3.91it/s]
[1Aphase1 epoch 1:  91%|█████████ | 1138/1250 [04:46<00:28,  3.88it/s]
[1Aphase1 epoch 1:  91%|█████████ | 1139/1250 [04:46<00:28,  3.89it/s]
[1Aphase1 epoch 1:  91%|█████████ | 1140/1250 [04:47<00:27,  3.97it/s]
[1Aphase1 epoch 1:  91%|█████████▏| 1141/1250 [04:47<00:27,  3.95it/s]
[1Aphase1 epoch 1:  91%|█████████▏| 1142/1250 [04:47<00:27,  3.90it/s]
[1Aphase1 epoch 1:  91%|█████████▏| 1143/1250 [04:48<00:27,  3.92it/s]
[1Aphase1 epoch 1:  92%|█████████▏| 1144/1250 [04:48<00:27,  3.92it/s]
[1Aphase1 epoch 1:  92%|█████████▏| 1145/1250 [04:48<00:26,  3.99it/s]
[1Aphase1 epoch 1:  92%|█████████▏| 1146/1250 [04:48<00:26,  3.94it/s]
[1Aphase1 epoch 1:  92%|█████████▏| 1147/1250 [04:49<00:25,  3.96it/s]
[1Aphase1 epoch 1:  92%|█████████▏| 1148/1250 [04:49<00:25,  4.02it/s]
[1Aphase1 epoch 1:  92%|█████████▏| 1149/1250 [04:49<00:24,  4.07it/s]
[1Aphase1 epoch 1:  92%|█████████▏| 1150/1250 [04:49<00:24,  4.10it/s]
[1Aphase1 epoch 1:  92%|█████████▏| 1151/1250 [04:49<00:24,  4.00it/s]
[1Aphase1 epoch 1:  92%|█████████▏| 1152/1250 [04:50<00:24,  4.05it/s]
[1Aphase1 epoch 1:  92%|█████████▏| 1153/1250 [04:50<00:23,  4.08it/s]
[1Aphase1 epoch 1:  92%|█████████▏| 1154/1250 [04:50<00:23,  4.04it/s]
[1Aphase1 epoch 1:  92%|█████████▏| 1155/1250 [04:50<00:23,  3.96it/s]
[1Aphase1 epoch 1:  92%|█████████▏| 1156/1250 [04:51<00:23,  3.95it/s]
[1Aphase1 epoch 1:  93%|█████████▎| 1157/1250 [04:51<00:23,  3.97it/s]
[1Aphase1 epoch 1:  93%|█████████▎| 1158/1250 [04:51<00:23,  3.97it/s]
[1Aphase1 epoch 1:  93%|█████████▎| 1159/1250 [04:52<00:23,  3.86it/s]
[1Aphase1 epoch 1:  93%|█████████▎| 1160/1250 [04:52<00:23,  3.82it/s]
[1Aphase1 epoch 1:  93%|█████████▎| 1161/1250 [04:52<00:23,  3.80it/s]
[1Aphase1 epoch 1:  93%|█████████▎| 1162/1250 [04:52<00:23,  3.80it/s]
[1Aphase1 epoch 1:  93%|█████████▎| 1163/1250 [04:53<00:22,  3.81it/s]
[1Aphase1 epoch 1:  93%|█████████▎| 1164/1250 [04:53<00:22,  3.87it/s]
[1Aphase1 epoch 1:  93%|█████████▎| 1165/1250 [04:53<00:21,  3.88it/s]
[1Aphase1 epoch 1:  93%|█████████▎| 1166/1250 [04:53<00:21,  3.84it/s]
[1Aphase1 epoch 1:  93%|█████████▎| 1167/1250 [04:54<00:21,  3.93it/s]
[1Aphase1 epoch 1:  93%|█████████▎| 1168/1250 [04:54<00:21,  3.84it/s]
[1Aphase1 epoch 1:  94%|█████████▎| 1169/1250 [04:54<00:20,  3.92it/s]
[1Aphase1 epoch 1:  94%|█████████▎| 1170/1250 [04:54<00:20,  3.88it/s]
[1Aphase1 epoch 1:  94%|█████████▎| 1171/1250 [04:55<00:20,  3.92it/s]
[1Aphase1 epoch 1:  94%|█████████▍| 1172/1250 [04:55<00:19,  3.92it/s]
[1Aphase1 epoch 1:  94%|█████████▍| 1173/1250 [04:55<00:19,  3.86it/s]
[1Aphase1 epoch 1:  94%|█████████▍| 1174/1250 [04:55<00:19,  3.88it/s]
[1Aphase1 epoch 1:  94%|█████████▍| 1175/1250 [04:56<00:19,  3.84it/s]
[1Aphase1 epoch 1:  94%|█████████▍| 1176/1250 [04:56<00:19,  3.81it/s]
[1Aphase1 epoch 1:  94%|█████████▍| 1177/1250 [04:56<00:18,  3.91it/s]
[1Aphase1 epoch 1:  94%|█████████▍| 1178/1250 [04:56<00:18,  3.98it/s]
[1Aphase1 epoch 1:  94%|█████████▍| 1179/1250 [04:57<00:18,  3.92it/s]
[1Aphase1 epoch 1:  94%|█████████▍| 1180/1250 [04:57<00:18,  3.87it/s]
[1Aphase1 epoch 1:  94%|█████████▍| 1181/1250 [04:57<00:17,  3.89it/s]
[1Aphase1 epoch 1:  95%|█████████▍| 1182/1250 [04:57<00:17,  3.91it/s]
[1Aphase1 epoch 1:  95%|█████████▍| 1183/1250 [04:58<00:16,  3.98it/s]
[1Aphase1 epoch 1:  95%|█████████▍| 1184/1250 [04:58<00:16,  3.98it/s]
[1Aphase1 epoch 1:  95%|█████████▍| 1185/1250 [04:58<00:16,  3.96it/s]
[1Aphase1 epoch 1:  95%|█████████▍| 1186/1250 [04:58<00:16,  3.89it/s]
[1Aphase1 epoch 1:  95%|█████████▍| 1187/1250 [04:59<00:16,  3.86it/s]
[1Aphase1 epoch 1:  95%|█████████▌| 1188/1250 [04:59<00:15,  3.89it/s]
[1Aphase1 epoch 1:  95%|█████████▌| 1189/1250 [04:59<00:15,  3.84it/s]
[1Aphase1 epoch 1:  95%|█████████▌| 1190/1250 [04:59<00:15,  3.89it/s]
[1Aphase1 epoch 1:  95%|█████████▌| 1191/1250 [05:00<00:15,  3.92it/s]
[1Aphase1 epoch 1:  95%|█████████▌| 1192/1250 [05:00<00:14,  3.95it/s]
[1Aphase1 epoch 1:  95%|█████████▌| 1193/1250 [05:00<00:14,  3.88it/s]
[1Aphase1 epoch 1:  96%|█████████▌| 1194/1250 [05:01<00:14,  3.96it/s]
[1Aphase1 epoch 1:  96%|█████████▌| 1195/1250 [05:01<00:13,  3.98it/s]
[1Aphase1 epoch 1:  96%|█████████▌| 1196/1250 [05:01<00:13,  3.97it/s]
[1Aphase1 epoch 1:  96%|█████████▌| 1197/1250 [05:01<00:13,  3.96it/s]
[1Aphase1 epoch 1:  96%|█████████▌| 1198/1250 [05:02<00:13,  3.96it/s]
[1Aphase1 epoch 1:  96%|█████████▌| 1199/1250 [05:02<00:12,  4.03it/s]
[1Aphase1 epoch 1:  96%|█████████▌| 1200/1250 [05:02<00:12,  4.01it/s]
[1Aphase1 epoch 1:  96%|█████████▌| 1201/1250 [05:02<00:12,  3.99it/s]
[1Aphase1 epoch 1:  96%|█████████▌| 1202/1250 [05:03<00:12,  3.91it/s]
[1Aphase1 epoch 1:  96%|█████████▌| 1203/1250 [05:03<00:11,  3.93it/s]
[1Aphase1 epoch 1:  96%|█████████▋| 1204/1250 [05:03<00:11,  3.96it/s]
[1Aphase1 epoch 1:  96%|█████████▋| 1205/1250 [05:03<00:11,  3.96it/s]
[1Aphase1 epoch 1:  96%|█████████▋| 1206/1250 [05:04<00:11,  3.96it/s]
[1Aphase1 epoch 1:  97%|█████████▋| 1207/1250 [05:04<00:10,  3.97it/s]
[1Aphase1 epoch 1:  97%|█████████▋| 1208/1250 [05:04<00:10,  3.91it/s]
[1Aphase1 epoch 1:  97%|█████████▋| 1209/1250 [05:04<00:10,  3.93it/s]
[1Aphase1 epoch 1:  97%|█████████▋| 1210/1250 [05:05<00:09,  4.01it/s]
[1Aphase1 epoch 1:  97%|█████████▋| 1211/1250 [05:05<00:09,  4.11it/s]
[1Aphase1 epoch 1:  97%|█████████▋| 1212/1250 [05:05<00:09,  4.05it/s]
[1Aphase1 epoch 1:  97%|█████████▋| 1213/1250 [05:05<00:09,  3.92it/s]
[1Aphase1 epoch 1:  97%|█████████▋| 1214/1250 [05:06<00:09,  3.89it/s]
[1Aphase1 epoch 1:  97%|█████████▋| 1215/1250 [05:06<00:08,  3.91it/s]
[1Aphase1 epoch 1:  97%|█████████▋| 1216/1250 [05:06<00:08,  3.91it/s]
[1Aphase1 epoch 1:  97%|█████████▋| 1217/1250 [05:06<00:08,  3.93it/s]
[1Aphase1 epoch 1:  97%|█████████▋| 1218/1250 [05:07<00:08,  3.95it/s]
[1Aphase1 epoch 1:  98%|█████████▊| 1219/1250 [05:07<00:07,  3.96it/s]
[1Aphase1 epoch 1:  98%|█████████▊| 1220/1250 [05:07<00:07,  4.04it/s]
[1Aphase1 epoch 1:  98%|█████████▊| 1221/1250 [05:07<00:07,  4.09it/s]
[1Aphase1 epoch 1:  98%|█████████▊| 1222/1250 [05:08<00:07,  3.99it/s]
[1Aphase1 epoch 1:  98%|█████████▊| 1223/1250 [05:08<00:06,  3.99it/s]
[1Aphase1 epoch 1:  98%|█████████▊| 1224/1250 [05:08<00:06,  3.99it/s]
[1Aphase1 epoch 1:  98%|█████████▊| 1225/1250 [05:08<00:06,  3.98it/s]
[1Aphase1 epoch 1:  98%|█████████▊| 1226/1250 [05:09<00:06,  3.97it/s]
[1Aphase1 epoch 1:  98%|█████████▊| 1227/1250 [05:09<00:05,  3.96it/s]
[1Aphase1 epoch 1:  98%|█████████▊| 1228/1250 [05:09<00:05,  3.89it/s]
[1Aphase1 epoch 1:  98%|█████████▊| 1229/1250 [05:09<00:05,  3.97it/s]
[1Aphase1 epoch 1:  98%|█████████▊| 1230/1250 [05:10<00:04,  4.03it/s]
[1Aphase1 epoch 1:  98%|█████████▊| 1231/1250 [05:10<00:04,  4.00it/s]
[1Aphase1 epoch 1:  99%|█████████▊| 1232/1250 [05:10<00:04,  3.98it/s]
[1Aphase1 epoch 1:  99%|█████████▊| 1233/1250 [05:10<00:04,  3.97it/s]
[1Aphase1 epoch 1:  99%|█████████▊| 1234/1250 [05:11<00:04,  3.95it/s]
[1Aphase1 epoch 1:  99%|█████████▉| 1235/1250 [05:11<00:03,  4.01it/s]
[1Aphase1 epoch 1:  99%|█████████▉| 1236/1250 [05:11<00:03,  4.07it/s]
[1Aphase1 epoch 1:  99%|█████████▉| 1237/1250 [05:11<00:03,  4.02it/s]
[1Aphase1 epoch 1:  99%|█████████▉| 1238/1250 [05:12<00:03,  3.99it/s]
[1Aphase1 epoch 1:  99%|█████████▉| 1239/1250 [05:12<00:02,  3.91it/s]
[1Aphase1 epoch 1:  99%|█████████▉| 1240/1250 [05:12<00:02,  3.93it/s]
[1Aphase1 epoch 1:  99%|█████████▉| 1241/1250 [05:12<00:02,  3.94it/s]
[1Aphase1 epoch 1:  99%|█████████▉| 1242/1250 [05:13<00:02,  3.82it/s]
[1Aphase1 epoch 1:  99%|█████████▉| 1243/1250 [05:13<00:01,  3.86it/s]
[1Aphase1 epoch 1: 100%|█████████▉| 1244/1250 [05:13<00:01,  3.83it/s]
[1Aphase1 epoch 1: 100%|█████████▉| 1245/1250 [05:13<00:01,  3.87it/s]
[1Aphase1 epoch 1: 100%|█████████▉| 1246/1250 [05:14<00:01,  3.97it/s]
[1Aphase1 epoch 1: 100%|█████████▉| 1247/1250 [05:14<00:00,  3.97it/s]
[1Aphase1 epoch 1: 100%|█████████▉| 1248/1250 [05:14<00:00,  3.96it/s]
[1Aphase1 epoch 1: 100%|█████████▉| 1249/1250 [05:14<00:00,  3.95it/s]
[1Aphase1 epoch 1: 100%|██████████| 1250/1250 [05:15<00:00,  3.90it/s]
[1A                                                                   
[1A
[1Aphase1 epoch 2:   0%|          | 0/1250 [00:00<?, ?it/s]
[1Aphase1 epoch 2:   0%|          | 1/1250 [00:00<05:10,  4.02it/s]
[1Aphase1 epoch 2:   0%|          | 2/1250 [00:00<05:21,  3.88it/s]
[1Aphase1 epoch 2:   0%|          | 3/1250 [00:00<05:25,  3.83it/s]
[1Aphase1 epoch 2:   0%|          | 4/1250 [00:01<05:27,  3.80it/s]
[1Aphase1 epoch 2:   0%|          | 5/1250 [00:01<05:22,  3.86it/s]
[1Aphase1 epoch 2:   0%|          | 6/1250 [00:01<05:20,  3.88it/s]
[1Aphase1 epoch 2:   1%|          | 7/1250 [00:01<05:12,  3.97it/s]
[1Aphase1 epoch 2:   1%|          | 8/1250 [00:02<05:08,  4.03it/s]
[1Aphase1 epoch 2:   1%|          | 9/1250 [00:02<05:13,  3.96it/s]
[1Aphase1 epoch 2:   1%|          | 10/1250 [00:02<05:11,  3.98it/s]
[1Aphase1 epoch 2:   1%|          | 11/1250 [00:02<05:07,  4.03it/s]
[1Aphase1 epoch 2:   1%|          | 12/1250 [00:03<05:14,  3.94it/s]
[1Aphase1 epoch 2:   1%|          | 13/1250 [00:03<05:17,  3.90it/s]
[1Aphase1 epoch 2:   1%|          | 14/1250 [00:03<05:18,  3.88it/s]
[1Aphase1 epoch 2:   1%|          | 15/1250 [00:03<05:17,  3.89it/s]
[1Aphase1 epoch 2:   1%|▏         | 16/1250 [00:04<05:10,  3.97it/s]
[1Aphase1 epoch 2:   1%|▏         | 17/1250 [00:04<05:09,  3.98it/s]
[1Aphase1 epoch 2:   1%|▏         | 18/1250 [00:04<05:10,  3.97it/s]
[1Aphase1 epoch 2:   2%|▏         | 19/1250 [00:04<05:04,  4.04it/s]
[1Aphase1 epoch 2:   2%|▏         | 20/1250 [00:05<05:05,  4.03it/s]
[1Aphase1 epoch 2:   2%|▏         | 21/1250 [00:05<05:12,  3.94it/s]
[1Aphase1 epoch 2:   2%|▏         | 22/1250 [00:05<05:15,  3.89it/s]
[1Aphase1 epoch 2:   2%|▏         | 23/1250 [00:05<05:12,  3.93it/s]
[1Aphase1 epoch 2:   2%|▏         | 24/1250 [00:06<05:12,  3.93it/s]
[1Aphase1 epoch 2:   2%|▏         | 25/1250 [00:06<05:10,  3.94it/s]
[1Aphase1 epoch 2:   2%|▏         | 26/1250 [00:06<05:13,  3.91it/s]
[1Aphase1 epoch 2:   2%|▏         | 27/1250 [00:06<05:10,  3.94it/s]
[1Aphase1 epoch 2:   2%|▏         | 28/1250 [00:07<05:10,  3.93it/s]
[1Aphase1 epoch 2:   2%|▏         | 29/1250 [00:07<05:14,  3.88it/s]
[1Aphase1 epoch 2:   2%|▏         | 30/1250 [00:07<05:07,  3.97it/s]
[1Aphase1 epoch 2:   2%|▏         | 31/1250 [00:07<05:12,  3.90it/s]
[1Aphase1 epoch 2:   3%|▎         | 32/1250 [00:08<05:10,  3.92it/s]
[1Aphase1 epoch 2:   3%|▎         | 33/1250 [00:08<05:07,  3.95it/s]
[1Aphase1 epoch 2:   3%|▎         | 34/1250 [00:08<05:03,  4.01it/s]
[1Aphase1 epoch 2:   3%|▎         | 35/1250 [00:08<04:58,  4.07it/s]
[1Aphase1 epoch 2:   3%|▎         | 36/1250 [00:09<05:01,  4.03it/s]
[1Aphase1 epoch 2:   3%|▎         | 37/1250 [00:09<05:03,  4.00it/s]
[1Aphase1 epoch 2:   3%|▎         | 38/1250 [00:09<05:04,  3.98it/s]
[1Aphase1 epoch 2:   3%|▎         | 39/1250 [00:09<05:06,  3.96it/s]
[1Aphase1 epoch 2:   3%|▎         | 40/1250 [00:10<05:10,  3.90it/s]
[1Aphase1 epoch 2:   3%|▎         | 41/1250 [00:10<05:07,  3.93it/s]
[1Aphase1 epoch 2:   3%|▎         | 42/1250 [00:10<05:06,  3.94it/s]
[1Aphase1 epoch 2:   3%|▎         | 43/1250 [00:10<05:04,  3.96it/s]
[1Aphase1 epoch 2:   4%|▎         | 44/1250 [00:11<04:59,  4.03it/s]
[1Aphase1 epoch 2:   4%|▎         | 45/1250 [00:11<05:00,  4.01it/s]
[1Aphase1 epoch 2:   4%|▎         | 46/1250 [00:11<04:57,  4.05it/s]
[1Aphase1 epoch 2:   4%|▍         | 47/1250 [00:11<04:58,  4.03it/s]
[1Aphase1 epoch 2:   4%|▍         | 48/1250 [00:12<05:04,  3.94it/s]
[1Aphase1 epoch 2:   4%|▍         | 49/1250 [00:12<05:08,  3.89it/s]
[1Aphase1 epoch 2:   4%|▍         | 50/1250 [00:12<05:07,  3.90it/s]
[1Aphase1 epoch 2:   4%|▍         | 51/1250 [00:12<05:04,  3.93it/s]
[1Aphase1 epoch 2:   4%|▍         | 52/1250 [00:13<04:59,  4.00it/s]
[1Aphase1 epoch 2:   4%|▍         | 53/1250 [00:13<04:53,  4.07it/s]
[1Aphase1 epoch 2:   4%|▍         | 54/1250 [00:13<04:50,  4.11it/s]
[1Aphase1 epoch 2:   4%|▍         | 55/1250 [00:13<04:52,  4.08it/s]
[1Aphase1 epoch 2:   4%|▍         | 56/1250 [00:14<04:55,  4.04it/s]
[1Aphase1 epoch 2:   5%|▍         | 57/1250 [00:14<04:57,  4.01it/s]
[1Aphase1 epoch 2:   5%|▍         | 58/1250 [00:14<05:02,  3.94it/s]
[1Aphase1 epoch 2:   5%|▍         | 59/1250 [00:14<04:57,  4.01it/s]
[1Aphase1 epoch 2:   5%|▍         | 60/1250 [00:15<05:03,  3.93it/s]
[1Aphase1 epoch 2:   5%|▍         | 61/1250 [00:15<04:56,  4.00it/s]
[1Aphase1 epoch 2:   5%|▍         | 62/1250 [00:15<05:01,  3.94it/s]
[1Aphase1 epoch 2:   5%|▌         | 63/1250 [00:15<04:55,  4.01it/s]
[1Aphase1 epoch 2:   5%|▌         | 64/1250 [00:16<04:52,  4.06it/s]
[1Aphase1 epoch 2:   5%|▌         | 65/1250 [00:16<04:48,  4.10it/s]
[1Aphase1 epoch 2:   5%|▌         | 66/1250 [00:16<04:55,  4.01it/s]
[1Aphase1 epoch 2:   5%|▌         | 67/1250 [00:16<04:56,  3.98it/s]
[1Aphase1 epoch 2:   5%|▌         | 68/1250 [00:17<04:56,  3.99it/s]
[1Aphase1 epoch 2:   6%|▌         | 69/1250 [00:17<04:56,  3.98it/s]
[1Aphase1 epoch 2:   6%|▌         | 70/1250 [00:17<04:56,  3.98it/s]
[1Aphase1 epoch 2:   6%|▌         | 71/1250 [00:17<04:56,  3.98it/s]
[1Aphase1 epoch 2:   6%|▌         | 72/1250 [00:18<05:00,  3.92it/s]
[1Aphase1 epoch 2:   6%|▌         | 73/1250 [00:18<04:54,  3.99it/s]
[1Aphase1 epoch 2:   6%|▌         | 74/1250 [00:18<04:49,  4.06it/s]
[1Aphase1 epoch 2:   6%|▌         | 75/1250 [00:18<04:46,  4.10it/s]
[1Aphase1 epoch 2:   6%|▌         | 76/1250 [00:19<04:49,  4.05it/s]
[1Aphase1 epoch 2:   6%|▌         | 77/1250 [00:19<04:51,  4.02it/s]
[1Aphase1 epoch 2:   6%|▌         | 78/1250 [00:19<04:56,  3.96it/s]
[1Aphase1 epoch 2:   6%|▋         | 79/1250 [00:19<04:57,  3.94it/s]
[1Aphase1 epoch 2:   6%|▋         | 80/1250 [00:20<04:56,  3.95it/s]
[1Aphase1 epoch 2:   6%|▋         | 81/1250 [00:20<04:50,  4.02it/s]
[1Aphase1 epoch 2:   7%|▋         | 82/1250 [00:20<04:55,  3.96it/s]
[1Aphase1 epoch 2:   7%|▋         | 83/1250 [00:20<04:55,  3.96it/s]
[1Aphase1 epoch 2:   7%|▋         | 84/1250 [00:21<04:55,  3.94it/s]
[1Aphase1 epoch 2:   7%|▋         | 85/1250 [00:21<04:55,  3.94it/s]
[1Aphase1 epoch 2:   7%|▋         | 86/1250 [00:21<04:50,  4.01it/s]
[1Aphase1 epoch 2:   7%|▋         | 87/1250 [00:21<04:49,  4.02it/s]
[1Aphase1 epoch 2:   7%|▋         | 88/1250 [00:22<04:55,  3.93it/s]
[1Aphase1 epoch 2:   7%|▋         | 89/1250 [00:22<04:54,  3.94it/s]
[1Aphase1 epoch 2:   7%|▋         | 90/1250 [00:22<05:00,  3.87it/s]
[1Aphase1 epoch 2:   7%|▋         | 91/1250 [00:22<04:52,  3.96it/s]
[1Aphase1 epoch 2:   7%|▋         | 92/1250 [00:23<05:00,  3.85it/s]
[1Aphase1 epoch 2:   7%|▋         | 93/1250 [00:23<04:56,  3.90it/s]
[1Aphase1 epoch 2:   8%|▊         | 94/1250 [00:23<04:55,  3.92it/s]
[1Aphase1 epoch 2:   8%|▊         | 95/1250 [00:23<04:53,  3.94it/s]
[1Aphase1 epoch 2:   8%|▊         | 96/1250 [00:24<04:57,  3.88it/s]
[1Aphase1 epoch 2:   8%|▊         | 97/1250 [00:24<05:00,  3.84it/s]
[1Aphase1 epoch 2:   8%|▊         | 98/1250 [00:24<04:56,  3.88it/s]
[1Aphase1 epoch 2:   8%|▊         | 99/1250 [00:24<04:54,  3.91it/s]
[1Aphase1 epoch 2:   8%|▊         | 100/1250 [00:25<04:48,  3.99it/s]
[1Aphase1 epoch 2:   8%|▊         | 101/1250 [00:25<04:52,  3.92it/s]
[1Aphase1 epoch 2:   8%|▊         | 102/1250 [00:25<04:47,  3.99it/s]
[1Aphase1 epoch 2:   8%|▊         | 103/1250 [00:25<04:48,  3.98it/s]
[1Aphase1 epoch 2:   8%|▊         | 104/1250 [00:26<04:48,  3.98it/s]
[1Aphase1 epoch 2:   8%|▊         | 105/1250 [00:26<04:48,  3.97it/s]
[1Aphase1 epoch 2:   8%|▊         | 106/1250 [00:26<04:45,  4.01it/s]
[1Aphase1 epoch 2:   9%|▊         | 107/1250 [00:26<04:45,  4.01it/s]
[1Aphase1 epoch 2:   9%|▊         | 108/1250 [00:27<04:41,  4.06it/s]
[1Aphase1 epoch 2:   9%|▊         | 109/1250 [00:27<04:47,  3.97it/s]
[1Aphase1 epoch 2:   9%|▉         | 110/1250 [00:27<04:53,  3.89it/s]
[1Aphase1 epoch 2:   9%|▉         | 111/1250 [00:28<04:51,  3.91it/s]
[1Aphase1 epoch 2:   9%|▉         | 112/1250 [00:28<04:51,  3.91it/s]
[1Aphase1 epoch 2:   9%|▉         | 113/1250 [00:28<04:43,  4.01it/s]
[1Aphase1 epoch 2:   9%|▉         | 114/1250 [00:28<04:44,  3.99it/s]
[1Aphase1 epoch 2:   9%|▉         | 115/1250 [00:28<04:39,  4.05it/s]
[1Aphase1 epoch 2:   9%|▉         | 116/1250 [00:29<04:34,  4.13it/s]
[1Aphase1 epoch 2:   9%|▉         | 117/1250 [00:29<04:32,  4.16it/s]
[1Aphase1 epoch 2:   9%|▉         | 118/1250 [00:29<04:31,  4.17it/s]
[1Aphase1 epoch 2:  10%|▉         | 119/1250 [00:29<04:35,  4.10it/s]
[1Aphase1 epoch 2:  10%|▉         | 120/1250 [00:30<04:38,  4.06it/s]
[1Aphase1 epoch 2:  10%|▉         | 121/1250 [00:30<04:39,  4.04it/s]
[1Aphase1 epoch 2:  10%|▉         | 122/1250 [00:30<04:36,  4.07it/s]
[1Aphase1 epoch 2:  10%|▉         | 123/1250 [00:30<04:39,  4.04it/s]
[1Aphase1 epoch 2:  10%|▉         | 124/1250 [00:31<04:48,  3.91it/s]
[1Aphase1 epoch 2:  10%|█         | 125/1250 [00:31<04:46,  3.92it/s]
[1Aphase1 epoch 2:  10%|█         | 126/1250 [00:31<04:46,  3.92it/s]
[1Aphase1 epoch 2:  10%|█         | 127/1250 [00:31<04:46,  3.92it/s]
[1Aphase1 epoch 2:  10%|█         | 128/1250 [00:32<04:45,  3.93it/s]
[1Aphase1 epoch 2:  10%|█         | 129/1250 [00:32<04:39,  4.01it/s]
[1Aphase1 epoch 2:  10%|█         | 130/1250 [00:32<04:40,  3.99it/s]
[1Aphase1 epoch 2:  10%|█         | 131/1250 [00:32<04:41,  3.97it/s]
[1Aphase1 epoch 2:  11%|█         | 132/1250 [00:33<04:45,  3.91it/s]
[1Aphase1 epoch 2:  11%|█         | 133/1250 [00:33<04:44,  3.92it/s]
[1Aphase1 epoch 2:  11%|█         | 134/1250 [00:33<04:44,  3.93it/s]
[1Aphase1 epoch 2:  11%|█         | 135/1250 [00:34<04:43,  3.94it/s]
[1Aphase1 epoch 2:  11%|█         | 136/1250 [00:34<04:37,  4.01it/s]
[1Aphase1 epoch 2:  11%|█         | 137/1250 [00:34<04:34,  4.06it/s]
[1Aphase1 epoch 2:  11%|█         | 138/1250 [00:34<04:37,  4.01it/s]
[1Aphase1 epoch 2:  11%|█         | 139/1250 [00:34<04:33,  4.06it/s]
[1Aphase1 epoch 2:  11%|█         | 140/1250 [00:35<04:35,  4.03it/s]
[1Aphase1 epoch 2:  11%|█▏        | 141/1250 [00:35<04:36,  4.01it/s]
[1Aphase1 epoch 2:  11%|█▏        | 142/1250 [00:35<04:37,  3.99it/s]
[1Aphase1 epoch 2:  11%|█▏        | 143/1250 [00:35<04:36,  4.00it/s]
[1Aphase1 epoch 2:  12%|█▏        | 144/1250 [00:36<04:38,  3.97it/s]
[1Aphase1 epoch 2:  12%|█▏        | 145/1250 [00:36<04:33,  4.03it/s]
[1Aphase1 epoch 2:  12%|█▏        | 146/1250 [00:36<04:35,  4.01it/s]
[1Aphase1 epoch 2:  12%|█▏        | 147/1250 [00:36<04:31,  4.07it/s]
[1Aphase1 epoch 2:  12%|█▏        | 148/1250 [00:37<04:32,  4.04it/s]
[1Aphase1 epoch 2:  12%|█▏        | 149/1250 [00:37<04:35,  4.00it/s]
[1Aphase1 epoch 2:  12%|█▏        | 150/1250 [00:37<04:38,  3.94it/s]
[1Aphase1 epoch 2:  12%|█▏        | 151/1250 [00:37<04:38,  3.94it/s]
[1Aphase1 epoch 2:  12%|█▏        | 152/1250 [00:38<04:38,  3.94it/s]
[1Aphase1 epoch 2:  12%|█▏        | 153/1250 [00:38<04:43,  3.86it/s]
[1Aphase1 epoch 2:  12%|█▏        | 154/1250 [00:38<04:41,  3.90it/s]
[1Aphase1 epoch 2:  12%|█▏        | 155/1250 [00:39<04:35,  3.98it/s]
[1Aphase1 epoch 2:  12%|█▏        | 156/1250 [00:39<04:34,  3.99it/s]
[1Aphase1 epoch 2:  13%|█▎        | 157/1250 [00:39<04:28,  4.07it/s]
[1Aphase1 epoch 2:  13%|█▎        | 158/1250 [00:39<04:30,  4.03it/s]
[1Aphase1 epoch 2:  13%|█▎        | 159/1250 [00:40<04:31,  4.02it/s]
[1Aphase1 epoch 2:  13%|█▎        | 160/1250 [00:40<04:27,  4.07it/s]
[1Aphase1 epoch 2:  13%|█▎        | 161/1250 [00:40<04:33,  3.98it/s]
[1Aphase1 epoch 2:  13%|█▎        | 162/1250 [00:40<04:37,  3.92it/s]
[1Aphase1 epoch 2:  13%|█▎        | 163/1250 [00:41<04:35,  3.94it/s]
[1Aphase1 epoch 2:  13%|█▎        | 164/1250 [00:41<04:35,  3.94it/s]
[1Aphase1 epoch 2:  13%|█▎        | 165/1250 [00:41<04:34,  3.95it/s]
[1Aphase1 epoch 2:  13%|█▎        | 166/1250 [00:41<04:29,  4.02it/s]
[1Aphase1 epoch 2:  13%|█▎        | 167/1250 [00:42<04:26,  4.07it/s]
[1Aphase1 epoch 2:  13%|█▎        | 168/1250 [00:42<04:23,  4.10it/s]
[1Aphase1 epoch 2:  14%|█▎        | 169/1250 [00:42<04:18,  4.18it/s]
[1Aphase1 epoch 2:  14%|█▎        | 170/1250 [00:42<04:26,  4.05it/s]
[1Aphase1 epoch 2:  14%|█▎        | 171/1250 [00:42<04:25,  4.07it/s]
[1Aphase1 epoch 2:  14%|█▍        | 172/1250 [00:43<04:22,  4.11it/s]
[1Aphase1 epoch 2:  14%|█▍        | 173/1250 [00:43<04:33,  3.94it/s]
[1Aphase1 epoch 2:  14%|█▍        | 174/1250 [00:43<04:32,  3.95it/s]
[1Aphase1 epoch 2:  14%|█▍        | 175/1250 [00:43<04:28,  4.01it/s]
[1Aphase1 epoch 2:  14%|█▍        | 176/1250 [00:44<04:30,  3.97it/s]
[1Aphase1 epoch 2:  14%|█▍        | 177/1250 [00:44<04:23,  4.07it/s]
[1Aphase1 epoch 2:  14%|█▍        | 178/1250 [00:44<04:25,  4.04it/s]
[1Aphase1 epoch 2:  14%|█▍        | 179/1250 [00:44<04:26,  4.01it/s]
[1Aphase1 epoch 2:  14%|█▍        | 180/1250 [00:45<04:28,  3.99it/s]
[1Aphase1 epoch 2:  14%|█▍        | 181/1250 [00:45<04:29,  3.97it/s]
[1Aphase1 epoch 2:  15%|█▍        | 182/1250 [00:45<04:28,  3.97it/s]
[1Aphase1 epoch 2:  15%|█▍        | 183/1250 [00:45<04:28,  3.97it/s]
[1Aphase1 epoch 2:  15%|█▍        | 184/1250 [00:46<04:28,  3.97it/s]
[1Aphase1 epoch 2:  15%|█▍        | 185/1250 [00:46<04:24,  4.03it/s]
[1Aphase1 epoch 2:  15%|█▍        | 186/1250 [00:46<04:20,  4.08it/s]
[1Aphase1 epoch 2:  15%|█▍        | 187/1250 [00:46<04:26,  3.99it/s]
[1Aphase1 epoch 2:  15%|█▌        | 188/1250 [00:47<04:21,  4.06it/s]
[1Aphase1 epoch 2:  15%|█▌        | 189/1250 [00:47<04:18,  4.11it/s]
[1Aphase1 epoch 2:  15%|█▌        | 190/1250 [00:47<04:16,  4.13it/s]
[1Aphase1 epoch 2:  15%|█▌        | 191/1250 [00:47<04:18,  4.10it/s]
[1Aphase1 epoch 2:  15%|█▌        | 192/1250 [00:48<04:19,  4.08it/s]
[1Aphase1 epoch 2:  15%|█▌        | 193/1250 [00:48<04:26,  3.96it/s]
[1Aphase1 epoch 2:  16%|█▌        | 194/1250 [00:48<04:27,  3.95it/s]
[1Aphase1 epoch 2:  16%|█▌        | 195/1250 [00:48<04:30,  3.90it/s]
[1Aphase1 epoch 2:  16%|█▌        | 196/1250 [00:49<04:33,  3.85it/s]
[1Aphase1 epoch 2:  16%|█▌        | 197/1250 [00:49<04:31,  3.88it/s]
[1Aphase1 epoch 2:  16%|█▌        | 198/1250 [00:49<04:29,  3.90it/s]
[1Aphase1 epoch 2:  16%|█▌        | 199/1250 [00:49<04:23,  3.99it/s]
[1Aphase1 epoch 2:  16%|█▌        | 200/1250 [00:50<04:27,  3.93it/s]
[1Aphase1 epoch 2:  16%|█▌        | 201/1250 [00:50<04:24,  3.96it/s]
[1Aphase1 epoch 2:  16%|█▌        | 202/1250 [00:50<04:25,  3.95it/s]
[1Aphase1 epoch 2:  16%|█▌        | 203/1250 [00:51<04:24,  3.96it/s]
[1Aphase1 epoch 2:  16%|█▋        | 204/1250 [00:51<04:24,  3.95it/s]
[1Aphase1 epoch 2:  16%|█▋        | 205/1250 [00:51<04:19,  4.02it/s]
[1Aphase1 epoch 2:  16%|█▋        | 206/1250 [00:51<04:21,  4.00it/s]
[1Aphase1 epoch 2:  17%|█▋        | 207/1250 [00:52<04:22,  3.98it/s]
[1Aphase1 epoch 2:  17%|█▋        | 208/1250 [00:52<04:18,  4.03it/s]
[1Aphase1 epoch 2:  17%|█▋        | 209/1250 [00:52<04:16,  4.06it/s]
[1Aphase1 epoch 2:  17%|█▋        | 210/1250 [00:52<04:14,  4.09it/s]
[1Aphase1 epoch 2:  17%|█▋        | 211/1250 [00:52<04:16,  4.05it/s]
[1Aphase1 epoch 2:  17%|█▋        | 212/1250 [00:53<04:21,  3.97it/s]
[1Aphase1 epoch 2:  17%|█▋        | 213/1250 [00:53<04:21,  3.96it/s]
[1Aphase1 epoch 2:  17%|█▋        | 214/1250 [00:53<04:20,  3.97it/s]
[1Aphase1 epoch 2:  17%|█▋        | 215/1250 [00:54<04:19,  3.99it/s]
[1Aphase1 epoch 2:  17%|█▋        | 216/1250 [00:54<04:20,  3.98it/s]
[1Aphase1 epoch 2:  17%|█▋        | 217/1250 [00:54<04:23,  3.92it/s]
[1Aphase1 epoch 2:  17%|█▋        | 218/1250 [00:54<04:18,  3.99it/s]
[1Aphase1 epoch 2:  18%|█▊        | 219/1250 [00:55<04:19,  3.97it/s]
[1Aphase1 epoch 2:  18%|█▊        | 220/1250 [00:55<04:15,  4.03it/s]
[1Aphase1 epoch 2:  18%|█▊        | 221/1250 [00:55<04:16,  4.01it/s]
[1Aphase1 epoch 2:  18%|█▊        | 222/1250 [00:55<04:17,  3.99it/s]
[1Aphase1 epoch 2:  18%|█▊        | 223/1250 [00:56<04:16,  4.00it/s]
[1Aphase1 epoch 2:  18%|█▊        | 224/1250 [00:56<04:20,  3.93it/s]
[1Aphase1 epoch 2:  18%|█▊        | 225/1250 [00:56<04:19,  3.96it/s]
[1Aphase1 epoch 2:  18%|█▊        | 226/1250 [00:56<04:23,  3.89it/s]
[1Aphase1 epoch 2:  18%|█▊        | 227/1250 [00:57<04:24,  3.87it/s]
[1Aphase1 epoch 2:  18%|█▊        | 228/1250 [00:57<04:18,  3.95it/s]
[1Aphase1 epoch 2:  18%|█▊        | 229/1250 [00:57<04:17,  3.97it/s]
[1Aphase1 epoch 2:  18%|█▊        | 230/1250 [00:57<04:13,  4.03it/s]
[1Aphase1 epoch 2:  18%|█▊        | 231/1250 [00:58<04:13,  4.02it/s]
[1Aphase1 epoch 2:  19%|█▊        | 232/1250 [00:58<04:13,  4.01it/s]
[1Aphase1 epoch 2:  19%|█▊        | 233/1250 [00:58<04:18,  3.93it/s]
[1Aphase1 epoch 2:  19%|█▊        | 234/1250 [00:58<04:20,  3.90it/s]
[1Aphase1 epoch 2:  19%|█▉        | 235/1250 [00:59<04:18,  3.92it/s]
[1Aphase1 epoch 2:  19%|█▉        | 236/1250 [00:59<04:22,  3.86it/s]
[1Aphase1 epoch 2:  19%|█▉        | 237/1250 [00:59<04:19,  3.90it/s]
[1Aphase1 epoch 2:  19%|█▉        | 238/1250 [00:59<04:22,  3.85it/s]
[1Aphase1 epoch 2:  19%|█▉        | 239/1250 [01:00<04:16,  3.94it/s]
[1Aphase1 epoch 2:  19%|█▉        | 240/1250 [01:00<04:20,  3.88it/s]
[1Aphase1 epoch 2:  19%|█▉        | 241/1250 [01:00<04:22,  3.84it/s]
[1Aphase1 epoch 2:  19%|█▉        | 242/1250 [01:00<04:19,  3.88it/s]
[1Aphase1 epoch 2:  19%|█▉        | 243/1250 [01:01<04:17,  3.91it/s]
[1Aphase1 epoch 2:  20%|█▉        | 244/1250 [01:01<04:12,  3.99it/s]
[1Aphase1 epoch 2:  20%|█▉        | 245/1250 [01:01<04:07,  4.06it/s]
[1Aphase1 epoch 2:  20%|█▉        | 246/1250 [01:01<04:13,  3.96it/s]
[1Aphase1 epoch 2:  20%|█▉        | 247/1250 [01:02<04:14,  3.94it/s]
[1Aphase1 epoch 2:  20%|█▉        | 248/1250 [01:02<04:17,  3.88it/s]
[1Aphase1 epoch 2:  20%|█▉        | 249/1250 [01:02<04:16,  3.91it/s]
[1Aphase1 epoch 2:  20%|██        | 250/1250 [01:02<04:10,  3.99it/s]
[1Aphase1 epoch 2:  20%|██        | 251/1250 [01:03<04:14,  3.93it/s]
[1Aphase1 epoch 2:  20%|██        | 252/1250 [01:03<04:12,  3.95it/s]
[1Aphase1 epoch 2:  20%|██        | 253/1250 [01:03<04:15,  3.90it/s]
[1Aphase1 epoch 2:  20%|██        | 254/1250 [01:03<04:14,  3.91it/s]
[1Aphase1 epoch 2:  20%|██        | 255/1250 [01:04<04:13,  3.93it/s]
[1Aphase1 epoch 2:  20%|██        | 256/1250 [01:04<04:11,  3.95it/s]
[1Aphase1 epoch 2:  21%|██        | 257/1250 [01:04<04:11,  3.94it/s]
[1Aphase1 epoch 2:  21%|██        | 258/1250 [01:04<04:11,  3.94it/s]
[1Aphase1 epoch 2:  21%|██        | 259/1250 [01:05<04:10,  3.95it/s]
[1Aphase1 epoch 2:  21%|██        | 260/1250 [01:05<04:09,  3.96it/s]
[1Aphase1 epoch 2:  21%|██        | 261/1250 [01:05<04:16,  3.86it/s]
[1Aphase1 epoch 2:  21%|██        | 262/1250 [01:05<04:09,  3.96it/s]
[1Aphase1 epoch 2:  21%|██        | 263/1250 [01:06<04:05,  4.02it/s]
[1Aphase1 epoch 2:  21%|██        | 264/1250 [01:06<04:06,  4.00it/s]
[1Aphase1 epoch 2:  21%|██        | 265/1250 [01:06<04:03,  4.05it/s]
[1Aphase1 epoch 2:  21%|██▏       | 266/1250 [01:06<04:04,  4.02it/s]
[1Aphase1 epoch 2:  21%|██▏       | 267/1250 [01:07<04:04,  4.02it/s]
[1Aphase1 epoch 2:  21%|██▏       | 268/1250 [01:07<04:04,  4.01it/s]
[1Aphase1 epoch 2:  22%|██▏       | 269/1250 [01:07<04:04,  4.01it/s]
[1Aphase1 epoch 2:  22%|██▏       | 270/1250 [01:07<04:02,  4.04it/s]
[1Aphase1 epoch 2:  22%|██▏       | 271/1250 [01:08<04:03,  4.02it/s]
[1Aphase1 epoch 2:  22%|██▏       | 272/1250 [01:08<03:59,  4.08it/s]
[1Aphase1 epoch 2:  22%|██▏       | 273/1250 [01:08<03:56,  4.13it/s]
[1Aphase1 epoch 2:  22%|██▏       | 274/1250 [01:08<03:55,  4.14it/s]
[1Aphase1 epoch 2:  22%|██▏       | 275/1250 [01:09<03:54,  4.16it/s]
[1Aphase1 epoch 2:  22%|██▏       | 276/1250 [01:09<03:57,  4.10it/s]
[1Aphase1 epoch 2:  22%|██▏       | 277/1250 [01:09<03:55,  4.13it/s]
[1Aphase1 epoch 2:  22%|██▏       | 278/1250 [01:09<03:58,  4.07it/s]
[1Aphase1 epoch 2:  22%|██▏       | 279/1250 [01:10<04:00,  4.04it/s]
[1Aphase1 epoch 2:  22%|██▏       | 280/1250 [01:10<03:58,  4.07it/s]
[1Aphase1 epoch 2:  22%|██▏       | 281/1250 [01:10<04:03,  3.99it/s]
[1Aphase1 epoch 2:  23%|██▎       | 282/1250 [01:10<04:05,  3.94it/s]
[1Aphase1 epoch 2:  23%|██▎       | 283/1250 [01:11<04:05,  3.94it/s]
[1Aphase1 epoch 2:  23%|██▎       | 284/1250 [01:11<04:05,  3.93it/s]
[1Aphase1 epoch 2:  23%|██▎       | 285/1250 [01:11<04:05,  3.92it/s]
[1Aphase1 epoch 2:  23%|██▎       | 286/1250 [01:11<04:06,  3.92it/s]
[1Aphase1 epoch 2:  23%|██▎       | 287/1250 [01:12<04:07,  3.89it/s]
[1Aphase1 epoch 2:  23%|██▎       | 288/1250 [01:12<04:06,  3.91it/s]
[1Aphase1 epoch 2:  23%|██▎       | 289/1250 [01:12<04:01,  3.99it/s]
[1Aphase1 epoch 2:  23%|██▎       | 290/1250 [01:12<03:57,  4.04it/s]
[1Aphase1 epoch 2:  23%|██▎       | 291/1250 [01:13<03:54,  4.08it/s]
[1Aphase1 epoch 2:  23%|██▎       | 292/1250 [01:13<03:53,  4.10it/s]
[1Aphase1 epoch 2:  23%|██▎       | 293/1250 [01:13<03:55,  4.06it/s]
[1Aphase1 epoch 2:  24%|██▎       | 294/1250 [01:13<03:57,  4.02it/s]
[1Aphase1 epoch 2:  24%|██▎       | 295/1250 [01:14<03:59,  3.99it/s]
[1Aphase1 epoch 2:  24%|██▎       | 296/1250 [01:14<03:59,  3.98it/s]
[1Aphase1 epoch 2:  24%|██▍       | 297/1250 [01:14<03:56,  4.02it/s]
[1Aphase1 epoch 2:  24%|██▍       | 298/1250 [01:14<03:57,  4.01it/s]
[1Aphase1 epoch 2:  24%|██▍       | 299/1250 [01:15<04:02,  3.92it/s]
[1Aphase1 epoch 2:  24%|██▍       | 300/1250 [01:15<04:01,  3.94it/s]
[1Aphase1 epoch 2:  24%|██▍       | 301/1250 [01:15<03:59,  3.96it/s]
[1Aphase1 epoch 2:  24%|██▍       | 302/1250 [01:15<04:06,  3.85it/s]
[1Aphase1 epoch 2:  24%|██▍       | 303/1250 [01:16<04:01,  3.92it/s]
[1Aphase1 epoch 2:  24%|██▍       | 304/1250 [01:16<04:03,  3.88it/s]
[1Aphase1 epoch 2:  24%|██▍       | 305/1250 [01:16<04:09,  3.78it/s]
[1Aphase1 epoch 2:  24%|██▍       | 306/1250 [01:16<04:06,  3.83it/s]
[1Aphase1 epoch 2:  25%|██▍       | 307/1250 [01:17<04:06,  3.83it/s]
[1Aphase1 epoch 2:  25%|██▍       | 308/1250 [01:17<04:06,  3.81it/s]
[1Aphase1 epoch 2:  25%|██▍       | 309/1250 [01:17<04:04,  3.85it/s]
[1Aphase1 epoch 2:  25%|██▍       | 310/1250 [01:17<03:56,  3.98it/s]
[1Aphase1 epoch 2:  25%|██▍       | 311/1250 [01:18<03:52,  4.04it/s]
[1Aphase1 epoch 2:  25%|██▍       | 312/1250 [01:18<03:52,  4.03it/s]
[1Aphase1 epoch 2:  25%|██▌       | 313/1250 [01:18<03:54,  4.00it/s]
[1Aphase1 epoch 2:  25%|██▌       | 314/1250 [01:18<03:57,  3.93it/s]
[1Aphase1 epoch 2:  25%|██▌       | 315/1250 [01:19<03:57,  3.94it/s]
[1Aphase1 epoch 2:  25%|██▌       | 316/1250 [01:19<03:52,  4.01it/s]
[1Aphase1 epoch 2:  25%|██▌       | 317/1250 [01:19<03:56,  3.95it/s]
[1Aphase1 epoch 2:  25%|██▌       | 318/1250 [01:19<03:56,  3.95it/s]
[1Aphase1 epoch 2:  26%|██▌       | 319/1250 [01:20<03:55,  3.95it/s]
[1Aphase1 epoch 2:  26%|██▌       | 320/1250 [01:20<03:51,  4.02it/s]
[1Aphase1 epoch 2:  26%|██▌       | 321/1250 [01:20<03:56,  3.93it/s]
[1Aphase1 epoch 2:  26%|██▌       | 322/1250 [01:20<03:54,  3.95it/s]
[1Aphase1 epoch 2:  26%|██▌       | 323/1250 [01:21<03:54,  3.95it/s]
[1Aphase1 epoch 2:  26%|██▌       | 324/1250 [01:21<03:53,  3.97it/s]
[1Aphase1 epoch 2:  26%|██▌       | 325/1250 [01:21<03:56,  3.91it/s]
[1Aphase1 epoch 2:  26%|██▌       | 326/1250 [01:22<03:54,  3.93it/s]
[1Aphase1 epoch 2:  26%|██▌       | 327/1250 [01:22<03:50,  4.01it/s]
[1Aphase1 epoch 2:  26%|██▌       | 328/1250 [01:22<03:50,  3.99it/s]
[1Aphase1 epoch 2:  26%|██▋       | 329/1250 [01:22<03:55,  3.91it/s]
[1Aphase1 epoch 2:  26%|██▋       | 330/1250 [01:23<03:50,  3.99it/s]
[1Aphase1 epoch 2:  26%|██▋       | 331/1250 [01:23<03:46,  4.05it/s]
[1Aphase1 epoch 2:  27%|██▋       | 332/1250 [01:23<03:48,  4.02it/s]
[1Aphase1 epoch 2:  27%|██▋       | 333/1250 [01:23<03:48,  4.02it/s]
[1Aphase1 epoch 2:  27%|██▋       | 334/1250 [01:24<03:48,  4.02it/s]
[1Aphase1 epoch 2:  27%|██▋       | 335/1250 [01:24<03:49,  4.00it/s]
[1Aphase1 epoch 2:  27%|██▋       | 336/1250 [01:24<03:50,  3.97it/s]
[1Aphase1 epoch 2:  27%|██▋       | 337/1250 [01:24<03:46,  4.04it/s]
[1Aphase1 epoch 2:  27%|██▋       | 338/1250 [01:24<03:46,  4.03it/s]
[1Aphase1 epoch 2:  27%|██▋       | 339/1250 [01:25<03:48,  3.99it/s]
[1Aphase1 epoch 2:  27%|██▋       | 340/1250 [01:25<03:49,  3.96it/s]
[1Aphase1 epoch 2:  27%|██▋       | 341/1250 [01:25<03:49,  3.96it/s]
[1Aphase1 epoch 2:  27%|██▋       | 342/1250 [01:26<03:51,  3.91it/s]
[1Aphase1 epoch 2:  27%|██▋       | 343/1250 [01:26<03:47,  3.99it/s]
[1Aphase1 epoch 2:  28%|██▊       | 344/1250 [01:26<03:48,  3.97it/s]
[1Aphase1 epoch 2:  28%|██▊       | 345/1250 [01:26<03:47,  3.98it/s]
[1Aphase1 epoch 2:  28%|██▊       | 346/1250 [01:27<03:53,  3.87it/s]
[1Aphase1 epoch 2:  28%|██▊       | 347/1250 [01:27<03:51,  3.90it/s]
[1Aphase1 epoch 2:  28%|██▊       | 348/1250 [01:27<03:50,  3.91it/s]
[1Aphase1 epoch 2:  28%|██▊       | 349/1250 [01:27<03:49,  3.93it/s]
[1Aphase1 epoch 2:  28%|██▊       | 350/1250 [01:28<03:48,  3.94it/s]
[1Aphase1 epoch 2:  28%|██▊       | 351/1250 [01:28<03:47,  3.95it/s]
[1Aphase1 epoch 2:  28%|██▊       | 352/1250 [01:28<03:43,  4.01it/s]
[1Aphase1 epoch 2:  28%|██▊       | 353/1250 [01:28<03:51,  3.87it/s]
[1Aphase1 epoch 2:  28%|██▊       | 354/1250 [01:29<03:45,  3.98it/s]
[1Aphase1 epoch 2:  28%|██▊       | 355/1250 [01:29<03:51,  3.86it/s]
[1Aphase1 epoch 2:  28%|██▊       | 356/1250 [01:29<03:50,  3.88it/s]
[1Aphase1 epoch 2:  29%|██▊       | 357/1250 [01:29<03:48,  3.90it/s]
[1Aphase1 epoch 2:  29%|██▊       | 358/1250 [01:30<03:46,  3.94it/s]
[1Aphase1 epoch 2:  29%|██▊       | 359/1250 [01:30<03:49,  3.88it/s]
[1Aphase1 epoch 2:  29%|██▉       | 360/1250 [01:30<03:50,  3.86it/s]
[1Aphase1 epoch 2:  29%|██▉       | 361/1250 [01:30<03:48,  3.89it/s]
[1Aphase1 epoch 2:  29%|██▉       | 362/1250 [01:31<03:46,  3.91it/s]
[1Aphase1 epoch 2:  29%|██▉       | 363/1250 [01:31<03:44,  3.95it/s]
[1Aphase1 epoch 2:  29%|██▉       | 364/1250 [01:31<03:40,  4.02it/s]
[1Aphase1 epoch 2:  29%|██▉       | 365/1250 [01:31<03:40,  4.01it/s]
[1Aphase1 epoch 2:  29%|██▉       | 366/1250 [01:32<03:37,  4.06it/s]
[1Aphase1 epoch 2:  29%|██▉       | 367/1250 [01:32<03:35,  4.09it/s]
[1Aphase1 epoch 2:  29%|██▉       | 368/1250 [01:32<03:37,  4.05it/s]
[1Aphase1 epoch 2:  30%|██▉       | 369/1250 [01:32<03:41,  3.97it/s]
[1Aphase1 epoch 2:  30%|██▉       | 370/1250 [01:33<03:36,  4.06it/s]
[1Aphase1 epoch 2:  30%|██▉       | 371/1250 [01:33<03:40,  3.98it/s]
[1Aphase1 epoch 2:  30%|██▉       | 372/1250 [01:33<03:38,  4.03it/s]
[1Aphase1 epoch 2:  30%|██▉       | 373/1250 [01:33<03:38,  4.02it/s]
[1Aphase1 epoch 2:  30%|██▉       | 374/1250 [01:34<03:44,  3.89it/s]
[1Aphase1 epoch 2:  30%|███       | 375/1250 [01:34<03:39,  3.98it/s]
[1Aphase1 epoch 2:  30%|███       | 376/1250 [01:34<03:38,  3.99it/s]
[1Aphase1 epoch 2:  30%|███       | 377/1250 [01:34<03:35,  4.05it/s]
[1Aphase1 epoch 2:  30%|███       | 378/1250 [01:35<03:37,  4.01it/s]
[1Aphase1 epoch 2:  30%|███       | 379/1250 [01:35<03:37,  4.00it/s]
[1Aphase1 epoch 2:  30%|███       | 380/1250 [01:35<03:38,  3.98it/s]
[1Aphase1 epoch 2:  30%|███       | 381/1250 [01:35<03:39,  3.97it/s]
[1Aphase1 epoch 2:  31%|███       | 382/1250 [01:36<03:35,  4.03it/s]
[1Aphase1 epoch 2:  31%|███       | 383/1250 [01:36<03:35,  4.02it/s]
[1Aphase1 epoch 2:  31%|███       | 384/1250 [01:36<03:36,  4.00it/s]
[1Aphase1 epoch 2:  31%|███       | 385/1250 [01:36<03:36,  4.00it/s]
[1Aphase1 epoch 2:  31%|███       | 386/1250 [01:37<03:39,  3.93it/s]
[1Aphase1 epoch 2:  31%|███       | 387/1250 [01:37<03:45,  3.83it/s]
[1Aphase1 epoch 2:  31%|███       | 388/1250 [01:37<03:39,  3.92it/s]
[1Aphase1 epoch 2:  31%|███       | 389/1250 [01:37<03:38,  3.95it/s]
[1Aphase1 epoch 2:  31%|███       | 390/1250 [01:38<03:37,  3.95it/s]
[1Aphase1 epoch 2:  31%|███▏      | 391/1250 [01:38<03:40,  3.90it/s]
[1Aphase1 epoch 2:  31%|███▏      | 392/1250 [01:38<03:38,  3.93it/s]
[1Aphase1 epoch 2:  31%|███▏      | 393/1250 [01:38<03:35,  3.98it/s]
[1Aphase1 epoch 2:  32%|███▏      | 394/1250 [01:39<03:32,  4.03it/s]
[1Aphase1 epoch 2:  32%|███▏      | 395/1250 [01:39<03:33,  4.01it/s]
[1Aphase1 epoch 2:  32%|███▏      | 396/1250 [01:39<03:33,  3.99it/s]
[1Aphase1 epoch 2:  32%|███▏      | 397/1250 [01:39<03:30,  4.05it/s]
[1Aphase1 epoch 2:  32%|███▏      | 398/1250 [01:40<03:35,  3.95it/s]
[1Aphase1 epoch 2:  32%|███▏      | 399/1250 [01:40<03:36,  3.93it/s]
[1Aphase1 epoch 2:  32%|███▏      | 400/1250 [01:40<03:35,  3.94it/s]
[1Aphase1 epoch 2:  32%|███▏      | 401/1250 [01:40<03:34,  3.95it/s]
[1Aphase1 epoch 2:  32%|███▏      | 402/1250 [01:41<03:38,  3.88it/s]
[1Aphase1 epoch 2:  32%|███▏      | 403/1250 [01:41<03:33,  3.97it/s]
[1Aphase1 epoch 2:  32%|███▏      | 404/1250 [01:41<03:33,  3.97it/s]
[1Aphase1 epoch 2:  32%|███▏      | 405/1250 [01:41<03:33,  3.96it/s]
[1Aphase1 epoch 2:  32%|███▏      | 406/1250 [01:42<03:27,  4.07it/s]
[1Aphase1 epoch 2:  33%|███▎      | 407/1250 [01:42<03:25,  4.10it/s]
[1Aphase1 epoch 2:  33%|███▎      | 408/1250 [01:42<03:24,  4.12it/s]
[1Aphase1 epoch 2:  33%|███▎      | 409/1250 [01:42<03:27,  4.05it/s]
[1Aphase1 epoch 2:  33%|███▎      | 410/1250 [01:43<03:31,  3.97it/s]
[1Aphase1 epoch 2:  33%|███▎      | 411/1250 [01:43<03:30,  3.98it/s]
[1Aphase1 epoch 2:  33%|███▎      | 412/1250 [01:43<03:34,  3.90it/s]
[1Aphase1 epoch 2:  33%|███▎      | 413/1250 [01:43<03:37,  3.85it/s]
[1Aphase1 epoch 2:  33%|███▎      | 414/1250 [01:44<03:32,  3.94it/s]
[1Aphase1 epoch 2:  33%|███▎      | 415/1250 [01:44<03:28,  4.01it/s]
[1Aphase1 epoch 2:  33%|███▎      | 416/1250 [01:44<03:27,  4.01it/s]
[1Aphase1 epoch 2:  33%|███▎      | 417/1250 [01:44<03:32,  3.93it/s]
[1Aphase1 epoch 2:  33%|███▎      | 418/1250 [01:45<03:32,  3.92it/s]
[1Aphase1 epoch 2:  34%|███▎      | 419/1250 [01:45<03:28,  3.99it/s]
[1Aphase1 epoch 2:  34%|███▎      | 420/1250 [01:45<03:32,  3.91it/s]
[1Aphase1 epoch 2:  34%|███▎      | 421/1250 [01:45<03:28,  3.98it/s]
[1Aphase1 epoch 2:  34%|███▍      | 422/1250 [01:46<03:28,  3.97it/s]
[1Aphase1 epoch 2:  34%|███▍      | 423/1250 [01:46<03:31,  3.91it/s]
[1Aphase1 epoch 2:  34%|███▍      | 424/1250 [01:46<03:32,  3.88it/s]
[1Aphase1 epoch 2:  34%|███▍      | 425/1250 [01:46<03:31,  3.90it/s]
[1Aphase1 epoch 2:  34%|███▍      | 426/1250 [01:47<03:26,  3.99it/s]
[1Aphase1 epoch 2:  34%|███▍      | 427/1250 [01:47<03:26,  3.98it/s]
[1Aphase1 epoch 2:  34%|███▍      | 428/1250 [01:47<03:29,  3.92it/s]
[1Aphase1 epoch 2:  34%|███▍      | 429/1250 [01:47<03:29,  3.92it/s]
[1Aphase1 epoch 2:  34%|███▍      | 430/1250 [01:48<03:31,  3.87it/s]
[1Aphase1 epoch 2:  34%|███▍      | 431/1250 [01:48<03:30,  3.89it/s]
[1Aphase1 epoch 2:  35%|███▍      | 432/1250 [01:48<03:32,  3.86it/s]
[1Aphase1 epoch 2:  35%|███▍      | 433/1250 [01:49<03:32,  3.84it/s]
[1Aphase1 epoch 2:  35%|███▍      | 434/1250 [01:49<03:36,  3.77it/s]
[1Aphase1 epoch 2:  35%|███▍      | 435/1250 [01:49<03:33,  3.82it/s]
[1Aphase1 epoch 2:  35%|███▍      | 436/1250 [01:49<03:27,  3.92it/s]
[1Aphase1 epoch 2:  35%|███▍      | 437/1250 [01:50<03:28,  3.89it/s]
[1Aphase1 epoch 2:  35%|███▌      | 438/1250 [01:50<03:27,  3.92it/s]
[1Aphase1 epoch 2:  35%|███▌      | 439/1250 [01:50<03:26,  3.92it/s]
[1Aphase1 epoch 2:  35%|███▌      | 440/1250 [01:50<03:29,  3.87it/s]
[1Aphase1 epoch 2:  35%|███▌      | 441/1250 [01:51<03:26,  3.92it/s]
[1Aphase1 epoch 2:  35%|███▌      | 442/1250 [01:51<03:31,  3.82it/s]
[1Aphase1 epoch 2:  35%|███▌      | 443/1250 [01:51<03:31,  3.82it/s]
[1Aphase1 epoch 2:  36%|███▌      | 444/1250 [01:51<03:28,  3.86it/s]
[1Aphase1 epoch 2:  36%|███▌      | 445/1250 [01:52<03:26,  3.89it/s]
[1Aphase1 epoch 2:  36%|███▌      | 446/1250 [01:52<03:22,  3.97it/s]
[1Aphase1 epoch 2:  36%|███▌      | 447/1250 [01:52<03:19,  4.03it/s]
[1Aphase1 epoch 2:  36%|███▌      | 448/1250 [01:52<03:22,  3.96it/s]
[1Aphase1 epoch 2:  36%|███▌      | 449/1250 [01:53<03:25,  3.90it/s]
[1Aphase1 epoch 2:  36%|███▌      | 450/1250 [01:53<03:21,  3.97it/s]
[1Aphase1 epoch 2:  36%|███▌      | 451/1250 [01:53<03:21,  3.97it/s]
[1Aphase1 epoch 2:  36%|███▌      | 452/1250 [01:53<03:24,  3.91it/s]
[1Aphase1 epoch 2:  36%|███▌      | 453/1250 [01:54<03:23,  3.92it/s]
[1Aphase1 epoch 2:  36%|███▋      | 454/1250 [01:54<03:25,  3.88it/s]
[1Aphase1 epoch 2:  36%|███▋      | 455/1250 [01:54<03:23,  3.91it/s]
[1Aphase1 epoch 2:  36%|███▋      | 456/1250 [01:54<03:22,  3.92it/s]
[1Aphase1 epoch 2:  37%|███▋      | 457/1250 [01:55<03:22,  3.93it/s]
[1Aphase1 epoch 2:  37%|███▋      | 458/1250 [01:55<03:24,  3.88it/s]
[1Aphase1 epoch 2:  37%|███▋      | 459/1250 [01:55<03:20,  3.95it/s]
[1Aphase1 epoch 2:  37%|███▋      | 460/1250 [01:55<03:22,  3.90it/s]
[1Aphase1 epoch 2:  37%|███▋      | 461/1250 [01:56<03:20,  3.93it/s]
[1Aphase1 epoch 2:  37%|███▋      | 462/1250 [01:56<03:20,  3.93it/s]
[1Aphase1 epoch 2:  37%|███▋      | 463/1250 [01:56<03:16,  4.00it/s]
[1Aphase1 epoch 2:  37%|███▋      | 464/1250 [01:56<03:17,  3.99it/s]
[1Aphase1 epoch 2:  37%|███▋      | 465/1250 [01:57<03:16,  3.99it/s]
[1Aphase1 epoch 2:  37%|███▋      | 466/1250 [01:57<03:19,  3.92it/s]
[1Aphase1 epoch 2:  37%|███▋      | 467/1250 [01:57<03:22,  3.86it/s]
[1Aphase1 epoch 2:  37%|███▋      | 468/1250 [01:57<03:21,  3.89it/s]
[1Aphase1 epoch 2:  38%|███▊      | 469/1250 [01:58<03:19,  3.92it/s]
[1Aphase1 epoch 2:  38%|███▊      | 470/1250 [01:58<03:17,  3.94it/s]
[1Aphase1 epoch 2:  38%|███▊      | 471/1250 [01:58<03:20,  3.88it/s]
[1Aphase1 epoch 2:  38%|███▊      | 472/1250 [01:58<03:18,  3.92it/s]
[1Aphase1 epoch 2:  38%|███▊      | 473/1250 [01:59<03:16,  3.95it/s]
[1Aphase1 epoch 2:  38%|███▊      | 474/1250 [01:59<03:20,  3.87it/s]
[1Aphase1 epoch 2:  38%|███▊      | 475/1250 [01:59<03:18,  3.89it/s]
[1Aphase1 epoch 2:  38%|███▊      | 476/1250 [02:00<03:17,  3.92it/s]
[1Aphase1 epoch 2:  38%|███▊      | 477/1250 [02:00<03:22,  3.82it/s]
[1Aphase1 epoch 2:  38%|███▊      | 478/1250 [02:00<03:19,  3.88it/s]
[1Aphase1 epoch 2:  38%|███▊      | 479/1250 [02:00<03:18,  3.89it/s]
[1Aphase1 epoch 2:  38%|███▊      | 480/1250 [02:01<03:17,  3.91it/s]
[1Aphase1 epoch 2:  38%|███▊      | 481/1250 [02:01<03:19,  3.85it/s]
[1Aphase1 epoch 2:  39%|███▊      | 482/1250 [02:01<03:14,  3.94it/s]
[1Aphase1 epoch 2:  39%|███▊      | 483/1250 [02:01<03:11,  4.01it/s]
[1Aphase1 epoch 2:  39%|███▊      | 484/1250 [02:02<03:11,  4.01it/s]
[1Aphase1 epoch 2:  39%|███▉      | 485/1250 [02:02<03:11,  3.99it/s]
[1Aphase1 epoch 2:  39%|███▉      | 486/1250 [02:02<03:11,  3.99it/s]
[1Aphase1 epoch 2:  39%|███▉      | 487/1250 [02:02<03:16,  3.88it/s]
[1Aphase1 epoch 2:  39%|███▉      | 488/1250 [02:03<03:18,  3.84it/s]
[1Aphase1 epoch 2:  39%|███▉      | 489/1250 [02:03<03:16,  3.87it/s]
[1Aphase1 epoch 2:  39%|███▉      | 490/1250 [02:03<03:12,  3.96it/s]
[1Aphase1 epoch 2:  39%|███▉      | 491/1250 [02:03<03:08,  4.02it/s]
[1Aphase1 epoch 2:  39%|███▉      | 492/1250 [02:04<03:12,  3.94it/s]
[1Aphase1 epoch 2:  39%|███▉      | 493/1250 [02:04<03:11,  3.96it/s]
[1Aphase1 epoch 2:  40%|███▉      | 494/1250 [02:04<03:07,  4.03it/s]
[1Aphase1 epoch 2:  40%|███▉      | 495/1250 [02:04<03:11,  3.95it/s]
[1Aphase1 epoch 2:  40%|███▉      | 496/1250 [02:05<03:07,  4.02it/s]
[1Aphase1 epoch 2:  40%|███▉      | 497/1250 [02:05<03:05,  4.06it/s]
[1Aphase1 epoch 2:  40%|███▉      | 498/1250 [02:05<03:06,  4.04it/s]
[1Aphase1 epoch 2:  40%|███▉      | 499/1250 [02:05<03:06,  4.03it/s]
[1Aphase1 epoch 2:  40%|████      | 500/1250 [02:06<03:07,  4.00it/s]
[1Aphase1 epoch 2:  40%|████      | 501/1250 [02:06<03:13,  3.87it/s]
[1Aphase1 epoch 2:  40%|████      | 502/1250 [02:06<03:11,  3.90it/s]
[1Aphase1 epoch 2:  40%|████      | 503/1250 [02:06<03:10,  3.92it/s]
[1Aphase1 epoch 2:  40%|████      | 504/1250 [02:07<03:06,  4.00it/s]
[1Aphase1 epoch 2:  40%|████      | 505/1250 [02:07<03:06,  4.00it/s]
[1Aphase1 epoch 2:  40%|████      | 506/1250 [02:07<03:07,  3.98it/s]
[1Aphase1 epoch 2:  41%|████      | 507/1250 [02:07<03:10,  3.91it/s]
[1Aphase1 epoch 2:  41%|████      | 508/1250 [02:08<03:11,  3.87it/s]
[1Aphase1 epoch 2:  41%|████      | 509/1250 [02:08<03:09,  3.90it/s]
[1Aphase1 epoch 2:  41%|████      | 510/1250 [02:08<03:08,  3.92it/s]
[1Aphase1 epoch 2:  41%|████      | 511/1250 [02:08<03:07,  3.94it/s]
[1Aphase1 epoch 2:  41%|████      | 512/1250 [02:09<03:07,  3.93it/s]
[1Aphase1 epoch 2:  41%|████      | 513/1250 [02:09<03:06,  3.96it/s]
[1Aphase1 epoch 2:  41%|████      | 514/1250 [02:09<03:08,  3.91it/s]
[1Aphase1 epoch 2:  41%|████      | 515/1250 [02:09<03:03,  4.00it/s]
[1Aphase1 epoch 2:  41%|████▏     | 516/1250 [02:10<03:04,  3.98it/s]
[1Aphase1 epoch 2:  41%|████▏     | 517/1250 [02:10<03:02,  4.02it/s]
[1Aphase1 epoch 2:  41%|████▏     | 518/1250 [02:10<03:00,  4.06it/s]
[1Aphase1 epoch 2:  42%|████▏     | 519/1250 [02:10<03:01,  4.03it/s]
[1Aphase1 epoch 2:  42%|████▏     | 520/1250 [02:11<03:04,  3.95it/s]
[1Aphase1 epoch 2:  42%|████▏     | 521/1250 [02:11<03:04,  3.95it/s]
[1Aphase1 epoch 2:  42%|████▏     | 522/1250 [02:11<03:00,  4.03it/s]
[1Aphase1 epoch 2:  42%|████▏     | 523/1250 [02:11<03:00,  4.02it/s]
[1Aphase1 epoch 2:  42%|████▏     | 524/1250 [02:12<03:00,  4.01it/s]
[1Aphase1 epoch 2:  42%|████▏     | 525/1250 [02:12<03:01,  4.00it/s]
[1Aphase1 epoch 2:  42%|████▏     | 526/1250 [02:12<03:04,  3.93it/s]
[1Aphase1 epoch 2:  42%|████▏     | 527/1250 [02:12<03:00,  4.00it/s]
[1Aphase1 epoch 2:  42%|████▏     | 528/1250 [02:13<02:57,  4.06it/s]
[1Aphase1 epoch 2:  42%|████▏     | 529/1250 [02:13<02:58,  4.04it/s]
[1Aphase1 epoch 2:  42%|████▏     | 530/1250 [02:13<02:59,  4.02it/s]
[1Aphase1 epoch 2:  42%|████▏     | 531/1250 [02:13<02:59,  4.00it/s]
[1Aphase1 epoch 2:  43%|████▎     | 532/1250 [02:14<03:00,  3.97it/s]
[1Aphase1 epoch 2:  43%|████▎     | 533/1250 [02:14<03:01,  3.96it/s]
[1Aphase1 epoch 2:  43%|████▎     | 534/1250 [02:14<02:57,  4.03it/s]
[1Aphase1 epoch 2:  43%|████▎     | 535/1250 [02:14<03:00,  3.95it/s]
[1Aphase1 epoch 2:  43%|████▎     | 536/1250 [02:15<02:56,  4.04it/s]
[1Aphase1 epoch 2:  43%|████▎     | 537/1250 [02:15<03:00,  3.95it/s]
[1Aphase1 epoch 2:  43%|████▎     | 538/1250 [02:15<02:56,  4.04it/s]
[1Aphase1 epoch 2:  43%|████▎     | 539/1250 [02:15<02:56,  4.02it/s]
[1Aphase1 epoch 2:  43%|████▎     | 540/1250 [02:16<02:57,  4.00it/s]
[1Aphase1 epoch 2:  43%|████▎     | 541/1250 [02:16<02:57,  4.00it/s]
[1Aphase1 epoch 2:  43%|████▎     | 542/1250 [02:16<02:56,  4.01it/s]
[1Aphase1 epoch 2:  43%|████▎     | 543/1250 [02:16<02:57,  3.99it/s]
[1Aphase1 epoch 2:  44%|████▎     | 544/1250 [02:17<02:54,  4.05it/s]
[1Aphase1 epoch 2:  44%|████▎     | 545/1250 [02:17<02:52,  4.09it/s]
[1Aphase1 epoch 2:  44%|████▎     | 546/1250 [02:17<02:54,  4.04it/s]
[1Aphase1 epoch 2:  44%|████▍     | 547/1250 [02:17<02:54,  4.02it/s]
[1Aphase1 epoch 2:  44%|████▍     | 548/1250 [02:18<02:55,  4.00it/s]
[1Aphase1 epoch 2:  44%|████▍     | 549/1250 [02:18<02:56,  3.98it/s]
[1Aphase1 epoch 2:  44%|████▍     | 550/1250 [02:18<02:53,  4.03it/s]
[1Aphase1 epoch 2:  44%|████▍     | 551/1250 [02:18<02:54,  4.01it/s]
[1Aphase1 epoch 2:  44%|████▍     | 552/1250 [02:19<02:51,  4.07it/s]
[1Aphase1 epoch 2:  44%|████▍     | 553/1250 [02:19<02:50,  4.10it/s]
[1Aphase1 epoch 2:  44%|████▍     | 554/1250 [02:19<02:48,  4.13it/s]
[1Aphase1 epoch 2:  44%|████▍     | 555/1250 [02:19<02:55,  3.95it/s]
[1Aphase1 epoch 2:  44%|████▍     | 556/1250 [02:20<02:54,  3.97it/s]
[1Aphase1 epoch 2:  45%|████▍     | 557/1250 [02:20<02:55,  3.96it/s]
[1Aphase1 epoch 2:  45%|████▍     | 558/1250 [02:20<02:54,  3.97it/s]
[1Aphase1 epoch 2:  45%|████▍     | 559/1250 [02:20<02:56,  3.92it/s]
[1Aphase1 epoch 2:  45%|████▍     | 560/1250 [02:21<02:55,  3.93it/s]
[1Aphase1 epoch 2:  45%|████▍     | 561/1250 [02:21<02:55,  3.93it/s]
[1Aphase1 epoch 2:  45%|████▍     | 562/1250 [02:21<02:54,  3.95it/s]
[1Aphase1 epoch 2:  45%|████▌     | 563/1250 [02:21<02:54,  3.95it/s]
[1Aphase1 epoch 2:  45%|████▌     | 564/1250 [02:22<02:53,  3.95it/s]
[1Aphase1 epoch 2:  45%|████▌     | 565/1250 [02:22<02:52,  3.97it/s]
[1Aphase1 epoch 2:  45%|████▌     | 566/1250 [02:22<02:49,  4.04it/s]
[1Aphase1 epoch 2:  45%|████▌     | 567/1250 [02:22<02:49,  4.04it/s]
[1Aphase1 epoch 2:  45%|████▌     | 568/1250 [02:23<02:50,  4.01it/s]
[1Aphase1 epoch 2:  46%|████▌     | 569/1250 [02:23<02:53,  3.92it/s]
[1Aphase1 epoch 2:  46%|████▌     | 570/1250 [02:23<02:55,  3.88it/s]
[1Aphase1 epoch 2:  46%|████▌     | 571/1250 [02:23<02:54,  3.90it/s]
[1Aphase1 epoch 2:  46%|████▌     | 572/1250 [02:24<02:50,  3.97it/s]
[1Aphase1 epoch 2:  46%|████▌     | 573/1250 [02:24<02:48,  4.02it/s]
[1Aphase1 epoch 2:  46%|████▌     | 574/1250 [02:24<02:48,  4.01it/s]
[1Aphase1 epoch 2:  46%|████▌     | 575/1250 [02:24<02:46,  4.06it/s]
[1Aphase1 epoch 2:  46%|████▌     | 576/1250 [02:25<02:47,  4.02it/s]
[1Aphase1 epoch 2:  46%|████▌     | 577/1250 [02:25<02:47,  4.02it/s]
[1Aphase1 epoch 2:  46%|████▌     | 578/1250 [02:25<02:45,  4.06it/s]
[1Aphase1 epoch 2:  46%|████▋     | 579/1250 [02:25<02:43,  4.10it/s]
[1Aphase1 epoch 2:  46%|████▋     | 580/1250 [02:26<02:48,  3.99it/s]
[1Aphase1 epoch 2:  46%|████▋     | 581/1250 [02:26<02:47,  3.99it/s]
[1Aphase1 epoch 2:  47%|████▋     | 582/1250 [02:26<02:47,  3.98it/s]
[1Aphase1 epoch 2:  47%|████▋     | 583/1250 [02:26<02:48,  3.96it/s]
[1Aphase1 epoch 2:  47%|████▋     | 584/1250 [02:27<02:50,  3.91it/s]
[1Aphase1 epoch 2:  47%|████▋     | 585/1250 [02:27<02:49,  3.92it/s]
[1Aphase1 epoch 2:  47%|████▋     | 586/1250 [02:27<02:48,  3.94it/s]
[1Aphase1 epoch 2:  47%|████▋     | 587/1250 [02:27<02:47,  3.95it/s]
[1Aphase1 epoch 2:  47%|████▋     | 588/1250 [02:28<02:47,  3.95it/s]
[1Aphase1 epoch 2:  47%|████▋     | 589/1250 [02:28<02:44,  4.02it/s]
[1Aphase1 epoch 2:  47%|████▋     | 590/1250 [02:28<02:44,  4.00it/s]
[1Aphase1 epoch 2:  47%|████▋     | 591/1250 [02:28<02:45,  3.99it/s]
[1Aphase1 epoch 2:  47%|████▋     | 592/1250 [02:29<02:42,  4.04it/s]
[1Aphase1 epoch 2:  47%|████▋     | 593/1250 [02:29<02:39,  4.12it/s]
[1Aphase1 epoch 2:  48%|████▊     | 594/1250 [02:29<02:41,  4.07it/s]
[1Aphase1 epoch 2:  48%|████▊     | 595/1250 [02:29<02:44,  3.99it/s]
[1Aphase1 epoch 2:  48%|████▊     | 596/1250 [02:30<02:41,  4.04it/s]
[1Aphase1 epoch 2:  48%|████▊     | 597/1250 [02:30<02:42,  4.03it/s]
[1Aphase1 epoch 2:  48%|████▊     | 598/1250 [02:30<02:42,  4.00it/s]
[1Aphase1 epoch 2:  48%|████▊     | 599/1250 [02:30<02:45,  3.93it/s]
[1Aphase1 epoch 2:  48%|████▊     | 600/1250 [02:31<02:42,  4.00it/s]
[1Aphase1 epoch 2:  48%|████▊     | 601/1250 [02:31<02:42,  3.99it/s]
[1Aphase1 epoch 2:  48%|████▊     | 602/1250 [02:31<02:40,  4.03it/s]
[1Aphase1 epoch 2:  48%|████▊     | 603/1250 [02:31<02:40,  4.02it/s]
[1Aphase1 epoch 2:  48%|████▊     | 604/1250 [02:32<02:44,  3.94it/s]
[1Aphase1 epoch 2:  48%|████▊     | 605/1250 [02:32<02:45,  3.89it/s]
[1Aphase1 epoch 2:  48%|████▊     | 606/1250 [02:32<02:47,  3.86it/s]
[1Aphase1 epoch 2:  49%|████▊     | 607/1250 [02:32<02:42,  3.95it/s]
[1Aphase1 epoch 2:  49%|████▊     | 608/1250 [02:33<02:41,  3.97it/s]
[1Aphase1 epoch 2:  49%|████▊     | 609/1250 [02:33<02:44,  3.91it/s]
[1Aphase1 epoch 2:  49%|████▉     | 610/1250 [02:33<02:43,  3.92it/s]
[1Aphase1 epoch 2:  49%|████▉     | 611/1250 [02:33<02:42,  3.92it/s]
[1Aphase1 epoch 2:  49%|████▉     | 612/1250 [02:34<02:39,  4.01it/s]
[1Aphase1 epoch 2:  49%|████▉     | 613/1250 [02:34<02:38,  4.01it/s]
[1Aphase1 epoch 2:  49%|████▉     | 614/1250 [02:34<02:38,  4.01it/s]
[1Aphase1 epoch 2:  49%|████▉     | 615/1250 [02:34<02:39,  3.99it/s]
[1Aphase1 epoch 2:  49%|████▉     | 616/1250 [02:35<02:39,  3.97it/s]
[1Aphase1 epoch 2:  49%|████▉     | 617/1250 [02:35<02:39,  3.97it/s]
[1Aphase1 epoch 2:  49%|████▉     | 618/1250 [02:35<02:38,  3.98it/s]
[1Aphase1 epoch 2:  50%|████▉     | 619/1250 [02:35<02:38,  3.99it/s]
[1Aphase1 epoch 2:  50%|████▉     | 620/1250 [02:36<02:43,  3.86it/s]
[1Aphase1 epoch 2:  50%|████▉     | 621/1250 [02:36<02:41,  3.89it/s]
[1Aphase1 epoch 2:  50%|████▉     | 622/1250 [02:36<02:40,  3.91it/s]
[1Aphase1 epoch 2:  50%|████▉     | 623/1250 [02:36<02:39,  3.93it/s]
[1Aphase1 epoch 2:  50%|████▉     | 624/1250 [02:37<02:36,  3.99it/s]
[1Aphase1 epoch 2:  50%|█████     | 625/1250 [02:37<02:39,  3.92it/s]
[1Aphase1 epoch 2:  50%|█████     | 626/1250 [02:37<02:40,  3.88it/s]
[1Aphase1 epoch 2:  50%|█████     | 627/1250 [02:38<02:39,  3.91it/s]
[1Aphase1 epoch 2:  50%|█████     | 628/1250 [02:38<02:36,  3.98it/s]
[1Aphase1 epoch 2:  50%|█████     | 629/1250 [02:38<02:35,  3.99it/s]
[1Aphase1 epoch 2:  50%|█████     | 630/1250 [02:38<02:36,  3.97it/s]
[1Aphase1 epoch 2:  50%|█████     | 631/1250 [02:38<02:35,  3.97it/s]
[1Aphase1 epoch 2:  51%|█████     | 632/1250 [02:39<02:35,  3.98it/s]
[1Aphase1 epoch 2:  51%|█████     | 633/1250 [02:39<02:39,  3.87it/s]
[1Aphase1 epoch 2:  51%|█████     | 634/1250 [02:39<02:35,  3.95it/s]
[1Aphase1 epoch 2:  51%|█████     | 635/1250 [02:40<02:34,  3.97it/s]
[1Aphase1 epoch 2:  51%|█████     | 636/1250 [02:40<02:32,  4.03it/s]
[1Aphase1 epoch 2:  51%|█████     | 637/1250 [02:40<02:32,  4.01it/s]
[1Aphase1 epoch 2:  51%|█████     | 638/1250 [02:40<02:32,  4.01it/s]
[1Aphase1 epoch 2:  51%|█████     | 639/1250 [02:41<02:33,  3.98it/s]
[1Aphase1 epoch 2:  51%|█████     | 640/1250 [02:41<02:33,  3.96it/s]
[1Aphase1 epoch 2:  51%|█████▏    | 641/1250 [02:41<02:33,  3.96it/s]
[1Aphase1 epoch 2:  51%|█████▏    | 642/1250 [02:41<02:32,  3.98it/s]
[1Aphase1 epoch 2:  51%|█████▏    | 643/1250 [02:41<02:28,  4.08it/s]
[1Aphase1 epoch 2:  52%|█████▏    | 644/1250 [02:42<02:27,  4.10it/s]
[1Aphase1 epoch 2:  52%|█████▏    | 645/1250 [02:42<02:29,  4.06it/s]
[1Aphase1 epoch 2:  52%|█████▏    | 646/1250 [02:42<02:29,  4.03it/s]
[1Aphase1 epoch 2:  52%|█████▏    | 647/1250 [02:42<02:29,  4.03it/s]
[1Aphase1 epoch 2:  52%|█████▏    | 648/1250 [02:43<02:30,  4.00it/s]
[1Aphase1 epoch 2:  52%|█████▏    | 649/1250 [02:43<02:30,  3.98it/s]
[1Aphase1 epoch 2:  52%|█████▏    | 650/1250 [02:43<02:30,  3.99it/s]
[1Aphase1 epoch 2:  52%|█████▏    | 651/1250 [02:44<02:33,  3.90it/s]
[1Aphase1 epoch 2:  52%|█████▏    | 652/1250 [02:44<02:30,  3.97it/s]
[1Aphase1 epoch 2:  52%|█████▏    | 653/1250 [02:44<02:30,  3.97it/s]
[1Aphase1 epoch 2:  52%|█████▏    | 654/1250 [02:44<02:26,  4.07it/s]
[1Aphase1 epoch 2:  52%|█████▏    | 655/1250 [02:44<02:25,  4.10it/s]
[1Aphase1 epoch 2:  52%|█████▏    | 656/1250 [02:45<02:29,  3.98it/s]
[1Aphase1 epoch 2:  53%|█████▎    | 657/1250 [02:45<02:29,  3.97it/s]
[1Aphase1 epoch 2:  53%|█████▎    | 658/1250 [02:45<02:29,  3.97it/s]
[1Aphase1 epoch 2:  53%|█████▎    | 659/1250 [02:45<02:27,  4.02it/s]
[1Aphase1 epoch 2:  53%|█████▎    | 660/1250 [02:46<02:25,  4.06it/s]
[1Aphase1 epoch 2:  53%|█████▎    | 661/1250 [02:46<02:25,  4.04it/s]
[1Aphase1 epoch 2:  53%|█████▎    | 662/1250 [02:46<02:28,  3.96it/s]
[1Aphase1 epoch 2:  53%|█████▎    | 663/1250 [02:47<02:27,  3.97it/s]
[1Aphase1 epoch 2:  53%|█████▎    | 664/1250 [02:47<02:25,  4.02it/s]
[1Aphase1 epoch 2:  53%|█████▎    | 665/1250 [02:47<02:25,  4.02it/s]
[1Aphase1 epoch 2:  53%|█████▎    | 666/1250 [02:47<02:25,  4.00it/s]
[1Aphase1 epoch 2:  53%|█████▎    | 667/1250 [02:47<02:25,  4.00it/s]
[1Aphase1 epoch 2:  53%|█████▎    | 668/1250 [02:48<02:26,  3.99it/s]
[1Aphase1 epoch 2:  54%|█████▎    | 669/1250 [02:48<02:23,  4.05it/s]
[1Aphase1 epoch 2:  54%|█████▎    | 670/1250 [02:48<02:23,  4.04it/s]
[1Aphase1 epoch 2:  54%|█████▎    | 671/1250 [02:48<02:23,  4.03it/s]
[1Aphase1 epoch 2:  54%|█████▍    | 672/1250 [02:49<02:24,  4.01it/s]
[1Aphase1 epoch 2:  54%|█████▍    | 673/1250 [02:49<02:24,  4.00it/s]
[1Aphase1 epoch 2:  54%|█████▍    | 674/1250 [02:49<02:24,  3.99it/s]
[1Aphase1 epoch 2:  54%|█████▍    | 675/1250 [02:50<02:29,  3.85it/s]
[1Aphase1 epoch 2:  54%|█████▍    | 676/1250 [02:50<02:27,  3.89it/s]
[1Aphase1 epoch 2:  54%|█████▍    | 677/1250 [02:50<02:29,  3.84it/s]
[1Aphase1 epoch 2:  54%|█████▍    | 678/1250 [02:50<02:28,  3.86it/s]
[1Aphase1 epoch 2:  54%|█████▍    | 679/1250 [02:51<02:26,  3.90it/s]
[1Aphase1 epoch 2:  54%|█████▍    | 680/1250 [02:51<02:24,  3.93it/s]
[1Aphase1 epoch 2:  54%|█████▍    | 681/1250 [02:51<02:22,  3.99it/s]
[1Aphase1 epoch 2:  55%|█████▍    | 682/1250 [02:51<02:22,  3.97it/s]
[1Aphase1 epoch 2:  55%|█████▍    | 683/1250 [02:52<02:24,  3.92it/s]
[1Aphase1 epoch 2:  55%|█████▍    | 684/1250 [02:52<02:25,  3.89it/s]
[1Aphase1 epoch 2:  55%|█████▍    | 685/1250 [02:52<02:24,  3.92it/s]
[1Aphase1 epoch 2:  55%|█████▍    | 686/1250 [02:52<02:21,  3.99it/s]
[1Aphase1 epoch 2:  55%|█████▍    | 687/1250 [02:53<02:21,  3.98it/s]
[1Aphase1 epoch 2:  55%|█████▌    | 688/1250 [02:53<02:19,  4.04it/s]
[1Aphase1 epoch 2:  55%|█████▌    | 689/1250 [02:53<02:16,  4.10it/s]
[1Aphase1 epoch 2:  55%|█████▌    | 690/1250 [02:53<02:20,  3.98it/s]
[1Aphase1 epoch 2:  55%|█████▌    | 691/1250 [02:54<02:23,  3.89it/s]
[1Aphase1 epoch 2:  55%|█████▌    | 692/1250 [02:54<02:22,  3.93it/s]
[1Aphase1 epoch 2:  55%|█████▌    | 693/1250 [02:54<02:21,  3.94it/s]
[1Aphase1 epoch 2:  56%|█████▌    | 694/1250 [02:54<02:21,  3.94it/s]
[1Aphase1 epoch 2:  56%|█████▌    | 695/1250 [02:55<02:18,  4.00it/s]
[1Aphase1 epoch 2:  56%|█████▌    | 696/1250 [02:55<02:17,  4.04it/s]
[1Aphase1 epoch 2:  56%|█████▌    | 697/1250 [02:55<02:17,  4.02it/s]
[1Aphase1 epoch 2:  56%|█████▌    | 698/1250 [02:55<02:17,  4.01it/s]
[1Aphase1 epoch 2:  56%|█████▌    | 699/1250 [02:56<02:17,  4.01it/s]
[1Aphase1 epoch 2:  56%|█████▌    | 700/1250 [02:56<02:15,  4.06it/s]
[1Aphase1 epoch 2:  56%|█████▌    | 701/1250 [02:56<02:20,  3.92it/s]
[1Aphase1 epoch 2:  56%|█████▌    | 702/1250 [02:56<02:16,  4.00it/s]
[1Aphase1 epoch 2:  56%|█████▌    | 703/1250 [02:57<02:14,  4.06it/s]
[1Aphase1 epoch 2:  56%|█████▋    | 704/1250 [02:57<02:13,  4.08it/s]
[1Aphase1 epoch 2:  56%|█████▋    | 705/1250 [02:57<02:16,  4.00it/s]
[1Aphase1 epoch 2:  56%|█████▋    | 706/1250 [02:57<02:16,  4.00it/s]
[1Aphase1 epoch 2:  57%|█████▋    | 707/1250 [02:58<02:20,  3.86it/s]
[1Aphase1 epoch 2:  57%|█████▋    | 708/1250 [02:58<02:20,  3.87it/s]
[1Aphase1 epoch 2:  57%|█████▋    | 709/1250 [02:58<02:19,  3.88it/s]
[1Aphase1 epoch 2:  57%|█████▋    | 710/1250 [02:58<02:20,  3.83it/s]
[1Aphase1 epoch 2:  57%|█████▋    | 711/1250 [02:59<02:21,  3.82it/s]
[1Aphase1 epoch 2:  57%|█████▋    | 712/1250 [02:59<02:21,  3.81it/s]
[1Aphase1 epoch 2:  57%|█████▋    | 713/1250 [02:59<02:16,  3.93it/s]
[1Aphase1 epoch 2:  57%|█████▋    | 714/1250 [02:59<02:16,  3.92it/s]
[1Aphase1 epoch 2:  57%|█████▋    | 715/1250 [03:00<02:18,  3.87it/s]
[1Aphase1 epoch 2:  57%|█████▋    | 716/1250 [03:00<02:16,  3.91it/s]
[1Aphase1 epoch 2:  57%|█████▋    | 717/1250 [03:00<02:13,  3.99it/s]
[1Aphase1 epoch 2:  57%|█████▋    | 718/1250 [03:00<02:17,  3.87it/s]
[1Aphase1 epoch 2:  58%|█████▊    | 719/1250 [03:01<02:16,  3.89it/s]
[1Aphase1 epoch 2:  58%|█████▊    | 720/1250 [03:01<02:15,  3.92it/s]
[1Aphase1 epoch 2:  58%|█████▊    | 721/1250 [03:01<02:14,  3.93it/s]
[1Aphase1 epoch 2:  58%|█████▊    | 722/1250 [03:01<02:13,  3.95it/s]
[1Aphase1 epoch 2:  58%|█████▊    | 723/1250 [03:02<02:14,  3.90it/s]
[1Aphase1 epoch 2:  58%|█████▊    | 724/1250 [03:02<02:14,  3.91it/s]
[1Aphase1 epoch 2:  58%|█████▊    | 725/1250 [03:02<02:14,  3.92it/s]
[1Aphase1 epoch 2:  58%|█████▊    | 726/1250 [03:02<02:13,  3.93it/s]
[1Aphase1 epoch 2:  58%|█████▊    | 727/1250 [03:03<02:14,  3.89it/s]
[1Aphase1 epoch 2:  58%|█████▊    | 728/1250 [03:03<02:15,  3.86it/s]
[1Aphase1 epoch 2:  58%|█████▊    | 729/1250 [03:03<02:13,  3.90it/s]
[1Aphase1 epoch 2:  58%|█████▊    | 730/1250 [03:03<02:12,  3.93it/s]
[1Aphase1 epoch 2:  58%|█████▊    | 731/1250 [03:04<02:11,  3.94it/s]
[1Aphase1 epoch 2:  59%|█████▊    | 732/1250 [03:04<02:11,  3.95it/s]
[1Aphase1 epoch 2:  59%|█████▊    | 733/1250 [03:04<02:10,  3.95it/s]
[1Aphase1 epoch 2:  59%|█████▊    | 734/1250 [03:04<02:10,  3.97it/s]
[1Aphase1 epoch 2:  59%|█████▉    | 735/1250 [03:05<02:08,  4.02it/s]
[1Aphase1 epoch 2:  59%|█████▉    | 736/1250 [03:05<02:08,  4.00it/s]
[1Aphase1 epoch 2:  59%|█████▉    | 737/1250 [03:05<02:06,  4.06it/s]
[1Aphase1 epoch 2:  59%|█████▉    | 738/1250 [03:05<02:07,  4.02it/s]
[1Aphase1 epoch 2:  59%|█████▉    | 739/1250 [03:06<02:07,  4.00it/s]
[1Aphase1 epoch 2:  59%|█████▉    | 740/1250 [03:06<02:09,  3.93it/s]
[1Aphase1 epoch 2:  59%|█████▉    | 741/1250 [03:06<02:09,  3.93it/s]
[1Aphase1 epoch 2:  59%|█████▉    | 742/1250 [03:06<02:06,  4.01it/s]
[1Aphase1 epoch 2:  59%|█████▉    | 743/1250 [03:07<02:06,  4.01it/s]
[1Aphase1 epoch 2:  60%|█████▉    | 744/1250 [03:07<02:04,  4.07it/s]
[1Aphase1 epoch 2:  60%|█████▉    | 745/1250 [03:07<02:02,  4.13it/s]
[1Aphase1 epoch 2:  60%|█████▉    | 746/1250 [03:07<02:01,  4.16it/s]
[1Aphase1 epoch 2:  60%|█████▉    | 747/1250 [03:08<02:02,  4.10it/s]
[1Aphase1 epoch 2:  60%|█████▉    | 748/1250 [03:08<02:05,  4.01it/s]
[1Aphase1 epoch 2:  60%|█████▉    | 749/1250 [03:08<02:03,  4.04it/s]
[1Aphase1 epoch 2:  60%|██████    | 750/1250 [03:08<02:06,  3.96it/s]
[1Aphase1 epoch 2:  60%|██████    | 751/1250 [03:09<02:06,  3.96it/s]
[1Aphase1 epoch 2:  60%|██████    | 752/1250 [03:09<02:05,  3.95it/s]
[1Aphase1 epoch 2:  60%|██████    | 753/1250 [03:09<02:05,  3.96it/s]
[1Aphase1 epoch 2:  60%|██████    | 754/1250 [03:09<02:02,  4.05it/s]
[1Aphase1 epoch 2:  60%|██████    | 755/1250 [03:10<02:01,  4.08it/s]
[1Aphase1 epoch 2:  60%|██████    | 756/1250 [03:10<02:02,  4.05it/s]
[1Aphase1 epoch 2:  61%|██████    | 757/1250 [03:10<02:02,  4.01it/s]
[1Aphase1 epoch 2:  61%|██████    | 758/1250 [03:10<02:01,  4.06it/s]
[1Aphase1 epoch 2:  61%|██████    | 759/1250 [03:11<02:02,  4.02it/s]
[1Aphase1 epoch 2:  61%|██████    | 760/1250 [03:11<02:02,  4.01it/s]
[1Aphase1 epoch 2:  61%|██████    | 761/1250 [03:11<02:00,  4.05it/s]
[1Aphase1 epoch 2:  61%|██████    | 762/1250 [03:11<02:01,  4.02it/s]
[1Aphase1 epoch 2:  61%|██████    | 763/1250 [03:12<02:01,  4.01it/s]
[1Aphase1 epoch 2:  61%|██████    | 764/1250 [03:12<02:01,  4.01it/s]
[1Aphase1 epoch 2:  61%|██████    | 765/1250 [03:12<01:59,  4.07it/s]
[1Aphase1 epoch 2:  61%|██████▏   | 766/1250 [03:12<01:59,  4.04it/s]
[1Aphase1 epoch 2:  61%|██████▏   | 767/1250 [03:13<02:02,  3.94it/s]
[1Aphase1 epoch 2:  61%|██████▏   | 768/1250 [03:13<01:59,  4.02it/s]
[1Aphase1 epoch 2:  62%|██████▏   | 769/1250 [03:13<02:00,  4.00it/s]
[1Aphase1 epoch 2:  62%|██████▏   | 770/1250 [03:13<02:00,  3.98it/s]
[1Aphase1 epoch 2:  62%|██████▏   | 771/1250 [03:14<01:58,  4.03it/s]
[1Aphase1 epoch 2:  62%|██████▏   | 772/1250 [03:14<01:59,  3.99it/s]
[1Aphase1 epoch 2:  62%|██████▏   | 773/1250 [03:14<02:01,  3.94it/s]
[1Aphase1 epoch 2:  62%|██████▏   | 774/1250 [03:14<02:02,  3.89it/s]
[1Aphase1 epoch 2:  62%|██████▏   | 775/1250 [03:15<01:59,  3.98it/s]
[1Aphase1 epoch 2:  62%|██████▏   | 776/1250 [03:15<01:57,  4.05it/s]
[1Aphase1 epoch 2:  62%|██████▏   | 777/1250 [03:15<01:55,  4.10it/s]
[1Aphase1 epoch 2:  62%|██████▏   | 778/1250 [03:15<01:56,  4.06it/s]
[1Aphase1 epoch 2:  62%|██████▏   | 779/1250 [03:16<01:58,  3.96it/s]
[1Aphase1 epoch 2:  62%|██████▏   | 780/1250 [03:16<01:58,  3.96it/s]
[1Aphase1 epoch 2:  62%|██████▏   | 781/1250 [03:16<02:00,  3.90it/s]
[1Aphase1 epoch 2:  63%|██████▎   | 782/1250 [03:16<01:59,  3.92it/s]
[1Aphase1 epoch 2:  63%|██████▎   | 783/1250 [03:17<01:58,  3.92it/s]
[1Aphase1 epoch 2:  63%|██████▎   | 784/1250 [03:17<02:00,  3.88it/s]
[1Aphase1 epoch 2:  63%|██████▎   | 785/1250 [03:17<01:57,  3.97it/s]
[1Aphase1 epoch 2:  63%|██████▎   | 786/1250 [03:17<01:54,  4.04it/s]
[1Aphase1 epoch 2:  63%|██████▎   | 787/1250 [03:18<01:53,  4.09it/s]
[1Aphase1 epoch 2:  63%|██████▎   | 788/1250 [03:18<01:57,  3.93it/s]
[1Aphase1 epoch 2:  63%|██████▎   | 789/1250 [03:18<01:57,  3.93it/s]
[1Aphase1 epoch 2:  63%|██████▎   | 790/1250 [03:18<01:58,  3.89it/s]
[1Aphase1 epoch 2:  63%|██████▎   | 791/1250 [03:19<01:57,  3.89it/s]
[1Aphase1 epoch 2:  63%|██████▎   | 792/1250 [03:19<01:57,  3.90it/s]
[1Aphase1 epoch 2:  63%|██████▎   | 793/1250 [03:19<01:56,  3.93it/s]
[1Aphase1 epoch 2:  64%|██████▎   | 794/1250 [03:19<01:55,  3.96it/s]
[1Aphase1 epoch 2:  64%|██████▎   | 795/1250 [03:20<01:55,  3.94it/s]
[1Aphase1 epoch 2:  64%|██████▎   | 796/1250 [03:20<01:54,  3.95it/s]
[1Aphase1 epoch 2:  64%|██████▍   | 797/1250 [03:20<01:54,  3.95it/s]
[1Aphase1 epoch 2:  64%|██████▍   | 798/1250 [03:21<01:54,  3.94it/s]
[1Aphase1 epoch 2:  64%|██████▍   | 799/1250 [03:21<01:55,  3.90it/s]
[1Aphase1 epoch 2:  64%|██████▍   | 800/1250 [03:21<01:56,  3.85it/s]
[1Aphase1 epoch 2:  64%|██████▍   | 801/1250 [03:21<01:55,  3.88it/s]
[1Aphase1 epoch 2:  64%|██████▍   | 802/1250 [03:22<01:54,  3.92it/s]
[1Aphase1 epoch 2:  64%|██████▍   | 803/1250 [03:22<01:53,  3.95it/s]
[1Aphase1 epoch 2:  64%|██████▍   | 804/1250 [03:22<01:53,  3.95it/s]
[1Aphase1 epoch 2:  64%|██████▍   | 805/1250 [03:22<01:52,  3.95it/s]
[1Aphase1 epoch 2:  64%|██████▍   | 806/1250 [03:23<01:52,  3.95it/s]
[1Aphase1 epoch 2:  65%|██████▍   | 807/1250 [03:23<01:52,  3.95it/s]
[1Aphase1 epoch 2:  65%|██████▍   | 808/1250 [03:23<01:53,  3.89it/s]
[1Aphase1 epoch 2:  65%|██████▍   | 809/1250 [03:23<01:52,  3.90it/s]
[1Aphase1 epoch 2:  65%|██████▍   | 810/1250 [03:24<01:53,  3.87it/s]
[1Aphase1 epoch 2:  65%|██████▍   | 811/1250 [03:24<01:50,  3.97it/s]
[1Aphase1 epoch 2:  65%|██████▍   | 812/1250 [03:24<01:51,  3.92it/s]
[1Aphase1 epoch 2:  65%|██████▌   | 813/1250 [03:24<01:52,  3.87it/s]
[1Aphase1 epoch 2:  65%|██████▌   | 814/1250 [03:25<01:51,  3.91it/s]
[1Aphase1 epoch 2:  65%|██████▌   | 815/1250 [03:25<01:52,  3.87it/s]
[1Aphase1 epoch 2:  65%|██████▌   | 816/1250 [03:25<01:51,  3.90it/s]
[1Aphase1 epoch 2:  65%|██████▌   | 817/1250 [03:25<01:50,  3.90it/s]
[1Aphase1 epoch 2:  65%|██████▌   | 818/1250 [03:26<01:48,  3.98it/s]
[1Aphase1 epoch 2:  66%|██████▌   | 819/1250 [03:26<01:50,  3.90it/s]
[1Aphase1 epoch 2:  66%|██████▌   | 820/1250 [03:26<01:51,  3.86it/s]
[1Aphase1 epoch 2:  66%|██████▌   | 821/1250 [03:26<01:48,  3.95it/s]
[1Aphase1 epoch 2:  66%|██████▌   | 822/1250 [03:27<01:49,  3.90it/s]
[1Aphase1 epoch 2:  66%|██████▌   | 823/1250 [03:27<01:47,  3.98it/s]
[1Aphase1 epoch 2:  66%|██████▌   | 824/1250 [03:27<01:48,  3.92it/s]
[1Aphase1 epoch 2:  66%|██████▌   | 825/1250 [03:27<01:47,  3.94it/s]
[1Aphase1 epoch 2:  66%|██████▌   | 826/1250 [03:28<01:45,  4.02it/s]
[1Aphase1 epoch 2:  66%|██████▌   | 827/1250 [03:28<01:44,  4.06it/s]
[1Aphase1 epoch 2:  66%|██████▌   | 828/1250 [03:28<01:44,  4.03it/s]
[1Aphase1 epoch 2:  66%|██████▋   | 829/1250 [03:28<01:44,  4.02it/s]
[1Aphase1 epoch 2:  66%|██████▋   | 830/1250 [03:29<01:42,  4.08it/s]
[1Aphase1 epoch 2:  66%|██████▋   | 831/1250 [03:29<01:43,  4.06it/s]
[1Aphase1 epoch 2:  67%|██████▋   | 832/1250 [03:29<01:46,  3.91it/s]
[1Aphase1 epoch 2:  67%|██████▋   | 833/1250 [03:29<01:46,  3.92it/s]
[1Aphase1 epoch 2:  67%|██████▋   | 834/1250 [03:30<01:44,  3.99it/s]
[1Aphase1 epoch 2:  67%|██████▋   | 835/1250 [03:30<01:47,  3.87it/s]
[1Aphase1 epoch 2:  67%|██████▋   | 836/1250 [03:30<01:44,  3.96it/s]
[1Aphase1 epoch 2:  67%|██████▋   | 837/1250 [03:30<01:41,  4.05it/s]
[1Aphase1 epoch 2:  67%|██████▋   | 838/1250 [03:31<01:40,  4.08it/s]
[1Aphase1 epoch 2:  67%|██████▋   | 839/1250 [03:31<01:41,  4.04it/s]
[1Aphase1 epoch 2:  67%|██████▋   | 840/1250 [03:31<01:43,  3.97it/s]
[1Aphase1 epoch 2:  67%|██████▋   | 841/1250 [03:31<01:43,  3.97it/s]
[1Aphase1 epoch 2:  67%|██████▋   | 842/1250 [03:32<01:44,  3.91it/s]
[1Aphase1 epoch 2:  67%|██████▋   | 843/1250 [03:32<01:43,  3.93it/s]
[1Aphase1 epoch 2:  68%|██████▊   | 844/1250 [03:32<01:43,  3.93it/s]
[1Aphase1 epoch 2:  68%|██████▊   | 845/1250 [03:32<01:41,  3.99it/s]
[1Aphase1 epoch 2:  68%|██████▊   | 846/1250 [03:33<01:43,  3.92it/s]
[1Aphase1 epoch 2:  68%|██████▊   | 847/1250 [03:33<01:42,  3.95it/s]
[1Aphase1 epoch 2:  68%|██████▊   | 848/1250 [03:33<01:41,  3.95it/s]
[1Aphase1 epoch 2:  68%|██████▊   | 849/1250 [03:33<01:39,  4.02it/s]
[1Aphase1 epoch 2:  68%|██████▊   | 850/1250 [03:34<01:39,  4.01it/s]
[1Aphase1 epoch 2:  68%|██████▊   | 851/1250 [03:34<01:39,  4.00it/s]
[1Aphase1 epoch 2:  68%|██████▊   | 852/1250 [03:34<01:41,  3.92it/s]
[1Aphase1 epoch 2:  68%|██████▊   | 853/1250 [03:34<01:39,  3.99it/s]
[1Aphase1 epoch 2:  68%|██████▊   | 854/1250 [03:35<01:39,  4.00it/s]
[1Aphase1 epoch 2:  68%|██████▊   | 855/1250 [03:35<01:38,  3.99it/s]
[1Aphase1 epoch 2:  68%|██████▊   | 856/1250 [03:35<01:41,  3.87it/s]
[1Aphase1 epoch 2:  69%|██████▊   | 857/1250 [03:35<01:39,  3.97it/s]
[1Aphase1 epoch 2:  69%|██████▊   | 858/1250 [03:36<01:40,  3.91it/s]
[1Aphase1 epoch 2:  69%|██████▊   | 859/1250 [03:36<01:39,  3.94it/s]
[1Aphase1 epoch 2:  69%|██████▉   | 860/1250 [03:36<01:37,  4.00it/s]
[1Aphase1 epoch 2:  69%|██████▉   | 861/1250 [03:36<01:37,  3.99it/s]
[1Aphase1 epoch 2:  69%|██████▉   | 862/1250 [03:37<01:37,  3.98it/s]
[1Aphase1 epoch 2:  69%|██████▉   | 863/1250 [03:37<01:35,  4.04it/s]
[1Aphase1 epoch 2:  69%|██████▉   | 864/1250 [03:37<01:36,  4.00it/s]
[1Aphase1 epoch 2:  69%|██████▉   | 865/1250 [03:37<01:37,  3.94it/s]
[1Aphase1 epoch 2:  69%|██████▉   | 866/1250 [03:38<01:37,  3.96it/s]
[1Aphase1 epoch 2:  69%|██████▉   | 867/1250 [03:38<01:36,  3.95it/s]
[1Aphase1 epoch 2:  69%|██████▉   | 868/1250 [03:38<01:36,  3.95it/s]
[1Aphase1 epoch 2:  70%|██████▉   | 869/1250 [03:38<01:36,  3.96it/s]
[1Aphase1 epoch 2:  70%|██████▉   | 870/1250 [03:39<01:39,  3.82it/s]
[1Aphase1 epoch 2:  70%|██████▉   | 871/1250 [03:39<01:39,  3.81it/s]
[1Aphase1 epoch 2:  70%|██████▉   | 872/1250 [03:39<01:36,  3.91it/s]
[1Aphase1 epoch 2:  70%|██████▉   | 873/1250 [03:40<01:35,  3.93it/s]
[1Aphase1 epoch 2:  70%|██████▉   | 874/1250 [03:40<01:33,  4.01it/s]
[1Aphase1 epoch 2:  70%|███████   | 875/1250 [03:40<01:34,  3.95it/s]
[1Aphase1 epoch 2:  70%|███████   | 876/1250 [03:40<01:32,  4.03it/s]
[1Aphase1 epoch 2:  70%|███████   | 877/1250 [03:41<01:34,  3.97it/s]
[1Aphase1 epoch 2:  70%|███████   | 878/1250 [03:41<01:33,  3.97it/s]
[1Aphase1 epoch 2:  70%|███████   | 879/1250 [03:41<01:35,  3.90it/s]
[1Aphase1 epoch 2:  70%|███████   | 880/1250 [03:41<01:34,  3.91it/s]
[1Aphase1 epoch 2:  70%|███████   | 881/1250 [03:42<01:35,  3.88it/s]
[1Aphase1 epoch 2:  71%|███████   | 882/1250 [03:42<01:33,  3.96it/s]
[1Aphase1 epoch 2:  71%|███████   | 883/1250 [03:42<01:31,  4.02it/s]
[1Aphase1 epoch 2:  71%|███████   | 884/1250 [03:42<01:32,  3.94it/s]
[1Aphase1 epoch 2:  71%|███████   | 885/1250 [03:43<01:32,  3.96it/s]
[1Aphase1 epoch 2:  71%|███████   | 886/1250 [03:43<01:32,  3.95it/s]
[1Aphase1 epoch 2:  71%|███████   | 887/1250 [03:43<01:30,  4.02it/s]
[1Aphase1 epoch 2:  71%|███████   | 888/1250 [03:43<01:30,  3.99it/s]
[1Aphase1 epoch 2:  71%|███████   | 889/1250 [03:44<01:30,  3.98it/s]
[1Aphase1 epoch 2:  71%|███████   | 890/1250 [03:44<01:30,  3.96it/s]
[1Aphase1 epoch 2:  71%|███████▏  | 891/1250 [03:44<01:30,  3.96it/s]
[1Aphase1 epoch 2:  71%|███████▏  | 892/1250 [03:44<01:30,  3.96it/s]
[1Aphase1 epoch 2:  71%|███████▏  | 893/1250 [03:45<01:30,  3.96it/s]
[1Aphase1 epoch 2:  72%|███████▏  | 894/1250 [03:45<01:30,  3.94it/s]
[1Aphase1 epoch 2:  72%|███████▏  | 895/1250 [03:45<01:29,  3.95it/s]
[1Aphase1 epoch 2:  72%|███████▏  | 896/1250 [03:45<01:29,  3.96it/s]
[1Aphase1 epoch 2:  72%|███████▏  | 897/1250 [03:46<01:28,  3.98it/s]
[1Aphase1 epoch 2:  72%|███████▏  | 898/1250 [03:46<01:29,  3.93it/s]
[1Aphase1 epoch 2:  72%|███████▏  | 899/1250 [03:46<01:27,  4.00it/s]
[1Aphase1 epoch 2:  72%|███████▏  | 900/1250 [03:46<01:27,  4.00it/s]
[1Aphase1 epoch 2:  72%|███████▏  | 901/1250 [03:47<01:28,  3.93it/s]
[1Aphase1 epoch 2:  72%|███████▏  | 902/1250 [03:47<01:28,  3.95it/s]
[1Aphase1 epoch 2:  72%|███████▏  | 903/1250 [03:47<01:30,  3.84it/s]
[1Aphase1 epoch 2:  72%|███████▏  | 904/1250 [03:47<01:29,  3.88it/s]
[1Aphase1 epoch 2:  72%|███████▏  | 905/1250 [03:48<01:28,  3.90it/s]
[1Aphase1 epoch 2:  72%|███████▏  | 906/1250 [03:48<01:27,  3.91it/s]
[1Aphase1 epoch 2:  73%|███████▎  | 907/1250 [03:48<01:27,  3.93it/s]
[1Aphase1 epoch 2:  73%|███████▎  | 908/1250 [03:48<01:27,  3.89it/s]
[1Aphase1 epoch 2:  73%|███████▎  | 909/1250 [03:49<01:26,  3.96it/s]
[1Aphase1 epoch 2:  73%|███████▎  | 910/1250 [03:49<01:27,  3.89it/s]
[1Aphase1 epoch 2:  73%|███████▎  | 911/1250 [03:49<01:28,  3.85it/s]
[1Aphase1 epoch 2:  73%|███████▎  | 912/1250 [03:49<01:25,  3.96it/s]
[1Aphase1 epoch 2:  73%|███████▎  | 913/1250 [03:50<01:23,  4.03it/s]
[1Aphase1 epoch 2:  73%|███████▎  | 914/1250 [03:50<01:23,  4.01it/s]
[1Aphase1 epoch 2:  73%|███████▎  | 915/1250 [03:50<01:25,  3.94it/s]
[1Aphase1 epoch 2:  73%|███████▎  | 916/1250 [03:50<01:24,  3.96it/s]
[1Aphase1 epoch 2:  73%|███████▎  | 917/1250 [03:51<01:23,  3.96it/s]
[1Aphase1 epoch 2:  73%|███████▎  | 918/1250 [03:51<01:26,  3.85it/s]
[1Aphase1 epoch 2:  74%|███████▎  | 919/1250 [03:51<01:25,  3.88it/s]
[1Aphase1 epoch 2:  74%|███████▎  | 920/1250 [03:51<01:23,  3.97it/s]
[1Aphase1 epoch 2:  74%|███████▎  | 921/1250 [03:52<01:22,  3.97it/s]
[1Aphase1 epoch 2:  74%|███████▍  | 922/1250 [03:52<01:22,  3.98it/s]
[1Aphase1 epoch 2:  74%|███████▍  | 923/1250 [03:52<01:22,  3.98it/s]
[1Aphase1 epoch 2:  74%|███████▍  | 924/1250 [03:52<01:23,  3.92it/s]
[1Aphase1 epoch 2:  74%|███████▍  | 925/1250 [03:53<01:21,  4.00it/s]
[1Aphase1 epoch 2:  74%|███████▍  | 926/1250 [03:53<01:22,  3.92it/s]
[1Aphase1 epoch 2:  74%|███████▍  | 927/1250 [03:53<01:22,  3.94it/s]
[1Aphase1 epoch 2:  74%|███████▍  | 928/1250 [03:53<01:24,  3.82it/s]
[1Aphase1 epoch 2:  74%|███████▍  | 929/1250 [03:54<01:21,  3.92it/s]
[1Aphase1 epoch 2:  74%|███████▍  | 930/1250 [03:54<01:22,  3.89it/s]
[1Aphase1 epoch 2:  74%|███████▍  | 931/1250 [03:54<01:21,  3.90it/s]
[1Aphase1 epoch 2:  75%|███████▍  | 932/1250 [03:54<01:21,  3.92it/s]
[1Aphase1 epoch 2:  75%|███████▍  | 933/1250 [03:55<01:22,  3.86it/s]
[1Aphase1 epoch 2:  75%|███████▍  | 934/1250 [03:55<01:24,  3.76it/s]
[1Aphase1 epoch 2:  75%|███████▍  | 935/1250 [03:55<01:20,  3.89it/s]
[1Aphase1 epoch 2:  75%|███████▍  | 936/1250 [03:56<01:21,  3.86it/s]
[1Aphase1 epoch 2:  75%|███████▍  | 937/1250 [03:56<01:21,  3.82it/s]
[1Aphase1 epoch 2:  75%|███████▌  | 938/1250 [03:56<01:21,  3.85it/s]
[1Aphase1 epoch 2:  75%|███████▌  | 939/1250 [03:56<01:20,  3.89it/s]
[1Aphase1 epoch 2:  75%|███████▌  | 940/1250 [03:57<01:19,  3.92it/s]
[1Aphase1 epoch 2:  75%|███████▌  | 941/1250 [03:57<01:18,  3.93it/s]
[1Aphase1 epoch 2:  75%|███████▌  | 942/1250 [03:57<01:17,  3.96it/s]
[1Aphase1 epoch 2:  75%|███████▌  | 943/1250 [03:57<01:17,  3.95it/s]
[1Aphase1 epoch 2:  76%|███████▌  | 944/1250 [03:58<01:18,  3.90it/s]
[1Aphase1 epoch 2:  76%|███████▌  | 945/1250 [03:58<01:16,  3.97it/s]
[1Aphase1 epoch 2:  76%|███████▌  | 946/1250 [03:58<01:15,  4.03it/s]
[1Aphase1 epoch 2:  76%|███████▌  | 947/1250 [03:58<01:15,  4.00it/s]
[1Aphase1 epoch 2:  76%|███████▌  | 948/1250 [03:59<01:15,  4.00it/s]
[1Aphase1 epoch 2:  76%|███████▌  | 949/1250 [03:59<01:16,  3.94it/s]
[1Aphase1 epoch 2:  76%|███████▌  | 950/1250 [03:59<01:15,  4.00it/s]
[1Aphase1 epoch 2:  76%|███████▌  | 951/1250 [03:59<01:16,  3.93it/s]
[1Aphase1 epoch 2:  76%|███████▌  | 952/1250 [04:00<01:15,  3.94it/s]
[1Aphase1 epoch 2:  76%|███████▌  | 953/1250 [04:00<01:16,  3.89it/s]
[1Aphase1 epoch 2:  76%|███████▋  | 954/1250 [04:00<01:16,  3.86it/s]
[1Aphase1 epoch 2:  76%|███████▋  | 955/1250 [04:00<01:16,  3.88it/s]
[1Aphase1 epoch 2:  76%|███████▋  | 956/1250 [04:01<01:14,  3.92it/s]
[1Aphase1 epoch 2:  77%|███████▋  | 957/1250 [04:01<01:15,  3.87it/s]
[1Aphase1 epoch 2:  77%|███████▋  | 958/1250 [04:01<01:14,  3.89it/s]
[1Aphase1 epoch 2:  77%|███████▋  | 959/1250 [04:01<01:14,  3.90it/s]
[1Aphase1 epoch 2:  77%|███████▋  | 960/1250 [04:02<01:12,  4.00it/s]
[1Aphase1 epoch 2:  77%|███████▋  | 961/1250 [04:02<01:13,  3.95it/s]
[1Aphase1 epoch 2:  77%|███████▋  | 962/1250 [04:02<01:12,  3.96it/s]
[1Aphase1 epoch 2:  77%|███████▋  | 963/1250 [04:02<01:12,  3.94it/s]
[1Aphase1 epoch 2:  77%|███████▋  | 964/1250 [04:03<01:12,  3.94it/s]
[1Aphase1 epoch 2:  77%|███████▋  | 965/1250 [04:03<01:10,  4.02it/s]
[1Aphase1 epoch 2:  77%|███████▋  | 966/1250 [04:03<01:10,  4.00it/s]
[1Aphase1 epoch 2:  77%|███████▋  | 967/1250 [04:03<01:10,  4.04it/s]
[1Aphase1 epoch 2:  77%|███████▋  | 968/1250 [04:04<01:10,  4.02it/s]
[1Aphase1 epoch 2:  78%|███████▊  | 969/1250 [04:04<01:08,  4.08it/s]
[1Aphase1 epoch 2:  78%|███████▊  | 970/1250 [04:04<01:07,  4.13it/s]
[1Aphase1 epoch 2:  78%|███████▊  | 971/1250 [04:04<01:08,  4.09it/s]
[1Aphase1 epoch 2:  78%|███████▊  | 972/1250 [04:05<01:08,  4.06it/s]
[1Aphase1 epoch 2:  78%|███████▊  | 973/1250 [04:05<01:08,  4.05it/s]
[1Aphase1 epoch 2:  78%|███████▊  | 974/1250 [04:05<01:07,  4.09it/s]
[1Aphase1 epoch 2:  78%|███████▊  | 975/1250 [04:05<01:08,  4.04it/s]
[1Aphase1 epoch 2:  78%|███████▊  | 976/1250 [04:06<01:08,  4.02it/s]
[1Aphase1 epoch 2:  78%|███████▊  | 977/1250 [04:06<01:07,  4.06it/s]
[1Aphase1 epoch 2:  78%|███████▊  | 978/1250 [04:06<01:07,  4.02it/s]
[1Aphase1 epoch 2:  78%|███████▊  | 979/1250 [04:06<01:06,  4.06it/s]
[1Aphase1 epoch 2:  78%|███████▊  | 980/1250 [04:07<01:06,  4.04it/s]
[1Aphase1 epoch 2:  78%|███████▊  | 981/1250 [04:07<01:06,  4.03it/s]
[1Aphase1 epoch 2:  79%|███████▊  | 982/1250 [04:07<01:07,  4.00it/s]
[1Aphase1 epoch 2:  79%|███████▊  | 983/1250 [04:07<01:07,  3.98it/s]
[1Aphase1 epoch 2:  79%|███████▊  | 984/1250 [04:08<01:06,  3.97it/s]
[1Aphase1 epoch 2:  79%|███████▉  | 985/1250 [04:08<01:05,  4.02it/s]
[1Aphase1 epoch 2:  79%|███████▉  | 986/1250 [04:08<01:05,  4.01it/s]
[1Aphase1 epoch 2:  79%|███████▉  | 987/1250 [04:08<01:06,  3.94it/s]
[1Aphase1 epoch 2:  79%|███████▉  | 988/1250 [04:09<01:05,  4.00it/s]
[1Aphase1 epoch 2:  79%|███████▉  | 989/1250 [04:09<01:05,  3.99it/s]
[1Aphase1 epoch 2:  79%|███████▉  | 990/1250 [04:09<01:05,  3.99it/s]
[1Aphase1 epoch 2:  79%|███████▉  | 991/1250 [04:09<01:04,  4.03it/s]
[1Aphase1 epoch 2:  79%|███████▉  | 992/1250 [04:10<01:03,  4.07it/s]
[1Aphase1 epoch 2:  79%|███████▉  | 993/1250 [04:10<01:03,  4.04it/s]
[1Aphase1 epoch 2:  80%|███████▉  | 994/1250 [04:10<01:02,  4.09it/s]
[1Aphase1 epoch 2:  80%|███████▉  | 995/1250 [04:10<01:01,  4.16it/s]
[1Aphase1 epoch 2:  80%|███████▉  | 996/1250 [04:11<01:01,  4.11it/s]
[1Aphase1 epoch 2:  80%|███████▉  | 997/1250 [04:11<01:02,  4.06it/s]
[1Aphase1 epoch 2:  80%|███████▉  | 998/1250 [04:11<01:02,  4.05it/s]
[1Aphase1 epoch 2:  80%|███████▉  | 999/1250 [04:11<01:02,  4.03it/s]
[1Aphase1 epoch 2:  80%|████████  | 1000/1250 [04:12<01:02,  4.01it/s]
[1Aphase1 epoch 2:  80%|████████  | 1001/1250 [04:12<01:02,  3.99it/s]
[1Aphase1 epoch 2:  80%|████████  | 1002/1250 [04:12<01:02,  3.98it/s]
[1Aphase1 epoch 2:  80%|████████  | 1003/1250 [04:12<01:01,  4.03it/s]
[1Aphase1 epoch 2:  80%|████████  | 1004/1250 [04:13<01:01,  4.00it/s]
[1Aphase1 epoch 2:  80%|████████  | 1005/1250 [04:13<01:00,  4.04it/s]
[1Aphase1 epoch 2:  80%|████████  | 1006/1250 [04:13<01:00,  4.01it/s]
[1Aphase1 epoch 2:  81%|████████  | 1007/1250 [04:13<01:00,  4.00it/s]
[1Aphase1 epoch 2:  81%|████████  | 1008/1250 [04:14<00:59,  4.05it/s]
[1Aphase1 epoch 2:  81%|████████  | 1009/1250 [04:14<01:00,  4.01it/s]
[1Aphase1 epoch 2:  81%|████████  | 1010/1250 [04:14<01:00,  3.94it/s]
[1Aphase1 epoch 2:  81%|████████  | 1011/1250 [04:14<01:00,  3.93it/s]
[1Aphase1 epoch 2:  81%|████████  | 1012/1250 [04:15<01:00,  3.94it/s]
[1Aphase1 epoch 2:  81%|████████  | 1013/1250 [04:15<00:58,  4.03it/s]
[1Aphase1 epoch 2:  81%|████████  | 1014/1250 [04:15<00:59,  3.97it/s]
[1Aphase1 epoch 2:  81%|████████  | 1015/1250 [04:15<01:00,  3.91it/s]
[1Aphase1 epoch 2:  81%|████████▏ | 1016/1250 [04:16<00:59,  3.92it/s]
[1Aphase1 epoch 2:  81%|████████▏ | 1017/1250 [04:16<00:58,  3.96it/s]
[1Aphase1 epoch 2:  81%|████████▏ | 1018/1250 [04:16<00:59,  3.89it/s]
[1Aphase1 epoch 2:  82%|████████▏ | 1019/1250 [04:16<00:58,  3.92it/s]
[1Aphase1 epoch 2:  82%|████████▏ | 1020/1250 [04:17<01:00,  3.80it/s]
[1Aphase1 epoch 2:  82%|████████▏ | 1021/1250 [04:17<00:59,  3.83it/s]
[1Aphase1 epoch 2:  82%|████████▏ | 1022/1250 [04:17<00:58,  3.93it/s]
[1Aphase1 epoch 2:  82%|████████▏ | 1023/1250 [04:17<00:57,  3.96it/s]
[1Aphase1 epoch 2:  82%|████████▏ | 1024/1250 [04:18<00:56,  3.97it/s]
[1Aphase1 epoch 2:  82%|████████▏ | 1025/1250 [04:18<00:55,  4.03it/s]
[1Aphase1 epoch 2:  82%|████████▏ | 1026/1250 [04:18<00:55,  4.02it/s]
[1Aphase1 epoch 2:  82%|████████▏ | 1027/1250 [04:18<00:55,  4.01it/s]
[1Aphase1 epoch 2:  82%|████████▏ | 1028/1250 [04:19<00:55,  4.00it/s]
[1Aphase1 epoch 2:  82%|████████▏ | 1029/1250 [04:19<00:56,  3.94it/s]
[1Aphase1 epoch 2:  82%|████████▏ | 1030/1250 [04:19<00:55,  3.96it/s]
[1Aphase1 epoch 2:  82%|████████▏ | 1031/1250 [04:19<00:54,  4.02it/s]
[1Aphase1 epoch 2:  83%|████████▎ | 1032/1250 [04:20<00:53,  4.08it/s]
[1Aphase1 epoch 2:  83%|████████▎ | 1033/1250 [04:20<00:52,  4.12it/s]
[1Aphase1 epoch 2:  83%|████████▎ | 1034/1250 [04:20<00:52,  4.14it/s]
[1Aphase1 epoch 2:  83%|████████▎ | 1035/1250 [04:20<00:52,  4.10it/s]
[1Aphase1 epoch 2:  83%|████████▎ | 1036/1250 [04:21<00:52,  4.11it/s]
[1Aphase1 epoch 2:  83%|████████▎ | 1037/1250 [04:21<00:54,  3.92it/s]
[1Aphase1 epoch 2:  83%|████████▎ | 1038/1250 [04:21<00:53,  3.99it/s]
[1Aphase1 epoch 2:  83%|████████▎ | 1039/1250 [04:21<00:52,  4.03it/s]
[1Aphase1 epoch 2:  83%|████████▎ | 1040/1250 [04:22<00:52,  4.00it/s]
[1Aphase1 epoch 2:  83%|████████▎ | 1041/1250 [04:22<00:51,  4.05it/s]
[1Aphase1 epoch 2:  83%|████████▎ | 1042/1250 [04:22<00:52,  3.98it/s]
[1Aphase1 epoch 2:  83%|████████▎ | 1043/1250 [04:22<00:53,  3.89it/s]
[1Aphase1 epoch 2:  84%|████████▎ | 1044/1250 [04:23<00:52,  3.91it/s]
[1Aphase1 epoch 2:  84%|████████▎ | 1045/1250 [04:23<00:52,  3.91it/s]
[1Aphase1 epoch 2:  84%|████████▎ | 1046/1250 [04:23<00:51,  3.98it/s]
[1Aphase1 epoch 2:  84%|████████▍ | 1047/1250 [04:23<00:51,  3.91it/s]
[1Aphase1 epoch 2:  84%|████████▍ | 1048/1250 [04:24<00:51,  3.93it/s]
[1Aphase1 epoch 2:  84%|████████▍ | 1049/1250 [04:24<00:51,  3.91it/s]
[1Aphase1 epoch 2:  84%|████████▍ | 1050/1250 [04:24<00:51,  3.92it/s]
[1Aphase1 epoch 2:  84%|████████▍ | 1051/1250 [04:24<00:49,  4.00it/s]
[1Aphase1 epoch 2:  84%|████████▍ | 1052/1250 [04:25<00:48,  4.07it/s]
[1Aphase1 epoch 2:  84%|████████▍ | 1053/1250 [04:25<00:49,  3.99it/s]
[1Aphase1 epoch 2:  84%|████████▍ | 1054/1250 [04:25<00:48,  4.04it/s]
[1Aphase1 epoch 2:  84%|████████▍ | 1055/1250 [04:25<00:48,  4.01it/s]
[1Aphase1 epoch 2:  84%|████████▍ | 1056/1250 [04:26<00:49,  3.96it/s]
[1Aphase1 epoch 2:  85%|████████▍ | 1057/1250 [04:26<00:48,  4.01it/s]
[1Aphase1 epoch 2:  85%|████████▍ | 1058/1250 [04:26<00:47,  4.01it/s]
[1Aphase1 epoch 2:  85%|████████▍ | 1059/1250 [04:26<00:47,  4.06it/s]
[1Aphase1 epoch 2:  85%|████████▍ | 1060/1250 [04:27<00:45,  4.14it/s]
[1Aphase1 epoch 2:  85%|████████▍ | 1061/1250 [04:27<00:45,  4.15it/s]
[1Aphase1 epoch 2:  85%|████████▍ | 1062/1250 [04:27<00:45,  4.10it/s]
[1Aphase1 epoch 2:  85%|████████▌ | 1063/1250 [04:27<00:45,  4.08it/s]
[1Aphase1 epoch 2:  85%|████████▌ | 1064/1250 [04:28<00:46,  3.99it/s]
[1Aphase1 epoch 2:  85%|████████▌ | 1065/1250 [04:28<00:46,  3.98it/s]
[1Aphase1 epoch 2:  85%|████████▌ | 1066/1250 [04:28<00:46,  3.96it/s]
[1Aphase1 epoch 2:  85%|████████▌ | 1067/1250 [04:28<00:46,  3.91it/s]
[1Aphase1 epoch 2:  85%|████████▌ | 1068/1250 [04:29<00:46,  3.88it/s]
[1Aphase1 epoch 2:  86%|████████▌ | 1069/1250 [04:29<00:46,  3.89it/s]
[1Aphase1 epoch 2:  86%|████████▌ | 1070/1250 [04:29<00:45,  3.92it/s]
[1Aphase1 epoch 2:  86%|████████▌ | 1071/1250 [04:29<00:46,  3.87it/s]
[1Aphase1 epoch 2:  86%|████████▌ | 1072/1250 [04:30<00:45,  3.89it/s]
[1Aphase1 epoch 2:  86%|████████▌ | 1073/1250 [04:30<00:44,  3.95it/s]
[1Aphase1 epoch 2:  86%|████████▌ | 1074/1250 [04:30<00:44,  3.95it/s]
[1Aphase1 epoch 2:  86%|████████▌ | 1075/1250 [04:30<00:44,  3.95it/s]
[1Aphase1 epoch 2:  86%|████████▌ | 1076/1250 [04:31<00:43,  3.96it/s]
[1Aphase1 epoch 2:  86%|████████▌ | 1077/1250 [04:31<00:44,  3.91it/s]
[1Aphase1 epoch 2:  86%|████████▌ | 1078/1250 [04:31<00:43,  3.92it/s]
[1Aphase1 epoch 2:  86%|████████▋ | 1079/1250 [04:31<00:43,  3.97it/s]
[1Aphase1 epoch 2:  86%|████████▋ | 1080/1250 [04:32<00:42,  3.97it/s]
[1Aphase1 epoch 2:  86%|████████▋ | 1081/1250 [04:32<00:42,  3.97it/s]
[1Aphase1 epoch 2:  87%|████████▋ | 1082/1250 [04:32<00:41,  4.08it/s]
[1Aphase1 epoch 2:  87%|████████▋ | 1083/1250 [04:32<00:40,  4.09it/s]
[1Aphase1 epoch 2:  87%|████████▋ | 1084/1250 [04:33<00:40,  4.05it/s]
[1Aphase1 epoch 2:  87%|████████▋ | 1085/1250 [04:33<00:42,  3.90it/s]
[1Aphase1 epoch 2:  87%|████████▋ | 1086/1250 [04:33<00:42,  3.90it/s]
[1Aphase1 epoch 2:  87%|████████▋ | 1087/1250 [04:33<00:42,  3.82it/s]
[1Aphase1 epoch 2:  87%|████████▋ | 1088/1250 [04:34<00:41,  3.86it/s]
[1Aphase1 epoch 2:  87%|████████▋ | 1089/1250 [04:34<00:41,  3.88it/s]
[1Aphase1 epoch 2:  87%|████████▋ | 1090/1250 [04:34<00:41,  3.84it/s]
[1Aphase1 epoch 2:  87%|████████▋ | 1091/1250 [04:34<00:40,  3.89it/s]
[1Aphase1 epoch 2:  87%|████████▋ | 1092/1250 [04:35<00:40,  3.91it/s]
[1Aphase1 epoch 2:  87%|████████▋ | 1093/1250 [04:35<00:40,  3.92it/s]
[1Aphase1 epoch 2:  88%|████████▊ | 1094/1250 [04:35<00:39,  3.90it/s]
[1Aphase1 epoch 2:  88%|████████▊ | 1095/1250 [04:35<00:39,  3.93it/s]
[1Aphase1 epoch 2:  88%|████████▊ | 1096/1250 [04:36<00:40,  3.84it/s]
[1Aphase1 epoch 2:  88%|████████▊ | 1097/1250 [04:36<00:39,  3.83it/s]
[1Aphase1 epoch 2:  88%|████████▊ | 1098/1250 [04:36<00:39,  3.85it/s]
[1Aphase1 epoch 2:  88%|████████▊ | 1099/1250 [04:37<00:38,  3.93it/s]
[1Aphase1 epoch 2:  88%|████████▊ | 1100/1250 [04:37<00:37,  4.01it/s]
[1Aphase1 epoch 2:  88%|████████▊ | 1101/1250 [04:37<00:36,  4.08it/s]
[1Aphase1 epoch 2:  88%|████████▊ | 1102/1250 [04:37<00:37,  3.97it/s]
[1Aphase1 epoch 2:  88%|████████▊ | 1103/1250 [04:38<00:37,  3.92it/s]
[1Aphase1 epoch 2:  88%|████████▊ | 1104/1250 [04:38<00:36,  3.99it/s]
[1Aphase1 epoch 2:  88%|████████▊ | 1105/1250 [04:38<00:36,  3.99it/s]
[1Aphase1 epoch 2:  88%|████████▊ | 1106/1250 [04:38<00:36,  3.99it/s]
[1Aphase1 epoch 2:  89%|████████▊ | 1107/1250 [04:39<00:36,  3.94it/s]
[1Aphase1 epoch 2:  89%|████████▊ | 1108/1250 [04:39<00:36,  3.90it/s]
[1Aphase1 epoch 2:  89%|████████▊ | 1109/1250 [04:39<00:36,  3.86it/s]
[1Aphase1 epoch 2:  89%|████████▉ | 1110/1250 [04:39<00:36,  3.84it/s]
[1Aphase1 epoch 2:  89%|████████▉ | 1111/1250 [04:40<00:36,  3.82it/s]
[1Aphase1 epoch 2:  89%|████████▉ | 1112/1250 [04:40<00:35,  3.86it/s]
[1Aphase1 epoch 2:  89%|████████▉ | 1113/1250 [04:40<00:35,  3.89it/s]
[1Aphase1 epoch 2:  89%|████████▉ | 1114/1250 [04:40<00:34,  3.98it/s]
[1Aphase1 epoch 2:  89%|████████▉ | 1115/1250 [04:41<00:33,  4.00it/s]
[1Aphase1 epoch 2:  89%|████████▉ | 1116/1250 [04:41<00:33,  4.05it/s]
[1Aphase1 epoch 2:  89%|████████▉ | 1117/1250 [04:41<00:33,  3.97it/s]
[1Aphase1 epoch 2:  89%|████████▉ | 1118/1250 [04:41<00:33,  3.91it/s]
[1Aphase1 epoch 2:  90%|████████▉ | 1119/1250 [04:42<00:32,  3.97it/s]
[1Aphase1 epoch 2:  90%|████████▉ | 1120/1250 [04:42<00:32,  3.98it/s]
[1Aphase1 epoch 2:  90%|████████▉ | 1121/1250 [04:42<00:32,  3.97it/s]
[1Aphase1 epoch 2:  90%|████████▉ | 1122/1250 [04:42<00:32,  3.97it/s]
[1Aphase1 epoch 2:  90%|████████▉ | 1123/1250 [04:43<00:31,  4.03it/s]
[1Aphase1 epoch 2:  90%|████████▉ | 1124/1250 [04:43<00:30,  4.08it/s]
[1Aphase1 epoch 2:  90%|█████████ | 1125/1250 [04:43<00:31,  3.99it/s]
[1Aphase1 epoch 2:  90%|█████████ | 1126/1250 [04:43<00:31,  3.98it/s]
[1Aphase1 epoch 2:  90%|█████████ | 1127/1250 [04:44<00:31,  3.96it/s]
[1Aphase1 epoch 2:  90%|█████████ | 1128/1250 [04:44<00:30,  3.98it/s]
[1Aphase1 epoch 2:  90%|█████████ | 1129/1250 [04:44<00:30,  3.97it/s]
[1Aphase1 epoch 2:  90%|█████████ | 1130/1250 [04:44<00:30,  3.99it/s]
[1Aphase1 epoch 2:  90%|█████████ | 1131/1250 [04:45<00:29,  3.98it/s]
[1Aphase1 epoch 2:  91%|█████████ | 1132/1250 [04:45<00:29,  4.04it/s]
[1Aphase1 epoch 2:  91%|█████████ | 1133/1250 [04:45<00:29,  4.02it/s]
[1Aphase1 epoch 2:  91%|█████████ | 1134/1250 [04:45<00:28,  4.01it/s]
[1Aphase1 epoch 2:  91%|█████████ | 1135/1250 [04:46<00:29,  3.87it/s]
[1Aphase1 epoch 2:  91%|█████████ | 1136/1250 [04:46<00:28,  3.95it/s]
[1Aphase1 epoch 2:  91%|█████████ | 1137/1250 [04:46<00:28,  4.03it/s]
[1Aphase1 epoch 2:  91%|█████████ | 1138/1250 [04:46<00:28,  3.97it/s]
[1Aphase1 epoch 2:  91%|█████████ | 1139/1250 [04:47<00:27,  3.98it/s]
[1Aphase1 epoch 2:  91%|█████████ | 1140/1250 [04:47<00:28,  3.92it/s]
[1Aphase1 epoch 2:  91%|█████████▏| 1141/1250 [04:47<00:28,  3.88it/s]
[1Aphase1 epoch 2:  91%|█████████▏| 1142/1250 [04:47<00:27,  3.91it/s]
[1Aphase1 epoch 2:  91%|█████████▏| 1143/1250 [04:48<00:27,  3.92it/s]
[1Aphase1 epoch 2:  92%|█████████▏| 1144/1250 [04:48<00:26,  4.00it/s]
[1Aphase1 epoch 2:  92%|█████████▏| 1145/1250 [04:48<00:25,  4.06it/s]
[1Aphase1 epoch 2:  92%|█████████▏| 1146/1250 [04:48<00:25,  4.05it/s]
[1Aphase1 epoch 2:  92%|█████████▏| 1147/1250 [04:49<00:25,  4.02it/s]
[1Aphase1 epoch 2:  92%|█████████▏| 1148/1250 [04:49<00:25,  4.00it/s]
[1Aphase1 epoch 2:  92%|█████████▏| 1149/1250 [04:49<00:25,  3.98it/s]
[1Aphase1 epoch 2:  92%|█████████▏| 1150/1250 [04:49<00:25,  3.97it/s]
[1Aphase1 epoch 2:  92%|█████████▏| 1151/1250 [04:50<00:24,  4.04it/s]
[1Aphase1 epoch 2:  92%|█████████▏| 1152/1250 [04:50<00:24,  4.03it/s]
[1Aphase1 epoch 2:  92%|█████████▏| 1153/1250 [04:50<00:23,  4.08it/s]
[1Aphase1 epoch 2:  92%|█████████▏| 1154/1250 [04:50<00:23,  4.10it/s]
[1Aphase1 epoch 2:  92%|█████████▏| 1155/1250 [04:51<00:23,  4.06it/s]
[1Aphase1 epoch 2:  92%|█████████▏| 1156/1250 [04:51<00:23,  4.03it/s]
[1Aphase1 epoch 2:  93%|█████████▎| 1157/1250 [04:51<00:23,  3.89it/s]
[1Aphase1 epoch 2:  93%|█████████▎| 1158/1250 [04:51<00:23,  3.91it/s]
[1Aphase1 epoch 2:  93%|█████████▎| 1159/1250 [04:52<00:23,  3.90it/s]
[1Aphase1 epoch 2:  93%|█████████▎| 1160/1250 [04:52<00:22,  3.92it/s]
[1Aphase1 epoch 2:  93%|█████████▎| 1161/1250 [04:52<00:22,  3.88it/s]
[1Aphase1 epoch 2:  93%|█████████▎| 1162/1250 [04:52<00:22,  3.91it/s]
[1Aphase1 epoch 2:  93%|█████████▎| 1163/1250 [04:53<00:22,  3.93it/s]
[1Aphase1 epoch 2:  93%|█████████▎| 1164/1250 [04:53<00:21,  4.01it/s]
[1Aphase1 epoch 2:  93%|█████████▎| 1165/1250 [04:53<00:20,  4.06it/s]
[1Aphase1 epoch 2:  93%|█████████▎| 1166/1250 [04:53<00:20,  4.10it/s]
[1Aphase1 epoch 2:  93%|█████████▎| 1167/1250 [04:54<00:20,  4.06it/s]
[1Aphase1 epoch 2:  93%|█████████▎| 1168/1250 [04:54<00:20,  4.02it/s]
[1Aphase1 epoch 2:  94%|█████████▎| 1169/1250 [04:54<00:20,  4.00it/s]
[1Aphase1 epoch 2:  94%|█████████▎| 1170/1250 [04:54<00:20,  4.00it/s]
[1Aphase1 epoch 2:  94%|█████████▎| 1171/1250 [04:55<00:19,  4.00it/s]
[1Aphase1 epoch 2:  94%|█████████▍| 1172/1250 [04:55<00:19,  4.00it/s]
[1Aphase1 epoch 2:  94%|█████████▍| 1173/1250 [04:55<00:19,  3.97it/s]
[1Aphase1 epoch 2:  94%|█████████▍| 1174/1250 [04:55<00:19,  3.90it/s]
[1Aphase1 epoch 2:  94%|█████████▍| 1175/1250 [04:56<00:19,  3.92it/s]
[1Aphase1 epoch 2:  94%|█████████▍| 1176/1250 [04:56<00:18,  4.00it/s]
[1Aphase1 epoch 2:  94%|█████████▍| 1177/1250 [04:56<00:18,  4.01it/s]
[1Aphase1 epoch 2:  94%|█████████▍| 1178/1250 [04:56<00:18,  3.98it/s]
[1Aphase1 epoch 2:  94%|█████████▍| 1179/1250 [04:57<00:17,  4.04it/s]
[1Aphase1 epoch 2:  94%|█████████▍| 1180/1250 [04:57<00:17,  4.09it/s]
[1Aphase1 epoch 2:  94%|█████████▍| 1181/1250 [04:57<00:17,  4.05it/s]
[1Aphase1 epoch 2:  95%|█████████▍| 1182/1250 [04:57<00:16,  4.02it/s]
[1Aphase1 epoch 2:  95%|█████████▍| 1183/1250 [04:58<00:17,  3.93it/s]
[1Aphase1 epoch 2:  95%|█████████▍| 1184/1250 [04:58<00:16,  3.93it/s]
[1Aphase1 epoch 2:  95%|█████████▍| 1185/1250 [04:58<00:16,  4.00it/s]
[1Aphase1 epoch 2:  95%|█████████▍| 1186/1250 [04:58<00:16,  3.92it/s]
[1Aphase1 epoch 2:  95%|█████████▍| 1187/1250 [04:59<00:16,  3.88it/s]
[1Aphase1 epoch 2:  95%|█████████▌| 1188/1250 [04:59<00:15,  3.90it/s]
[1Aphase1 epoch 2:  95%|█████████▌| 1189/1250 [04:59<00:15,  3.91it/s]
[1Aphase1 epoch 2:  95%|█████████▌| 1190/1250 [04:59<00:15,  3.87it/s]
[1Aphase1 epoch 2:  95%|█████████▌| 1191/1250 [05:00<00:14,  3.95it/s]
[1Aphase1 epoch 2:  95%|█████████▌| 1192/1250 [05:00<00:14,  3.95it/s]
[1Aphase1 epoch 2:  95%|█████████▌| 1193/1250 [05:00<00:14,  3.96it/s]
[1Aphase1 epoch 2:  96%|█████████▌| 1194/1250 [05:00<00:13,  4.02it/s]
[1Aphase1 epoch 2:  96%|█████████▌| 1195/1250 [05:01<00:13,  4.07it/s]
[1Aphase1 epoch 2:  96%|█████████▌| 1196/1250 [05:01<00:13,  4.04it/s]
[1Aphase1 epoch 2:  96%|█████████▌| 1197/1250 [05:01<00:13,  3.95it/s]
[1Aphase1 epoch 2:  96%|█████████▌| 1198/1250 [05:01<00:12,  4.01it/s]
[1Aphase1 epoch 2:  96%|█████████▌| 1199/1250 [05:02<00:12,  3.95it/s]
[1Aphase1 epoch 2:  96%|█████████▌| 1200/1250 [05:02<00:12,  3.95it/s]
[1Aphase1 epoch 2:  96%|█████████▌| 1201/1250 [05:02<00:12,  3.97it/s]
[1Aphase1 epoch 2:  96%|█████████▌| 1202/1250 [05:02<00:12,  3.97it/s]
[1Aphase1 epoch 2:  96%|█████████▌| 1203/1250 [05:03<00:11,  3.96it/s]
[1Aphase1 epoch 2:  96%|█████████▋| 1204/1250 [05:03<00:11,  3.96it/s]
[1Aphase1 epoch 2:  96%|█████████▋| 1205/1250 [05:03<00:11,  4.03it/s]
[1Aphase1 epoch 2:  96%|█████████▋| 1206/1250 [05:03<00:11,  4.00it/s]
[1Aphase1 epoch 2:  97%|█████████▋| 1207/1250 [05:04<00:10,  3.98it/s]
[1Aphase1 epoch 2:  97%|█████████▋| 1208/1250 [05:04<00:10,  3.96it/s]
[1Aphase1 epoch 2:  97%|█████████▋| 1209/1250 [05:04<00:10,  3.90it/s]
[1Aphase1 epoch 2:  97%|█████████▋| 1210/1250 [05:04<00:10,  3.87it/s]
[1Aphase1 epoch 2:  97%|█████████▋| 1211/1250 [05:05<00:09,  3.96it/s]
[1Aphase1 epoch 2:  97%|█████████▋| 1212/1250 [05:05<00:09,  3.94it/s]
[1Aphase1 epoch 2:  97%|█████████▋| 1213/1250 [05:05<00:09,  3.89it/s]
[1Aphase1 epoch 2:  97%|█████████▋| 1214/1250 [05:05<00:09,  3.98it/s]
[1Aphase1 epoch 2:  97%|█████████▋| 1215/1250 [05:06<00:08,  3.98it/s]
[1Aphase1 epoch 2:  97%|█████████▋| 1216/1250 [05:06<00:08,  3.99it/s]
[1Aphase1 epoch 2:  97%|█████████▋| 1217/1250 [05:06<00:08,  4.04it/s]
[1Aphase1 epoch 2:  97%|█████████▋| 1218/1250 [05:06<00:07,  4.01it/s]
[1Aphase1 epoch 2:  98%|█████████▊| 1219/1250 [05:07<00:07,  4.07it/s]
[1Aphase1 epoch 2:  98%|█████████▊| 1220/1250 [05:07<00:07,  4.05it/s]
[1Aphase1 epoch 2:  98%|█████████▊| 1221/1250 [05:07<00:07,  4.01it/s]
[1Aphase1 epoch 2:  98%|█████████▊| 1222/1250 [05:07<00:06,  4.00it/s]
[1Aphase1 epoch 2:  98%|█████████▊| 1223/1250 [05:08<00:06,  4.01it/s]
[1Aphase1 epoch 2:  98%|█████████▊| 1224/1250 [05:08<00:06,  3.97it/s]
[1Aphase1 epoch 2:  98%|█████████▊| 1225/1250 [05:08<00:06,  4.05it/s]
[1Aphase1 epoch 2:  98%|█████████▊| 1226/1250 [05:08<00:06,  3.98it/s]
[1Aphase1 epoch 2:  98%|█████████▊| 1227/1250 [05:09<00:05,  3.86it/s]
[1Aphase1 epoch 2:  98%|█████████▊| 1228/1250 [05:09<00:05,  3.94it/s]
[1Aphase1 epoch 2:  98%|█████████▊| 1229/1250 [05:09<00:05,  3.94it/s]
[1Aphase1 epoch 2:  98%|█████████▊| 1230/1250 [05:09<00:05,  3.90it/s]
[1Aphase1 epoch 2:  98%|█████████▊| 1231/1250 [05:10<00:04,  3.91it/s]
[1Aphase1 epoch 2:  99%|█████████▊| 1232/1250 [05:10<00:04,  3.96it/s]
[1Aphase1 epoch 2:  99%|█████████▊| 1233/1250 [05:10<00:04,  3.90it/s]
[1Aphase1 epoch 2:  99%|█████████▊| 1234/1250 [05:10<00:04,  3.98it/s]
[1Aphase1 epoch 2:  99%|█████████▉| 1235/1250 [05:11<00:03,  3.99it/s]
[1Aphase1 epoch 2:  99%|█████████▉| 1236/1250 [05:11<00:03,  4.03it/s]
[1Aphase1 epoch 2:  99%|█████████▉| 1237/1250 [05:11<00:03,  4.01it/s]
[1Aphase1 epoch 2:  99%|█████████▉| 1238/1250 [05:11<00:02,  4.00it/s]
[1Aphase1 epoch 2:  99%|█████████▉| 1239/1250 [05:12<00:02,  3.99it/s]
[1Aphase1 epoch 2:  99%|█████████▉| 1240/1250 [05:12<00:02,  3.98it/s]
[1Aphase1 epoch 2:  99%|█████████▉| 1241/1250 [05:12<00:02,  3.98it/s]
[1Aphase1 epoch 2:  99%|█████████▉| 1242/1250 [05:13<00:02,  3.96it/s]
[1Aphase1 epoch 2:  99%|█████████▉| 1243/1250 [05:13<00:01,  3.97it/s]
[1Aphase1 epoch 2: 100%|█████████▉| 1244/1250 [05:13<00:01,  4.03it/s]
[1Aphase1 epoch 2: 100%|█████████▉| 1245/1250 [05:13<00:01,  4.09it/s]
[1Aphase1 epoch 2: 100%|█████████▉| 1246/1250 [05:13<00:00,  4.06it/s]
[1Aphase1 epoch 2: 100%|█████████▉| 1247/1250 [05:14<00:00,  4.04it/s]
[1Aphase1 epoch 2: 100%|█████████▉| 1248/1250 [05:14<00:00,  4.08it/s]
[1Aphase1 epoch 2: 100%|█████████▉| 1249/1250 [05:14<00:00,  4.05it/s]
[1Aphase1 epoch 2: 100%|██████████| 1250/1250 [05:14<00:00,  3.95it/s]
[1A                                                                   
[1A
[1Aphase1 epoch 3:   0%|          | 0/1250 [00:00<?, ?it/s]
[1Aphase1 epoch 3:   0%|          | 1/1250 [00:00<05:01,  4.15it/s]
[1Aphase1 epoch 3:   0%|          | 2/1250 [00:00<04:58,  4.18it/s]
[1Aphase1 epoch 3:   0%|          | 3/1250 [00:00<05:18,  3.91it/s]
[1Aphase1 epoch 3:   0%|          | 4/1250 [00:01<05:17,  3.92it/s]
[1Aphase1 epoch 3:   0%|          | 5/1250 [00:01<05:16,  3.94it/s]
[1Aphase1 epoch 3:   0%|          | 6/1250 [00:01<05:21,  3.86it/s]
[1Aphase1 epoch 3:   1%|          | 7/1250 [00:01<05:19,  3.89it/s]
[1Aphase1 epoch 3:   1%|          | 8/1250 [00:02<05:17,  3.92it/s]
[1Aphase1 epoch 3:   1%|          | 9/1250 [00:02<05:28,  3.77it/s]
[1Aphase1 epoch 3:   1%|          | 10/1250 [00:02<05:28,  3.78it/s]
[1Aphase1 epoch 3:   1%|          | 11/1250 [00:02<05:17,  3.90it/s]
[1Aphase1 epoch 3:   1%|          | 12/1250 [00:03<05:19,  3.87it/s]
[1Aphase1 epoch 3:   1%|          | 13/1250 [00:03<05:16,  3.90it/s]
[1Aphase1 epoch 3:   1%|          | 14/1250 [00:03<05:15,  3.91it/s]
[1Aphase1 epoch 3:   1%|          | 15/1250 [00:03<05:09,  3.99it/s]
[1Aphase1 epoch 3:   1%|▏         | 16/1250 [00:04<05:09,  3.99it/s]
[1Aphase1 epoch 3:   1%|▏         | 17/1250 [00:04<05:13,  3.93it/s]
[1Aphase1 epoch 3:   1%|▏         | 18/1250 [00:04<05:16,  3.89it/s]
[1Aphase1 epoch 3:   2%|▏         | 19/1250 [00:04<05:09,  3.98it/s]
[1Aphase1 epoch 3:   2%|▏         | 20/1250 [00:05<05:08,  3.98it/s]
[1Aphase1 epoch 3:   2%|▏         | 21/1250 [00:05<05:14,  3.91it/s]
[1Aphase1 epoch 3:   2%|▏         | 22/1250 [00:05<05:12,  3.93it/s]
[1Aphase1 epoch 3:   2%|▏         | 23/1250 [00:05<05:07,  3.99it/s]
[1Aphase1 epoch 3:   2%|▏         | 24/1250 [00:06<05:11,  3.93it/s]
[1Aphase1 epoch 3:   2%|▏         | 25/1250 [00:06<05:11,  3.94it/s]
[1Aphase1 epoch 3:   2%|▏         | 26/1250 [00:06<05:06,  4.00it/s]
[1Aphase1 epoch 3:   2%|▏         | 27/1250 [00:06<05:03,  4.04it/s]
[1Aphase1 epoch 3:   2%|▏         | 28/1250 [00:07<04:59,  4.08it/s]
[1Aphase1 epoch 3:   2%|▏         | 29/1250 [00:07<04:56,  4.12it/s]
[1Aphase1 epoch 3:   2%|▏         | 30/1250 [00:07<05:03,  4.02it/s]
[1Aphase1 epoch 3:   2%|▏         | 31/1250 [00:07<05:04,  4.00it/s]
[1Aphase1 epoch 3:   3%|▎         | 32/1250 [00:08<05:00,  4.05it/s]
[1Aphase1 epoch 3:   3%|▎         | 33/1250 [00:08<04:56,  4.10it/s]
[1Aphase1 epoch 3:   3%|▎         | 34/1250 [00:08<04:59,  4.07it/s]
[1Aphase1 epoch 3:   3%|▎         | 35/1250 [00:08<04:56,  4.09it/s]
[1Aphase1 epoch 3:   3%|▎         | 36/1250 [00:09<05:03,  4.00it/s]
[1Aphase1 epoch 3:   3%|▎         | 37/1250 [00:09<05:09,  3.92it/s]
[1Aphase1 epoch 3:   3%|▎         | 38/1250 [00:09<05:07,  3.94it/s]
[1Aphase1 epoch 3:   3%|▎         | 39/1250 [00:09<05:07,  3.93it/s]
[1Aphase1 epoch 3:   3%|▎         | 40/1250 [00:10<05:03,  3.99it/s]
[1Aphase1 epoch 3:   3%|▎         | 41/1250 [00:10<04:58,  4.05it/s]
[1Aphase1 epoch 3:   3%|▎         | 42/1250 [00:10<05:04,  3.97it/s]
[1Aphase1 epoch 3:   3%|▎         | 43/1250 [00:10<05:07,  3.93it/s]
[1Aphase1 epoch 3:   4%|▎         | 44/1250 [00:11<05:02,  3.98it/s]
[1Aphase1 epoch 3:   4%|▎         | 45/1250 [00:11<05:03,  3.97it/s]
[1Aphase1 epoch 3:   4%|▎         | 46/1250 [00:11<05:03,  3.97it/s]
[1Aphase1 epoch 3:   4%|▍         | 47/1250 [00:11<05:02,  3.98it/s]
[1Aphase1 epoch 3:   4%|▍         | 48/1250 [00:12<05:06,  3.93it/s]
[1Aphase1 epoch 3:   4%|▍         | 49/1250 [00:12<05:04,  3.95it/s]
[1Aphase1 epoch 3:   4%|▍         | 50/1250 [00:12<05:03,  3.95it/s]
[1Aphase1 epoch 3:   4%|▍         | 51/1250 [00:12<04:58,  4.01it/s]
[1Aphase1 epoch 3:   4%|▍         | 52/1250 [00:13<04:53,  4.08it/s]
[1Aphase1 epoch 3:   4%|▍         | 53/1250 [00:13<04:56,  4.04it/s]
[1Aphase1 epoch 3:   4%|▍         | 54/1250 [00:13<04:59,  4.00it/s]
[1Aphase1 epoch 3:   4%|▍         | 55/1250 [00:13<05:00,  3.97it/s]
[1Aphase1 epoch 3:   4%|▍         | 56/1250 [00:14<05:00,  3.97it/s]
[1Aphase1 epoch 3:   5%|▍         | 57/1250 [00:14<05:00,  3.97it/s]
[1Aphase1 epoch 3:   5%|▍         | 58/1250 [00:14<05:04,  3.91it/s]
[1Aphase1 epoch 3:   5%|▍         | 59/1250 [00:14<05:12,  3.81it/s]
[1Aphase1 epoch 3:   5%|▍         | 60/1250 [00:15<05:09,  3.85it/s]
[1Aphase1 epoch 3:   5%|▍         | 61/1250 [00:15<05:06,  3.88it/s]
[1Aphase1 epoch 3:   5%|▍         | 62/1250 [00:15<05:07,  3.86it/s]
[1Aphase1 epoch 3:   5%|▌         | 63/1250 [00:15<05:04,  3.90it/s]
[1Aphase1 epoch 3:   5%|▌         | 64/1250 [00:16<04:58,  3.98it/s]
[1Aphase1 epoch 3:   5%|▌         | 65/1250 [00:16<05:06,  3.86it/s]
[1Aphase1 epoch 3:   5%|▌         | 66/1250 [00:16<05:04,  3.88it/s]
[1Aphase1 epoch 3:   5%|▌         | 67/1250 [00:16<05:03,  3.90it/s]
[1Aphase1 epoch 3:   5%|▌         | 68/1250 [00:17<05:01,  3.92it/s]
[1Aphase1 epoch 3:   6%|▌         | 69/1250 [00:17<05:05,  3.87it/s]
[1Aphase1 epoch 3:   6%|▌         | 70/1250 [00:17<05:06,  3.85it/s]
[1Aphase1 epoch 3:   6%|▌         | 71/1250 [00:17<05:02,  3.90it/s]
[1Aphase1 epoch 3:   6%|▌         | 72/1250 [00:18<05:06,  3.84it/s]
[1Aphase1 epoch 3:   6%|▌         | 73/1250 [00:18<05:07,  3.83it/s]
[1Aphase1 epoch 3:   6%|▌         | 74/1250 [00:18<05:03,  3.87it/s]
[1Aphase1 epoch 3:   6%|▌         | 75/1250 [00:19<05:01,  3.89it/s]
[1Aphase1 epoch 3:   6%|▌         | 76/1250 [00:19<04:55,  3.97it/s]
[1Aphase1 epoch 3:   6%|▌         | 77/1250 [00:19<04:54,  3.98it/s]
[1Aphase1 epoch 3:   6%|▌         | 78/1250 [00:19<04:55,  3.97it/s]
[1Aphase1 epoch 3:   6%|▋         | 79/1250 [00:20<04:54,  3.98it/s]
[1Aphase1 epoch 3:   6%|▋         | 80/1250 [00:20<04:54,  3.97it/s]
[1Aphase1 epoch 3:   6%|▋         | 81/1250 [00:20<04:49,  4.04it/s]
[1Aphase1 epoch 3:   7%|▋         | 82/1250 [00:20<04:55,  3.95it/s]
[1Aphase1 epoch 3:   7%|▋         | 83/1250 [00:21<04:54,  3.96it/s]
[1Aphase1 epoch 3:   7%|▋         | 84/1250 [00:21<04:52,  3.98it/s]
[1Aphase1 epoch 3:   7%|▋         | 85/1250 [00:21<04:48,  4.03it/s]
[1Aphase1 epoch 3:   7%|▋         | 86/1250 [00:21<04:49,  4.02it/s]
[1Aphase1 epoch 3:   7%|▋         | 87/1250 [00:22<04:55,  3.93it/s]
[1Aphase1 epoch 3:   7%|▋         | 88/1250 [00:22<04:55,  3.93it/s]
[1Aphase1 epoch 3:   7%|▋         | 89/1250 [00:22<04:49,  4.02it/s]
[1Aphase1 epoch 3:   7%|▋         | 90/1250 [00:22<04:49,  4.00it/s]
[1Aphase1 epoch 3:   7%|▋         | 91/1250 [00:23<04:46,  4.05it/s]
[1Aphase1 epoch 3:   7%|▋         | 92/1250 [00:23<04:47,  4.02it/s]
[1Aphase1 epoch 3:   7%|▋         | 93/1250 [00:23<04:49,  4.00it/s]
[1Aphase1 epoch 3:   8%|▊         | 94/1250 [00:23<04:48,  4.01it/s]
[1Aphase1 epoch 3:   8%|▊         | 95/1250 [00:24<04:48,  4.01it/s]
[1Aphase1 epoch 3:   8%|▊         | 96/1250 [00:24<04:44,  4.05it/s]
[1Aphase1 epoch 3:   8%|▊         | 97/1250 [00:24<04:46,  4.02it/s]
[1Aphase1 epoch 3:   8%|▊         | 98/1250 [00:24<04:42,  4.08it/s]
[1Aphase1 epoch 3:   8%|▊         | 99/1250 [00:24<04:44,  4.04it/s]
[1Aphase1 epoch 3:   8%|▊         | 100/1250 [00:25<04:42,  4.08it/s]
[1Aphase1 epoch 3:   8%|▊         | 101/1250 [00:25<04:39,  4.11it/s]
[1Aphase1 epoch 3:   8%|▊         | 102/1250 [00:25<04:41,  4.08it/s]
[1Aphase1 epoch 3:   8%|▊         | 103/1250 [00:25<04:47,  3.99it/s]
[1Aphase1 epoch 3:   8%|▊         | 104/1250 [00:26<04:44,  4.03it/s]
[1Aphase1 epoch 3:   8%|▊         | 105/1250 [00:26<04:46,  4.00it/s]
[1Aphase1 epoch 3:   8%|▊         | 106/1250 [00:26<04:51,  3.92it/s]
[1Aphase1 epoch 3:   9%|▊         | 107/1250 [00:26<04:46,  3.98it/s]
[1Aphase1 epoch 3:   9%|▊         | 108/1250 [00:27<04:45,  4.00it/s]
[1Aphase1 epoch 3:   9%|▊         | 109/1250 [00:27<04:45,  4.00it/s]
[1Aphase1 epoch 3:   9%|▉         | 110/1250 [00:27<04:46,  3.98it/s]
[1Aphase1 epoch 3:   9%|▉         | 111/1250 [00:28<04:47,  3.96it/s]
[1Aphase1 epoch 3:   9%|▉         | 112/1250 [00:28<04:47,  3.96it/s]
[1Aphase1 epoch 3:   9%|▉         | 113/1250 [00:28<04:46,  3.97it/s]
[1Aphase1 epoch 3:   9%|▉         | 114/1250 [00:28<04:41,  4.03it/s]
[1Aphase1 epoch 3:   9%|▉         | 115/1250 [00:28<04:42,  4.01it/s]
[1Aphase1 epoch 3:   9%|▉         | 116/1250 [00:29<04:39,  4.06it/s]
[1Aphase1 epoch 3:   9%|▉         | 117/1250 [00:29<04:44,  3.98it/s]
[1Aphase1 epoch 3:   9%|▉         | 118/1250 [00:29<04:48,  3.92it/s]
[1Aphase1 epoch 3:  10%|▉         | 119/1250 [00:29<04:42,  4.01it/s]
[1Aphase1 epoch 3:  10%|▉         | 120/1250 [00:30<04:46,  3.94it/s]
[1Aphase1 epoch 3:  10%|▉         | 121/1250 [00:30<04:40,  4.02it/s]
[1Aphase1 epoch 3:  10%|▉         | 122/1250 [00:30<04:40,  4.02it/s]
[1Aphase1 epoch 3:  10%|▉         | 123/1250 [00:30<04:40,  4.01it/s]
[1Aphase1 epoch 3:  10%|▉         | 124/1250 [00:31<04:33,  4.11it/s]
[1Aphase1 epoch 3:  10%|█         | 125/1250 [00:31<04:32,  4.12it/s]
[1Aphase1 epoch 3:  10%|█         | 126/1250 [00:31<04:31,  4.13it/s]
[1Aphase1 epoch 3:  10%|█         | 127/1250 [00:31<04:34,  4.09it/s]
[1Aphase1 epoch 3:  10%|█         | 128/1250 [00:32<04:36,  4.05it/s]
[1Aphase1 epoch 3:  10%|█         | 129/1250 [00:32<04:42,  3.96it/s]
[1Aphase1 epoch 3:  10%|█         | 130/1250 [00:32<04:41,  3.98it/s]
[1Aphase1 epoch 3:  10%|█         | 131/1250 [00:32<04:42,  3.96it/s]
[1Aphase1 epoch 3:  11%|█         | 132/1250 [00:33<04:41,  3.97it/s]
[1Aphase1 epoch 3:  11%|█         | 133/1250 [00:33<04:45,  3.91it/s]
[1Aphase1 epoch 3:  11%|█         | 134/1250 [00:33<04:43,  3.93it/s]
[1Aphase1 epoch 3:  11%|█         | 135/1250 [00:34<04:47,  3.87it/s]
[1Aphase1 epoch 3:  11%|█         | 136/1250 [00:34<04:45,  3.90it/s]
[1Aphase1 epoch 3:  11%|█         | 137/1250 [00:34<04:45,  3.90it/s]
[1Aphase1 epoch 3:  11%|█         | 138/1250 [00:34<04:49,  3.84it/s]
[1Aphase1 epoch 3:  11%|█         | 139/1250 [00:35<04:41,  3.94it/s]
[1Aphase1 epoch 3:  11%|█         | 140/1250 [00:35<04:52,  3.80it/s]
[1Aphase1 epoch 3:  11%|█▏        | 141/1250 [00:35<04:46,  3.87it/s]
[1Aphase1 epoch 3:  11%|█▏        | 142/1250 [00:35<04:45,  3.88it/s]
[1Aphase1 epoch 3:  11%|█▏        | 143/1250 [00:36<04:47,  3.85it/s]
[1Aphase1 epoch 3:  12%|█▏        | 144/1250 [00:36<04:48,  3.83it/s]
[1Aphase1 epoch 3:  12%|█▏        | 145/1250 [00:36<04:45,  3.87it/s]
[1Aphase1 epoch 3:  12%|█▏        | 146/1250 [00:36<04:43,  3.89it/s]
[1Aphase1 epoch 3:  12%|█▏        | 147/1250 [00:37<04:51,  3.78it/s]
[1Aphase1 epoch 3:  12%|█▏        | 148/1250 [00:37<04:47,  3.84it/s]
[1Aphase1 epoch 3:  12%|█▏        | 149/1250 [00:37<04:48,  3.82it/s]
[1Aphase1 epoch 3:  12%|█▏        | 150/1250 [00:37<04:48,  3.81it/s]
[1Aphase1 epoch 3:  12%|█▏        | 151/1250 [00:38<04:49,  3.80it/s]
[1Aphase1 epoch 3:  12%|█▏        | 152/1250 [00:38<04:40,  3.91it/s]
[1Aphase1 epoch 3:  12%|█▏        | 153/1250 [00:38<04:39,  3.92it/s]
[1Aphase1 epoch 3:  12%|█▏        | 154/1250 [00:38<04:34,  3.99it/s]
[1Aphase1 epoch 3:  12%|█▏        | 155/1250 [00:39<04:38,  3.93it/s]
[1Aphase1 epoch 3:  12%|█▏        | 156/1250 [00:39<04:37,  3.94it/s]
[1Aphase1 epoch 3:  13%|█▎        | 157/1250 [00:39<04:37,  3.94it/s]
[1Aphase1 epoch 3:  13%|█▎        | 158/1250 [00:39<04:40,  3.89it/s]
[1Aphase1 epoch 3:  13%|█▎        | 159/1250 [00:40<04:43,  3.85it/s]
[1Aphase1 epoch 3:  13%|█▎        | 160/1250 [00:40<04:40,  3.88it/s]
[1Aphase1 epoch 3:  13%|█▎        | 161/1250 [00:40<04:38,  3.90it/s]
[1Aphase1 epoch 3:  13%|█▎        | 162/1250 [00:40<04:38,  3.91it/s]
[1Aphase1 epoch 3:  13%|█▎        | 163/1250 [00:41<04:40,  3.88it/s]
[1Aphase1 epoch 3:  13%|█▎        | 164/1250 [00:41<04:33,  3.97it/s]
[1Aphase1 epoch 3:  13%|█▎        | 165/1250 [00:41<04:28,  4.04it/s]
[1Aphase1 epoch 3:  13%|█▎        | 166/1250 [00:41<04:28,  4.03it/s]
[1Aphase1 epoch 3:  13%|█▎        | 167/1250 [00:42<04:30,  4.00it/s]
[1Aphase1 epoch 3:  13%|█▎        | 168/1250 [00:42<04:29,  4.01it/s]
[1Aphase1 epoch 3:  14%|█▎        | 169/1250 [00:42<04:30,  3.99it/s]
[1Aphase1 epoch 3:  14%|█▎        | 170/1250 [00:42<04:31,  3.98it/s]
[1Aphase1 epoch 3:  14%|█▎        | 171/1250 [00:43<04:28,  4.03it/s]
[1Aphase1 epoch 3:  14%|█▍        | 172/1250 [00:43<04:32,  3.95it/s]
[1Aphase1 epoch 3:  14%|█▍        | 173/1250 [00:43<04:32,  3.95it/s]
[1Aphase1 epoch 3:  14%|█▍        | 174/1250 [00:43<04:30,  3.97it/s]
[1Aphase1 epoch 3:  14%|█▍        | 175/1250 [00:44<04:30,  3.97it/s]
[1Aphase1 epoch 3:  14%|█▍        | 176/1250 [00:44<04:34,  3.92it/s]
[1Aphase1 epoch 3:  14%|█▍        | 177/1250 [00:44<04:32,  3.94it/s]
[1Aphase1 epoch 3:  14%|█▍        | 178/1250 [00:44<04:30,  3.96it/s]
[1Aphase1 epoch 3:  14%|█▍        | 179/1250 [00:45<04:25,  4.04it/s]
[1Aphase1 epoch 3:  14%|█▍        | 180/1250 [00:45<04:26,  4.01it/s]
[1Aphase1 epoch 3:  14%|█▍        | 181/1250 [00:45<04:23,  4.05it/s]
[1Aphase1 epoch 3:  15%|█▍        | 182/1250 [00:45<04:24,  4.04it/s]
[1Aphase1 epoch 3:  15%|█▍        | 183/1250 [00:46<04:26,  4.01it/s]
[1Aphase1 epoch 3:  15%|█▍        | 184/1250 [00:46<04:27,  3.99it/s]
[1Aphase1 epoch 3:  15%|█▍        | 185/1250 [00:46<04:28,  3.96it/s]
[1Aphase1 epoch 3:  15%|█▍        | 186/1250 [00:46<04:24,  4.03it/s]
[1Aphase1 epoch 3:  15%|█▍        | 187/1250 [00:47<04:20,  4.08it/s]
[1Aphase1 epoch 3:  15%|█▌        | 188/1250 [00:47<04:22,  4.04it/s]
[1Aphase1 epoch 3:  15%|█▌        | 189/1250 [00:47<04:22,  4.04it/s]
[1Aphase1 epoch 3:  15%|█▌        | 190/1250 [00:47<04:28,  3.95it/s]
[1Aphase1 epoch 3:  15%|█▌        | 191/1250 [00:48<04:36,  3.84it/s]
[1Aphase1 epoch 3:  15%|█▌        | 192/1250 [00:48<04:38,  3.80it/s]
[1Aphase1 epoch 3:  15%|█▌        | 193/1250 [00:48<04:31,  3.90it/s]
[1Aphase1 epoch 3:  16%|█▌        | 194/1250 [00:49<04:29,  3.92it/s]
[1Aphase1 epoch 3:  16%|█▌        | 195/1250 [00:49<04:28,  3.93it/s]
[1Aphase1 epoch 3:  16%|█▌        | 196/1250 [00:49<04:22,  4.02it/s]
[1Aphase1 epoch 3:  16%|█▌        | 197/1250 [00:49<04:23,  4.00it/s]
[1Aphase1 epoch 3:  16%|█▌        | 198/1250 [00:50<04:24,  3.98it/s]
[1Aphase1 epoch 3:  16%|█▌        | 199/1250 [00:50<04:20,  4.04it/s]
[1Aphase1 epoch 3:  16%|█▌        | 200/1250 [00:50<04:16,  4.09it/s]
[1Aphase1 epoch 3:  16%|█▌        | 201/1250 [00:50<04:13,  4.13it/s]
[1Aphase1 epoch 3:  16%|█▌        | 202/1250 [00:50<04:16,  4.09it/s]
[1Aphase1 epoch 3:  16%|█▌        | 203/1250 [00:51<04:19,  4.03it/s]
[1Aphase1 epoch 3:  16%|█▋        | 204/1250 [00:51<04:21,  4.00it/s]
[1Aphase1 epoch 3:  16%|█▋        | 205/1250 [00:51<04:26,  3.92it/s]
[1Aphase1 epoch 3:  16%|█▋        | 206/1250 [00:52<04:24,  3.95it/s]
[1Aphase1 epoch 3:  17%|█▋        | 207/1250 [00:52<04:24,  3.94it/s]
[1Aphase1 epoch 3:  17%|█▋        | 208/1250 [00:52<04:25,  3.93it/s]
[1Aphase1 epoch 3:  17%|█▋        | 209/1250 [00:52<04:24,  3.94it/s]
[1Aphase1 epoch 3:  17%|█▋        | 210/1250 [00:53<04:18,  4.02it/s]
[1Aphase1 epoch 3:  17%|█▋        | 211/1250 [00:53<04:20,  3.99it/s]
[1Aphase1 epoch 3:  17%|█▋        | 212/1250 [00:53<04:20,  3.98it/s]
[1Aphase1 epoch 3:  17%|█▋        | 213/1250 [00:53<04:20,  3.98it/s]
[1Aphase1 epoch 3:  17%|█▋        | 214/1250 [00:54<04:29,  3.85it/s]
[1Aphase1 epoch 3:  17%|█▋        | 215/1250 [00:54<04:26,  3.88it/s]
[1Aphase1 epoch 3:  17%|█▋        | 216/1250 [00:54<04:18,  4.00it/s]
[1Aphase1 epoch 3:  17%|█▋        | 217/1250 [00:54<04:14,  4.06it/s]
[1Aphase1 epoch 3:  17%|█▋        | 218/1250 [00:55<04:11,  4.10it/s]
[1Aphase1 epoch 3:  18%|█▊        | 219/1250 [00:55<04:14,  4.06it/s]
[1Aphase1 epoch 3:  18%|█▊        | 220/1250 [00:55<04:16,  4.02it/s]
[1Aphase1 epoch 3:  18%|█▊        | 221/1250 [00:55<04:15,  4.02it/s]
[1Aphase1 epoch 3:  18%|█▊        | 222/1250 [00:56<04:17,  4.00it/s]
[1Aphase1 epoch 3:  18%|█▊        | 223/1250 [00:56<04:17,  3.98it/s]
[1Aphase1 epoch 3:  18%|█▊        | 224/1250 [00:56<04:13,  4.05it/s]
[1Aphase1 epoch 3:  18%|█▊        | 225/1250 [00:56<04:13,  4.04it/s]
[1Aphase1 epoch 3:  18%|█▊        | 226/1250 [00:56<04:10,  4.09it/s]
[1Aphase1 epoch 3:  18%|█▊        | 227/1250 [00:57<04:11,  4.07it/s]
[1Aphase1 epoch 3:  18%|█▊        | 228/1250 [00:57<04:08,  4.11it/s]
[1Aphase1 epoch 3:  18%|█▊        | 229/1250 [00:57<04:11,  4.06it/s]
[1Aphase1 epoch 3:  18%|█▊        | 230/1250 [00:57<04:08,  4.11it/s]
[1Aphase1 epoch 3:  18%|█▊        | 231/1250 [00:58<04:13,  4.02it/s]
[1Aphase1 epoch 3:  19%|█▊        | 232/1250 [00:58<04:13,  4.02it/s]
[1Aphase1 epoch 3:  19%|█▊        | 233/1250 [00:58<04:22,  3.88it/s]
[1Aphase1 epoch 3:  19%|█▊        | 234/1250 [00:58<04:16,  3.96it/s]
[1Aphase1 epoch 3:  19%|█▉        | 235/1250 [00:59<04:17,  3.95it/s]
[1Aphase1 epoch 3:  19%|█▉        | 236/1250 [00:59<04:16,  3.96it/s]
[1Aphase1 epoch 3:  19%|█▉        | 237/1250 [00:59<04:11,  4.02it/s]
[1Aphase1 epoch 3:  19%|█▉        | 238/1250 [00:59<04:11,  4.02it/s]
[1Aphase1 epoch 3:  19%|█▉        | 239/1250 [01:00<04:12,  4.01it/s]
[1Aphase1 epoch 3:  19%|█▉        | 240/1250 [01:00<04:15,  3.95it/s]
[1Aphase1 epoch 3:  19%|█▉        | 241/1250 [01:00<04:12,  4.00it/s]
[1Aphase1 epoch 3:  19%|█▉        | 242/1250 [01:00<04:11,  4.01it/s]
[1Aphase1 epoch 3:  19%|█▉        | 243/1250 [01:01<04:06,  4.09it/s]
[1Aphase1 epoch 3:  20%|█▉        | 244/1250 [01:01<04:03,  4.14it/s]
[1Aphase1 epoch 3:  20%|█▉        | 245/1250 [01:01<04:05,  4.09it/s]
[1Aphase1 epoch 3:  20%|█▉        | 246/1250 [01:01<04:12,  3.98it/s]
[1Aphase1 epoch 3:  20%|█▉        | 247/1250 [01:02<04:13,  3.96it/s]
[1Aphase1 epoch 3:  20%|█▉        | 248/1250 [01:02<04:14,  3.94it/s]
[1Aphase1 epoch 3:  20%|█▉        | 249/1250 [01:02<04:09,  4.02it/s]
[1Aphase1 epoch 3:  20%|██        | 250/1250 [01:02<04:05,  4.07it/s]
[1Aphase1 epoch 3:  20%|██        | 251/1250 [01:03<04:11,  3.97it/s]
[1Aphase1 epoch 3:  20%|██        | 252/1250 [01:03<04:07,  4.03it/s]
[1Aphase1 epoch 3:  20%|██        | 253/1250 [01:03<04:05,  4.07it/s]
[1Aphase1 epoch 3:  20%|██        | 254/1250 [01:03<04:06,  4.03it/s]
[1Aphase1 epoch 3:  20%|██        | 255/1250 [01:04<04:07,  4.03it/s]
[1Aphase1 epoch 3:  20%|██        | 256/1250 [01:04<04:04,  4.07it/s]
[1Aphase1 epoch 3:  21%|██        | 257/1250 [01:04<04:06,  4.03it/s]
[1Aphase1 epoch 3:  21%|██        | 258/1250 [01:04<04:07,  4.00it/s]
[1Aphase1 epoch 3:  21%|██        | 259/1250 [01:05<04:07,  4.01it/s]
[1Aphase1 epoch 3:  21%|██        | 260/1250 [01:05<04:12,  3.92it/s]
[1Aphase1 epoch 3:  21%|██        | 261/1250 [01:05<04:18,  3.82it/s]
[1Aphase1 epoch 3:  21%|██        | 262/1250 [01:06<04:19,  3.81it/s]
[1Aphase1 epoch 3:  21%|██        | 263/1250 [01:06<04:16,  3.85it/s]
[1Aphase1 epoch 3:  21%|██        | 264/1250 [01:06<04:14,  3.88it/s]
[1Aphase1 epoch 3:  21%|██        | 265/1250 [01:06<04:12,  3.90it/s]
[1Aphase1 epoch 3:  21%|██▏       | 266/1250 [01:07<04:10,  3.94it/s]
[1Aphase1 epoch 3:  21%|██▏       | 267/1250 [01:07<04:05,  4.01it/s]
[1Aphase1 epoch 3:  21%|██▏       | 268/1250 [01:07<04:04,  4.01it/s]
[1Aphase1 epoch 3:  22%|██▏       | 269/1250 [01:07<04:06,  3.98it/s]
[1Aphase1 epoch 3:  22%|██▏       | 270/1250 [01:08<04:07,  3.96it/s]
[1Aphase1 epoch 3:  22%|██▏       | 271/1250 [01:08<04:07,  3.95it/s]
[1Aphase1 epoch 3:  22%|██▏       | 272/1250 [01:08<04:02,  4.03it/s]
[1Aphase1 epoch 3:  22%|██▏       | 273/1250 [01:08<04:11,  3.89it/s]
[1Aphase1 epoch 3:  22%|██▏       | 274/1250 [01:09<04:13,  3.86it/s]
[1Aphase1 epoch 3:  22%|██▏       | 275/1250 [01:09<04:11,  3.88it/s]
[1Aphase1 epoch 3:  22%|██▏       | 276/1250 [01:09<04:10,  3.89it/s]
[1Aphase1 epoch 3:  22%|██▏       | 277/1250 [01:09<04:05,  3.97it/s]
[1Aphase1 epoch 3:  22%|██▏       | 278/1250 [01:10<04:05,  3.97it/s]
[1Aphase1 epoch 3:  22%|██▏       | 279/1250 [01:10<04:00,  4.04it/s]
[1Aphase1 epoch 3:  22%|██▏       | 280/1250 [01:10<04:01,  4.02it/s]
[1Aphase1 epoch 3:  22%|██▏       | 281/1250 [01:10<04:03,  3.98it/s]
[1Aphase1 epoch 3:  23%|██▎       | 282/1250 [01:11<04:04,  3.97it/s]
[1Aphase1 epoch 3:  23%|██▎       | 283/1250 [01:11<04:03,  3.97it/s]
[1Aphase1 epoch 3:  23%|██▎       | 284/1250 [01:11<03:59,  4.03it/s]
[1Aphase1 epoch 3:  23%|██▎       | 285/1250 [01:11<03:57,  4.07it/s]
[1Aphase1 epoch 3:  23%|██▎       | 286/1250 [01:12<03:59,  4.03it/s]
[1Aphase1 epoch 3:  23%|██▎       | 287/1250 [01:12<04:00,  4.00it/s]
[1Aphase1 epoch 3:  23%|██▎       | 288/1250 [01:12<04:04,  3.94it/s]
[1Aphase1 epoch 3:  23%|██▎       | 289/1250 [01:12<04:03,  3.95it/s]
[1Aphase1 epoch 3:  23%|██▎       | 290/1250 [01:13<04:02,  3.95it/s]
[1Aphase1 epoch 3:  23%|██▎       | 291/1250 [01:13<04:05,  3.90it/s]
[1Aphase1 epoch 3:  23%|██▎       | 292/1250 [01:13<04:00,  3.98it/s]
[1Aphase1 epoch 3:  23%|██▎       | 293/1250 [01:13<04:00,  3.97it/s]
[1Aphase1 epoch 3:  24%|██▎       | 294/1250 [01:14<04:00,  3.97it/s]
[1Aphase1 epoch 3:  24%|██▎       | 295/1250 [01:14<04:00,  3.98it/s]
[1Aphase1 epoch 3:  24%|██▎       | 296/1250 [01:14<04:00,  3.97it/s]
[1Aphase1 epoch 3:  24%|██▍       | 297/1250 [01:14<03:58,  3.99it/s]
[1Aphase1 epoch 3:  24%|██▍       | 298/1250 [01:15<03:59,  3.97it/s]
[1Aphase1 epoch 3:  24%|██▍       | 299/1250 [01:15<04:00,  3.96it/s]
[1Aphase1 epoch 3:  24%|██▍       | 300/1250 [01:15<03:55,  4.03it/s]
[1Aphase1 epoch 3:  24%|██▍       | 301/1250 [01:15<03:58,  3.97it/s]
[1Aphase1 epoch 3:  24%|██▍       | 302/1250 [01:16<03:58,  3.97it/s]
[1Aphase1 epoch 3:  24%|██▍       | 303/1250 [01:16<03:58,  3.97it/s]
[1Aphase1 epoch 3:  24%|██▍       | 304/1250 [01:16<03:58,  3.97it/s]
[1Aphase1 epoch 3:  24%|██▍       | 305/1250 [01:16<03:57,  3.97it/s]
[1Aphase1 epoch 3:  24%|██▍       | 306/1250 [01:17<03:58,  3.96it/s]
[1Aphase1 epoch 3:  25%|██▍       | 307/1250 [01:17<03:53,  4.04it/s]
[1Aphase1 epoch 3:  25%|██▍       | 308/1250 [01:17<03:58,  3.96it/s]
[1Aphase1 epoch 3:  25%|██▍       | 309/1250 [01:17<03:56,  3.97it/s]
[1Aphase1 epoch 3:  25%|██▍       | 310/1250 [01:18<04:00,  3.90it/s]
[1Aphase1 epoch 3:  25%|██▍       | 311/1250 [01:18<03:56,  3.97it/s]
[1Aphase1 epoch 3:  25%|██▍       | 312/1250 [01:18<03:56,  3.97it/s]
[1Aphase1 epoch 3:  25%|██▌       | 313/1250 [01:18<03:55,  3.97it/s]
[1Aphase1 epoch 3:  25%|██▌       | 314/1250 [01:19<03:55,  3.98it/s]
[1Aphase1 epoch 3:  25%|██▌       | 315/1250 [01:19<03:55,  3.97it/s]
[1Aphase1 epoch 3:  25%|██▌       | 316/1250 [01:19<03:59,  3.90it/s]
[1Aphase1 epoch 3:  25%|██▌       | 317/1250 [01:19<04:01,  3.86it/s]
[1Aphase1 epoch 3:  25%|██▌       | 318/1250 [01:20<04:02,  3.84it/s]
[1Aphase1 epoch 3:  26%|██▌       | 319/1250 [01:20<04:00,  3.88it/s]
[1Aphase1 epoch 3:  26%|██▌       | 320/1250 [01:20<04:00,  3.87it/s]
[1Aphase1 epoch 3:  26%|██▌       | 321/1250 [01:20<03:54,  3.96it/s]
[1Aphase1 epoch 3:  26%|██▌       | 322/1250 [01:21<03:49,  4.04it/s]
[1Aphase1 epoch 3:  26%|██▌       | 323/1250 [01:21<03:51,  4.01it/s]
[1Aphase1 epoch 3:  26%|██▌       | 324/1250 [01:21<03:55,  3.93it/s]
[1Aphase1 epoch 3:  26%|██▌       | 325/1250 [01:21<03:55,  3.93it/s]
[1Aphase1 epoch 3:  26%|██▌       | 326/1250 [01:22<03:54,  3.95it/s]
[1Aphase1 epoch 3:  26%|██▌       | 327/1250 [01:22<03:56,  3.91it/s]
[1Aphase1 epoch 3:  26%|██▌       | 328/1250 [01:22<03:55,  3.91it/s]
[1Aphase1 epoch 3:  26%|██▋       | 329/1250 [01:22<03:55,  3.92it/s]
[1Aphase1 epoch 3:  26%|██▋       | 330/1250 [01:23<03:52,  3.95it/s]
[1Aphase1 epoch 3:  26%|██▋       | 331/1250 [01:23<03:51,  3.97it/s]
[1Aphase1 epoch 3:  27%|██▋       | 332/1250 [01:23<03:55,  3.90it/s]
[1Aphase1 epoch 3:  27%|██▋       | 333/1250 [01:23<03:57,  3.86it/s]
[1Aphase1 epoch 3:  27%|██▋       | 334/1250 [01:24<03:55,  3.90it/s]
[1Aphase1 epoch 3:  27%|██▋       | 335/1250 [01:24<03:54,  3.90it/s]
[1Aphase1 epoch 3:  27%|██▋       | 336/1250 [01:24<03:52,  3.93it/s]
[1Aphase1 epoch 3:  27%|██▋       | 337/1250 [01:24<03:51,  3.94it/s]
[1Aphase1 epoch 3:  27%|██▋       | 338/1250 [01:25<03:47,  4.01it/s]
[1Aphase1 epoch 3:  27%|██▋       | 339/1250 [01:25<03:47,  4.00it/s]
[1Aphase1 epoch 3:  27%|██▋       | 340/1250 [01:25<03:56,  3.85it/s]
[1Aphase1 epoch 3:  27%|██▋       | 341/1250 [01:26<03:53,  3.89it/s]
[1Aphase1 epoch 3:  27%|██▋       | 342/1250 [01:26<03:53,  3.89it/s]
[1Aphase1 epoch 3:  27%|██▋       | 343/1250 [01:26<03:47,  3.99it/s]
[1Aphase1 epoch 3:  28%|██▊       | 344/1250 [01:26<03:46,  4.00it/s]
[1Aphase1 epoch 3:  28%|██▊       | 345/1250 [01:26<03:43,  4.04it/s]
[1Aphase1 epoch 3:  28%|██▊       | 346/1250 [01:27<03:44,  4.03it/s]
[1Aphase1 epoch 3:  28%|██▊       | 347/1250 [01:27<03:41,  4.07it/s]
[1Aphase1 epoch 3:  28%|██▊       | 348/1250 [01:27<03:39,  4.11it/s]
[1Aphase1 epoch 3:  28%|██▊       | 349/1250 [01:27<03:38,  4.13it/s]
[1Aphase1 epoch 3:  28%|██▊       | 350/1250 [01:28<03:40,  4.08it/s]
[1Aphase1 epoch 3:  28%|██▊       | 351/1250 [01:28<03:41,  4.05it/s]
[1Aphase1 epoch 3:  28%|██▊       | 352/1250 [01:28<03:47,  3.95it/s]
[1Aphase1 epoch 3:  28%|██▊       | 353/1250 [01:28<03:51,  3.88it/s]
[1Aphase1 epoch 3:  28%|██▊       | 354/1250 [01:29<03:49,  3.91it/s]
[1Aphase1 epoch 3:  28%|██▊       | 355/1250 [01:29<03:51,  3.87it/s]
[1Aphase1 epoch 3:  28%|██▊       | 356/1250 [01:29<03:46,  3.94it/s]
[1Aphase1 epoch 3:  29%|██▊       | 357/1250 [01:30<03:52,  3.84it/s]
[1Aphase1 epoch 3:  29%|██▊       | 358/1250 [01:30<03:51,  3.86it/s]
[1Aphase1 epoch 3:  29%|██▊       | 359/1250 [01:30<03:51,  3.84it/s]
[1Aphase1 epoch 3:  29%|██▉       | 360/1250 [01:30<03:50,  3.87it/s]
[1Aphase1 epoch 3:  29%|██▉       | 361/1250 [01:31<03:51,  3.83it/s]
[1Aphase1 epoch 3:  29%|██▉       | 362/1250 [01:31<03:45,  3.93it/s]
[1Aphase1 epoch 3:  29%|██▉       | 363/1250 [01:31<03:42,  3.99it/s]
[1Aphase1 epoch 3:  29%|██▉       | 364/1250 [01:31<03:42,  3.98it/s]
[1Aphase1 epoch 3:  29%|██▉       | 365/1250 [01:32<03:46,  3.91it/s]
[1Aphase1 epoch 3:  29%|██▉       | 366/1250 [01:32<03:41,  3.99it/s]
[1Aphase1 epoch 3:  29%|██▉       | 367/1250 [01:32<03:37,  4.05it/s]
[1Aphase1 epoch 3:  29%|██▉       | 368/1250 [01:32<03:35,  4.09it/s]
[1Aphase1 epoch 3:  30%|██▉       | 369/1250 [01:33<03:33,  4.12it/s]
[1Aphase1 epoch 3:  30%|██▉       | 370/1250 [01:33<03:35,  4.08it/s]
[1Aphase1 epoch 3:  30%|██▉       | 371/1250 [01:33<03:36,  4.06it/s]
[1Aphase1 epoch 3:  30%|██▉       | 372/1250 [01:33<03:38,  4.02it/s]
[1Aphase1 epoch 3:  30%|██▉       | 373/1250 [01:34<03:41,  3.95it/s]
[1Aphase1 epoch 3:  30%|██▉       | 374/1250 [01:34<03:46,  3.87it/s]
[1Aphase1 epoch 3:  30%|███       | 375/1250 [01:34<03:50,  3.80it/s]
[1Aphase1 epoch 3:  30%|███       | 376/1250 [01:34<03:43,  3.91it/s]
[1Aphase1 epoch 3:  30%|███       | 377/1250 [01:35<03:42,  3.93it/s]
[1Aphase1 epoch 3:  30%|███       | 378/1250 [01:35<03:41,  3.95it/s]
[1Aphase1 epoch 3:  30%|███       | 379/1250 [01:35<03:36,  4.02it/s]
[1Aphase1 epoch 3:  30%|███       | 380/1250 [01:35<03:40,  3.94it/s]
[1Aphase1 epoch 3:  30%|███       | 381/1250 [01:36<03:43,  3.89it/s]
[1Aphase1 epoch 3:  31%|███       | 382/1250 [01:36<03:38,  3.97it/s]
[1Aphase1 epoch 3:  31%|███       | 383/1250 [01:36<03:42,  3.90it/s]
[1Aphase1 epoch 3:  31%|███       | 384/1250 [01:36<03:35,  4.01it/s]
[1Aphase1 epoch 3:  31%|███       | 385/1250 [01:37<03:35,  4.02it/s]
[1Aphase1 epoch 3:  31%|███       | 386/1250 [01:37<03:39,  3.94it/s]
[1Aphase1 epoch 3:  31%|███       | 387/1250 [01:37<03:33,  4.04it/s]
[1Aphase1 epoch 3:  31%|███       | 388/1250 [01:37<03:40,  3.91it/s]
[1Aphase1 epoch 3:  31%|███       | 389/1250 [01:38<03:39,  3.93it/s]
[1Aphase1 epoch 3:  31%|███       | 390/1250 [01:38<03:35,  3.99it/s]
[1Aphase1 epoch 3:  31%|███▏      | 391/1250 [01:38<03:34,  4.00it/s]
[1Aphase1 epoch 3:  31%|███▏      | 392/1250 [01:38<03:35,  3.99it/s]
[1Aphase1 epoch 3:  31%|███▏      | 393/1250 [01:39<03:37,  3.94it/s]
[1Aphase1 epoch 3:  32%|███▏      | 394/1250 [01:39<03:41,  3.87it/s]
[1Aphase1 epoch 3:  32%|███▏      | 395/1250 [01:39<03:41,  3.87it/s]
[1Aphase1 epoch 3:  32%|███▏      | 396/1250 [01:39<03:39,  3.89it/s]
[1Aphase1 epoch 3:  32%|███▏      | 397/1250 [01:40<03:37,  3.92it/s]
[1Aphase1 epoch 3:  32%|███▏      | 398/1250 [01:40<03:33,  3.99it/s]
[1Aphase1 epoch 3:  32%|███▏      | 399/1250 [01:40<03:34,  3.96it/s]
[1Aphase1 epoch 3:  32%|███▏      | 400/1250 [01:40<03:34,  3.95it/s]
[1Aphase1 epoch 3:  32%|███▏      | 401/1250 [01:41<03:33,  3.97it/s]
[1Aphase1 epoch 3:  32%|███▏      | 402/1250 [01:41<03:34,  3.96it/s]
[1Aphase1 epoch 3:  32%|███▏      | 403/1250 [01:41<03:30,  4.03it/s]
[1Aphase1 epoch 3:  32%|███▏      | 404/1250 [01:41<03:26,  4.09it/s]
[1Aphase1 epoch 3:  32%|███▏      | 405/1250 [01:42<03:28,  4.06it/s]
[1Aphase1 epoch 3:  32%|███▏      | 406/1250 [01:42<03:32,  3.97it/s]
[1Aphase1 epoch 3:  33%|███▎      | 407/1250 [01:42<03:33,  3.96it/s]
[1Aphase1 epoch 3:  33%|███▎      | 408/1250 [01:42<03:33,  3.94it/s]
[1Aphase1 epoch 3:  33%|███▎      | 409/1250 [01:43<03:33,  3.94it/s]
[1Aphase1 epoch 3:  33%|███▎      | 410/1250 [01:43<03:31,  3.96it/s]
[1Aphase1 epoch 3:  33%|███▎      | 411/1250 [01:43<03:32,  3.95it/s]
[1Aphase1 epoch 3:  33%|███▎      | 412/1250 [01:43<03:28,  4.02it/s]
[1Aphase1 epoch 3:  33%|███▎      | 413/1250 [01:44<03:25,  4.08it/s]
[1Aphase1 epoch 3:  33%|███▎      | 414/1250 [01:44<03:26,  4.04it/s]
[1Aphase1 epoch 3:  33%|███▎      | 415/1250 [01:44<03:31,  3.95it/s]
[1Aphase1 epoch 3:  33%|███▎      | 416/1250 [01:44<03:34,  3.89it/s]
[1Aphase1 epoch 3:  33%|███▎      | 417/1250 [01:45<03:33,  3.90it/s]
[1Aphase1 epoch 3:  33%|███▎      | 418/1250 [01:45<03:34,  3.87it/s]
[1Aphase1 epoch 3:  34%|███▎      | 419/1250 [01:45<03:33,  3.89it/s]
[1Aphase1 epoch 3:  34%|███▎      | 420/1250 [01:45<03:35,  3.86it/s]
[1Aphase1 epoch 3:  34%|███▎      | 421/1250 [01:46<03:35,  3.84it/s]
[1Aphase1 epoch 3:  34%|███▍      | 422/1250 [01:46<03:30,  3.93it/s]
[1Aphase1 epoch 3:  34%|███▍      | 423/1250 [01:46<03:32,  3.89it/s]
[1Aphase1 epoch 3:  34%|███▍      | 424/1250 [01:46<03:32,  3.90it/s]
[1Aphase1 epoch 3:  34%|███▍      | 425/1250 [01:47<03:27,  3.98it/s]
[1Aphase1 epoch 3:  34%|███▍      | 426/1250 [01:47<03:26,  3.99it/s]
[1Aphase1 epoch 3:  34%|███▍      | 427/1250 [01:47<03:26,  3.98it/s]
[1Aphase1 epoch 3:  34%|███▍      | 428/1250 [01:47<03:26,  3.98it/s]
[1Aphase1 epoch 3:  34%|███▍      | 429/1250 [01:48<03:23,  4.03it/s]
[1Aphase1 epoch 3:  34%|███▍      | 430/1250 [01:48<03:26,  3.96it/s]
[1Aphase1 epoch 3:  34%|███▍      | 431/1250 [01:48<03:23,  4.03it/s]
[1Aphase1 epoch 3:  35%|███▍      | 432/1250 [01:48<03:20,  4.08it/s]
[1Aphase1 epoch 3:  35%|███▍      | 433/1250 [01:49<03:21,  4.06it/s]
[1Aphase1 epoch 3:  35%|███▍      | 434/1250 [01:49<03:25,  3.98it/s]
[1Aphase1 epoch 3:  35%|███▍      | 435/1250 [01:49<03:21,  4.04it/s]
[1Aphase1 epoch 3:  35%|███▍      | 436/1250 [01:49<03:25,  3.96it/s]
[1Aphase1 epoch 3:  35%|███▍      | 437/1250 [01:50<03:21,  4.02it/s]
[1Aphase1 epoch 3:  35%|███▌      | 438/1250 [01:50<03:22,  4.00it/s]
[1Aphase1 epoch 3:  35%|███▌      | 439/1250 [01:50<03:19,  4.06it/s]
[1Aphase1 epoch 3:  35%|███▌      | 440/1250 [01:50<03:24,  3.96it/s]
[1Aphase1 epoch 3:  35%|███▌      | 441/1250 [01:51<03:30,  3.84it/s]
[1Aphase1 epoch 3:  35%|███▌      | 442/1250 [01:51<03:25,  3.94it/s]
[1Aphase1 epoch 3:  35%|███▌      | 443/1250 [01:51<03:20,  4.02it/s]
[1Aphase1 epoch 3:  36%|███▌      | 444/1250 [01:51<03:20,  4.02it/s]
[1Aphase1 epoch 3:  36%|███▌      | 445/1250 [01:52<03:20,  4.01it/s]
[1Aphase1 epoch 3:  36%|███▌      | 446/1250 [01:52<03:23,  3.94it/s]
[1Aphase1 epoch 3:  36%|███▌      | 447/1250 [01:52<03:20,  4.01it/s]
[1Aphase1 epoch 3:  36%|███▌      | 448/1250 [01:52<03:20,  4.00it/s]
[1Aphase1 epoch 3:  36%|███▌      | 449/1250 [01:53<03:17,  4.05it/s]
[1Aphase1 epoch 3:  36%|███▌      | 450/1250 [01:53<03:21,  3.98it/s]
[1Aphase1 epoch 3:  36%|███▌      | 451/1250 [01:53<03:21,  3.96it/s]
[1Aphase1 epoch 3:  36%|███▌      | 452/1250 [01:53<03:21,  3.96it/s]
[1Aphase1 epoch 3:  36%|███▌      | 453/1250 [01:54<03:24,  3.89it/s]
[1Aphase1 epoch 3:  36%|███▋      | 454/1250 [01:54<03:25,  3.87it/s]
[1Aphase1 epoch 3:  36%|███▋      | 455/1250 [01:54<03:26,  3.85it/s]
[1Aphase1 epoch 3:  36%|███▋      | 456/1250 [01:55<03:21,  3.95it/s]
[1Aphase1 epoch 3:  37%|███▋      | 457/1250 [01:55<03:20,  3.95it/s]
[1Aphase1 epoch 3:  37%|███▋      | 458/1250 [01:55<03:20,  3.94it/s]
[1Aphase1 epoch 3:  37%|███▋      | 459/1250 [01:55<03:20,  3.95it/s]
[1Aphase1 epoch 3:  37%|███▋      | 460/1250 [01:56<03:19,  3.96it/s]
[1Aphase1 epoch 3:  37%|███▋      | 461/1250 [01:56<03:22,  3.90it/s]
[1Aphase1 epoch 3:  37%|███▋      | 462/1250 [01:56<03:21,  3.91it/s]
[1Aphase1 epoch 3:  37%|███▋      | 463/1250 [01:56<03:19,  3.94it/s]
[1Aphase1 epoch 3:  37%|███▋      | 464/1250 [01:57<03:16,  4.00it/s]
[1Aphase1 epoch 3:  37%|███▋      | 465/1250 [01:57<03:19,  3.94it/s]
[1Aphase1 epoch 3:  37%|███▋      | 466/1250 [01:57<03:18,  3.94it/s]
[1Aphase1 epoch 3:  37%|███▋      | 467/1250 [01:57<03:18,  3.95it/s]
[1Aphase1 epoch 3:  37%|███▋      | 468/1250 [01:58<03:20,  3.90it/s]
[1Aphase1 epoch 3:  38%|███▊      | 469/1250 [01:58<03:16,  3.98it/s]
[1Aphase1 epoch 3:  38%|███▊      | 470/1250 [01:58<03:21,  3.87it/s]
[1Aphase1 epoch 3:  38%|███▊      | 471/1250 [01:58<03:17,  3.95it/s]
[1Aphase1 epoch 3:  38%|███▊      | 472/1250 [01:59<03:16,  3.96it/s]
[1Aphase1 epoch 3:  38%|███▊      | 473/1250 [01:59<03:18,  3.91it/s]
[1Aphase1 epoch 3:  38%|███▊      | 474/1250 [01:59<03:20,  3.87it/s]
[1Aphase1 epoch 3:  38%|███▊      | 475/1250 [01:59<03:19,  3.88it/s]
[1Aphase1 epoch 3:  38%|███▊      | 476/1250 [02:00<03:15,  3.96it/s]
[1Aphase1 epoch 3:  38%|███▊      | 477/1250 [02:00<03:11,  4.03it/s]
[1Aphase1 epoch 3:  38%|███▊      | 478/1250 [02:00<03:15,  3.94it/s]
[1Aphase1 epoch 3:  38%|███▊      | 479/1250 [02:00<03:18,  3.88it/s]
[1Aphase1 epoch 3:  38%|███▊      | 480/1250 [02:01<03:14,  3.97it/s]
[1Aphase1 epoch 3:  38%|███▊      | 481/1250 [02:01<03:17,  3.90it/s]
[1Aphase1 epoch 3:  39%|███▊      | 482/1250 [02:01<03:21,  3.82it/s]
[1Aphase1 epoch 3:  39%|███▊      | 483/1250 [02:01<03:18,  3.86it/s]
[1Aphase1 epoch 3:  39%|███▊      | 484/1250 [02:02<03:16,  3.90it/s]
[1Aphase1 epoch 3:  39%|███▉      | 485/1250 [02:02<03:14,  3.93it/s]
[1Aphase1 epoch 3:  39%|███▉      | 486/1250 [02:02<03:13,  3.95it/s]
[1Aphase1 epoch 3:  39%|███▉      | 487/1250 [02:02<03:12,  3.96it/s]
[1Aphase1 epoch 3:  39%|███▉      | 488/1250 [02:03<03:15,  3.91it/s]
[1Aphase1 epoch 3:  39%|███▉      | 489/1250 [02:03<03:16,  3.87it/s]
[1Aphase1 epoch 3:  39%|███▉      | 490/1250 [02:03<03:10,  3.98it/s]
[1Aphase1 epoch 3:  39%|███▉      | 491/1250 [02:03<03:10,  3.99it/s]
[1Aphase1 epoch 3:  39%|███▉      | 492/1250 [02:04<03:12,  3.94it/s]
[1Aphase1 epoch 3:  39%|███▉      | 493/1250 [02:04<03:11,  3.95it/s]
[1Aphase1 epoch 3:  40%|███▉      | 494/1250 [02:04<03:11,  3.95it/s]
[1Aphase1 epoch 3:  40%|███▉      | 495/1250 [02:04<03:07,  4.02it/s]
[1Aphase1 epoch 3:  40%|███▉      | 496/1250 [02:05<03:08,  4.01it/s]
[1Aphase1 epoch 3:  40%|███▉      | 497/1250 [02:05<03:08,  4.00it/s]
[1Aphase1 epoch 3:  40%|███▉      | 498/1250 [02:05<03:05,  4.06it/s]
[1Aphase1 epoch 3:  40%|███▉      | 499/1250 [02:05<03:06,  4.04it/s]
[1Aphase1 epoch 3:  40%|████      | 500/1250 [02:06<03:13,  3.87it/s]
[1Aphase1 epoch 3:  40%|████      | 501/1250 [02:06<03:12,  3.90it/s]
[1Aphase1 epoch 3:  40%|████      | 502/1250 [02:06<03:08,  3.97it/s]
[1Aphase1 epoch 3:  40%|████      | 503/1250 [02:06<03:07,  3.97it/s]
[1Aphase1 epoch 3:  40%|████      | 504/1250 [02:07<03:07,  3.97it/s]
[1Aphase1 epoch 3:  40%|████      | 505/1250 [02:07<03:10,  3.90it/s]
[1Aphase1 epoch 3:  40%|████      | 506/1250 [02:07<03:08,  3.94it/s]
[1Aphase1 epoch 3:  41%|████      | 507/1250 [02:07<03:09,  3.93it/s]
[1Aphase1 epoch 3:  41%|████      | 508/1250 [02:08<03:08,  3.94it/s]
[1Aphase1 epoch 3:  41%|████      | 509/1250 [02:08<03:07,  3.95it/s]
[1Aphase1 epoch 3:  41%|████      | 510/1250 [02:08<03:04,  4.02it/s]
[1Aphase1 epoch 3:  41%|████      | 511/1250 [02:08<03:04,  4.00it/s]
[1Aphase1 epoch 3:  41%|████      | 512/1250 [02:09<03:05,  3.99it/s]
[1Aphase1 epoch 3:  41%|████      | 513/1250 [02:09<03:05,  3.98it/s]
[1Aphase1 epoch 3:  41%|████      | 514/1250 [02:09<03:02,  4.03it/s]
[1Aphase1 epoch 3:  41%|████      | 515/1250 [02:09<03:05,  3.96it/s]
[1Aphase1 epoch 3:  41%|████▏     | 516/1250 [02:10<03:08,  3.89it/s]
[1Aphase1 epoch 3:  41%|████▏     | 517/1250 [02:10<03:04,  3.97it/s]
[1Aphase1 epoch 3:  41%|████▏     | 518/1250 [02:10<03:06,  3.92it/s]
[1Aphase1 epoch 3:  42%|████▏     | 519/1250 [02:10<03:05,  3.94it/s]
[1Aphase1 epoch 3:  42%|████▏     | 520/1250 [02:11<03:04,  3.95it/s]
[1Aphase1 epoch 3:  42%|████▏     | 521/1250 [02:11<03:04,  3.96it/s]
[1Aphase1 epoch 3:  42%|████▏     | 522/1250 [02:11<03:07,  3.89it/s]
[1Aphase1 epoch 3:  42%|████▏     | 523/1250 [02:11<03:02,  3.98it/s]
[1Aphase1 epoch 3:  42%|████▏     | 524/1250 [02:12<02:59,  4.05it/s]
[1Aphase1 epoch 3:  42%|████▏     | 525/1250 [02:12<02:59,  4.05it/s]
[1Aphase1 epoch 3:  42%|████▏     | 526/1250 [02:12<02:59,  4.02it/s]
[1Aphase1 epoch 3:  42%|████▏     | 527/1250 [02:12<02:57,  4.07it/s]
[1Aphase1 epoch 3:  42%|████▏     | 528/1250 [02:13<03:03,  3.92it/s]
[1Aphase1 epoch 3:  42%|████▏     | 529/1250 [02:13<03:05,  3.89it/s]
[1Aphase1 epoch 3:  42%|████▏     | 530/1250 [02:13<03:04,  3.91it/s]
[1Aphase1 epoch 3:  42%|████▏     | 531/1250 [02:14<03:03,  3.92it/s]
[1Aphase1 epoch 3:  43%|████▎     | 532/1250 [02:14<02:59,  4.01it/s]
[1Aphase1 epoch 3:  43%|████▎     | 533/1250 [02:14<03:04,  3.88it/s]
[1Aphase1 epoch 3:  43%|████▎     | 534/1250 [02:14<03:03,  3.91it/s]
[1Aphase1 epoch 3:  43%|████▎     | 535/1250 [02:15<03:00,  3.97it/s]
[1Aphase1 epoch 3:  43%|████▎     | 536/1250 [02:15<03:03,  3.90it/s]
[1Aphase1 epoch 3:  43%|████▎     | 537/1250 [02:15<02:59,  3.98it/s]
[1Aphase1 epoch 3:  43%|████▎     | 538/1250 [02:15<02:58,  3.99it/s]
[1Aphase1 epoch 3:  43%|████▎     | 539/1250 [02:16<03:01,  3.93it/s]
[1Aphase1 epoch 3:  43%|████▎     | 540/1250 [02:16<03:02,  3.89it/s]
[1Aphase1 epoch 3:  43%|████▎     | 541/1250 [02:16<03:01,  3.90it/s]
[1Aphase1 epoch 3:  43%|████▎     | 542/1250 [02:16<03:01,  3.91it/s]
[1Aphase1 epoch 3:  43%|████▎     | 543/1250 [02:17<03:02,  3.87it/s]
[1Aphase1 epoch 3:  44%|████▎     | 544/1250 [02:17<03:01,  3.88it/s]
[1Aphase1 epoch 3:  44%|████▎     | 545/1250 [02:17<02:57,  3.97it/s]
[1Aphase1 epoch 3:  44%|████▎     | 546/1250 [02:17<02:54,  4.04it/s]
[1Aphase1 epoch 3:  44%|████▍     | 547/1250 [02:18<02:55,  4.01it/s]
[1Aphase1 epoch 3:  44%|████▍     | 548/1250 [02:18<02:55,  3.99it/s]
[1Aphase1 epoch 3:  44%|████▍     | 549/1250 [02:18<02:53,  4.04it/s]
[1Aphase1 epoch 3:  44%|████▍     | 550/1250 [02:18<02:54,  4.01it/s]
[1Aphase1 epoch 3:  44%|████▍     | 551/1250 [02:19<02:56,  3.95it/s]
[1Aphase1 epoch 3:  44%|████▍     | 552/1250 [02:19<02:55,  3.97it/s]
[1Aphase1 epoch 3:  44%|████▍     | 553/1250 [02:19<02:56,  3.96it/s]
[1Aphase1 epoch 3:  44%|████▍     | 554/1250 [02:19<02:53,  4.02it/s]
[1Aphase1 epoch 3:  44%|████▍     | 555/1250 [02:20<02:53,  4.01it/s]
[1Aphase1 epoch 3:  44%|████▍     | 556/1250 [02:20<02:53,  4.00it/s]
[1Aphase1 epoch 3:  45%|████▍     | 557/1250 [02:20<02:53,  3.99it/s]
[1Aphase1 epoch 3:  45%|████▍     | 558/1250 [02:20<02:50,  4.07it/s]
[1Aphase1 epoch 3:  45%|████▍     | 559/1250 [02:21<02:53,  3.99it/s]
[1Aphase1 epoch 3:  45%|████▍     | 560/1250 [02:21<02:53,  3.98it/s]
[1Aphase1 epoch 3:  45%|████▍     | 561/1250 [02:21<02:56,  3.90it/s]
[1Aphase1 epoch 3:  45%|████▍     | 562/1250 [02:21<02:55,  3.93it/s]
[1Aphase1 epoch 3:  45%|████▌     | 563/1250 [02:22<02:51,  4.00it/s]
[1Aphase1 epoch 3:  45%|████▌     | 564/1250 [02:22<02:51,  4.00it/s]
[1Aphase1 epoch 3:  45%|████▌     | 565/1250 [02:22<02:51,  4.00it/s]
[1Aphase1 epoch 3:  45%|████▌     | 566/1250 [02:22<02:52,  3.97it/s]
[1Aphase1 epoch 3:  45%|████▌     | 567/1250 [02:23<02:52,  3.96it/s]
[1Aphase1 epoch 3:  45%|████▌     | 568/1250 [02:23<02:51,  3.98it/s]
[1Aphase1 epoch 3:  46%|████▌     | 569/1250 [02:23<02:48,  4.03it/s]
[1Aphase1 epoch 3:  46%|████▌     | 570/1250 [02:23<02:47,  4.07it/s]
[1Aphase1 epoch 3:  46%|████▌     | 571/1250 [02:24<02:52,  3.93it/s]
[1Aphase1 epoch 3:  46%|████▌     | 572/1250 [02:24<02:54,  3.87it/s]
[1Aphase1 epoch 3:  46%|████▌     | 573/1250 [02:24<02:53,  3.90it/s]
[1Aphase1 epoch 3:  46%|████▌     | 574/1250 [02:24<02:52,  3.92it/s]
[1Aphase1 epoch 3:  46%|████▌     | 575/1250 [02:25<02:50,  3.95it/s]
[1Aphase1 epoch 3:  46%|████▌     | 576/1250 [02:25<02:47,  4.02it/s]
[1Aphase1 epoch 3:  46%|████▌     | 577/1250 [02:25<02:45,  4.08it/s]
[1Aphase1 epoch 3:  46%|████▌     | 578/1250 [02:25<02:43,  4.11it/s]
[1Aphase1 epoch 3:  46%|████▋     | 579/1250 [02:26<02:42,  4.13it/s]
[1Aphase1 epoch 3:  46%|████▋     | 580/1250 [02:26<02:46,  4.02it/s]
[1Aphase1 epoch 3:  46%|████▋     | 581/1250 [02:26<02:44,  4.07it/s]
[1Aphase1 epoch 3:  47%|████▋     | 582/1250 [02:26<02:42,  4.10it/s]
[1Aphase1 epoch 3:  47%|████▋     | 583/1250 [02:27<02:46,  4.00it/s]
[1Aphase1 epoch 3:  47%|████▋     | 584/1250 [02:27<02:46,  4.01it/s]
[1Aphase1 epoch 3:  47%|████▋     | 585/1250 [02:27<02:46,  4.00it/s]
[1Aphase1 epoch 3:  47%|████▋     | 586/1250 [02:27<02:46,  3.98it/s]
[1Aphase1 epoch 3:  47%|████▋     | 587/1250 [02:28<02:46,  3.98it/s]
[1Aphase1 epoch 3:  47%|████▋     | 588/1250 [02:28<02:47,  3.96it/s]
[1Aphase1 epoch 3:  47%|████▋     | 589/1250 [02:28<02:46,  3.97it/s]
[1Aphase1 epoch 3:  47%|████▋     | 590/1250 [02:28<02:45,  3.98it/s]
[1Aphase1 epoch 3:  47%|████▋     | 591/1250 [02:29<02:43,  4.04it/s]
[1Aphase1 epoch 3:  47%|████▋     | 592/1250 [02:29<02:44,  4.01it/s]
[1Aphase1 epoch 3:  47%|████▋     | 593/1250 [02:29<02:44,  4.00it/s]
[1Aphase1 epoch 3:  48%|████▊     | 594/1250 [02:29<02:43,  4.00it/s]
[1Aphase1 epoch 3:  48%|████▊     | 595/1250 [02:30<02:41,  4.06it/s]
[1Aphase1 epoch 3:  48%|████▊     | 596/1250 [02:30<02:41,  4.04it/s]
[1Aphase1 epoch 3:  48%|████▊     | 597/1250 [02:30<02:42,  4.02it/s]
[1Aphase1 epoch 3:  48%|████▊     | 598/1250 [02:30<02:42,  4.00it/s]
[1Aphase1 epoch 3:  48%|████▊     | 599/1250 [02:31<02:43,  3.99it/s]
[1Aphase1 epoch 3:  48%|████▊     | 600/1250 [02:31<02:44,  3.96it/s]
[1Aphase1 epoch 3:  48%|████▊     | 601/1250 [02:31<02:48,  3.85it/s]
[1Aphase1 epoch 3:  48%|████▊     | 602/1250 [02:31<02:46,  3.90it/s]
[1Aphase1 epoch 3:  48%|████▊     | 603/1250 [02:32<02:45,  3.91it/s]
[1Aphase1 epoch 3:  48%|████▊     | 604/1250 [02:32<02:44,  3.93it/s]
[1Aphase1 epoch 3:  48%|████▊     | 605/1250 [02:32<02:41,  4.00it/s]
[1Aphase1 epoch 3:  48%|████▊     | 606/1250 [02:32<02:41,  3.98it/s]
[1Aphase1 epoch 3:  49%|████▊     | 607/1250 [02:33<02:42,  3.96it/s]
[1Aphase1 epoch 3:  49%|████▊     | 608/1250 [02:33<02:42,  3.96it/s]
[1Aphase1 epoch 3:  49%|████▊     | 609/1250 [02:33<02:42,  3.96it/s]
[1Aphase1 epoch 3:  49%|████▉     | 610/1250 [02:33<02:39,  4.01it/s]
[1Aphase1 epoch 3:  49%|████▉     | 611/1250 [02:34<02:37,  4.06it/s]
[1Aphase1 epoch 3:  49%|████▉     | 612/1250 [02:34<02:35,  4.10it/s]
[1Aphase1 epoch 3:  49%|████▉     | 613/1250 [02:34<02:37,  4.05it/s]
[1Aphase1 epoch 3:  49%|████▉     | 614/1250 [02:34<02:38,  4.02it/s]
[1Aphase1 epoch 3:  49%|████▉     | 615/1250 [02:35<02:38,  4.01it/s]
[1Aphase1 epoch 3:  49%|████▉     | 616/1250 [02:35<02:39,  3.99it/s]
[1Aphase1 epoch 3:  49%|████▉     | 617/1250 [02:35<02:36,  4.06it/s]
[1Aphase1 epoch 3:  49%|████▉     | 618/1250 [02:35<02:36,  4.03it/s]
[1Aphase1 epoch 3:  50%|████▉     | 619/1250 [02:36<02:34,  4.08it/s]
[1Aphase1 epoch 3:  50%|████▉     | 620/1250 [02:36<02:35,  4.05it/s]
[1Aphase1 epoch 3:  50%|████▉     | 621/1250 [02:36<02:36,  4.03it/s]
[1Aphase1 epoch 3:  50%|████▉     | 622/1250 [02:36<02:38,  3.96it/s]
[1Aphase1 epoch 3:  50%|████▉     | 623/1250 [02:37<02:38,  3.96it/s]
[1Aphase1 epoch 3:  50%|████▉     | 624/1250 [02:37<02:38,  3.95it/s]
[1Aphase1 epoch 3:  50%|█████     | 625/1250 [02:37<02:37,  3.96it/s]
[1Aphase1 epoch 3:  50%|█████     | 626/1250 [02:37<02:40,  3.90it/s]
[1Aphase1 epoch 3:  50%|█████     | 627/1250 [02:38<02:36,  3.97it/s]
[1Aphase1 epoch 3:  50%|█████     | 628/1250 [02:38<02:34,  4.04it/s]
[1Aphase1 epoch 3:  50%|█████     | 629/1250 [02:38<02:34,  4.02it/s]
[1Aphase1 epoch 3:  50%|█████     | 630/1250 [02:38<02:36,  3.95it/s]
[1Aphase1 epoch 3:  50%|█████     | 631/1250 [02:39<02:36,  3.94it/s]
[1Aphase1 epoch 3:  51%|█████     | 632/1250 [02:39<02:35,  3.96it/s]
[1Aphase1 epoch 3:  51%|█████     | 633/1250 [02:39<02:33,  4.02it/s]
[1Aphase1 epoch 3:  51%|█████     | 634/1250 [02:39<02:33,  4.00it/s]
[1Aphase1 epoch 3:  51%|█████     | 635/1250 [02:40<02:34,  3.98it/s]
[1Aphase1 epoch 3:  51%|█████     | 636/1250 [02:40<02:33,  4.00it/s]
[1Aphase1 epoch 3:  51%|█████     | 637/1250 [02:40<02:35,  3.93it/s]
[1Aphase1 epoch 3:  51%|█████     | 638/1250 [02:40<02:37,  3.87it/s]
[1Aphase1 epoch 3:  51%|█████     | 639/1250 [02:41<02:36,  3.91it/s]
[1Aphase1 epoch 3:  51%|█████     | 640/1250 [02:41<02:33,  3.98it/s]
[1Aphase1 epoch 3:  51%|█████▏    | 641/1250 [02:41<02:33,  3.96it/s]
[1Aphase1 epoch 3:  51%|█████▏    | 642/1250 [02:41<02:33,  3.96it/s]
[1Aphase1 epoch 3:  51%|█████▏    | 643/1250 [02:42<02:33,  3.96it/s]
[1Aphase1 epoch 3:  52%|█████▏    | 644/1250 [02:42<02:33,  3.94it/s]
[1Aphase1 epoch 3:  52%|█████▏    | 645/1250 [02:42<02:33,  3.94it/s]
[1Aphase1 epoch 3:  52%|█████▏    | 646/1250 [02:42<02:33,  3.94it/s]
[1Aphase1 epoch 3:  52%|█████▏    | 647/1250 [02:43<02:29,  4.03it/s]
[1Aphase1 epoch 3:  52%|█████▏    | 648/1250 [02:43<02:30,  4.00it/s]
[1Aphase1 epoch 3:  52%|█████▏    | 649/1250 [02:43<02:28,  4.04it/s]
[1Aphase1 epoch 3:  52%|█████▏    | 650/1250 [02:43<02:27,  4.07it/s]
[1Aphase1 epoch 3:  52%|█████▏    | 651/1250 [02:44<02:27,  4.06it/s]
[1Aphase1 epoch 3:  52%|█████▏    | 652/1250 [02:44<02:25,  4.10it/s]
[1Aphase1 epoch 3:  52%|█████▏    | 653/1250 [02:44<02:26,  4.08it/s]
[1Aphase1 epoch 3:  52%|█████▏    | 654/1250 [02:44<02:28,  4.03it/s]
[1Aphase1 epoch 3:  52%|█████▏    | 655/1250 [02:45<02:25,  4.08it/s]
[1Aphase1 epoch 3:  52%|█████▏    | 656/1250 [02:45<02:27,  4.04it/s]
[1Aphase1 epoch 3:  53%|█████▎    | 657/1250 [02:45<02:27,  4.01it/s]
[1Aphase1 epoch 3:  53%|█████▎    | 658/1250 [02:45<02:28,  3.98it/s]
[1Aphase1 epoch 3:  53%|█████▎    | 659/1250 [02:46<02:30,  3.93it/s]
[1Aphase1 epoch 3:  53%|█████▎    | 660/1250 [02:46<02:30,  3.93it/s]
[1Aphase1 epoch 3:  53%|█████▎    | 661/1250 [02:46<02:29,  3.95it/s]
[1Aphase1 epoch 3:  53%|█████▎    | 662/1250 [02:46<02:26,  4.01it/s]
[1Aphase1 epoch 3:  53%|█████▎    | 663/1250 [02:47<02:26,  4.00it/s]
[1Aphase1 epoch 3:  53%|█████▎    | 664/1250 [02:47<02:27,  3.98it/s]
[1Aphase1 epoch 3:  53%|█████▎    | 665/1250 [02:47<02:25,  4.03it/s]
[1Aphase1 epoch 3:  53%|█████▎    | 666/1250 [02:47<02:25,  4.02it/s]
[1Aphase1 epoch 3:  53%|█████▎    | 667/1250 [02:48<02:27,  3.94it/s]
[1Aphase1 epoch 3:  53%|█████▎    | 668/1250 [02:48<02:27,  3.95it/s]
[1Aphase1 epoch 3:  54%|█████▎    | 669/1250 [02:48<02:22,  4.06it/s]
[1Aphase1 epoch 3:  54%|█████▎    | 670/1250 [02:48<02:26,  3.97it/s]
[1Aphase1 epoch 3:  54%|█████▎    | 671/1250 [02:49<02:28,  3.91it/s]
[1Aphase1 epoch 3:  54%|█████▍    | 672/1250 [02:49<02:29,  3.86it/s]
[1Aphase1 epoch 3:  54%|█████▍    | 673/1250 [02:49<02:28,  3.88it/s]
[1Aphase1 epoch 3:  54%|█████▍    | 674/1250 [02:49<02:27,  3.91it/s]
[1Aphase1 epoch 3:  54%|█████▍    | 675/1250 [02:50<02:25,  3.94it/s]
[1Aphase1 epoch 3:  54%|█████▍    | 676/1250 [02:50<02:23,  4.01it/s]
[1Aphase1 epoch 3:  54%|█████▍    | 677/1250 [02:50<02:23,  3.99it/s]
[1Aphase1 epoch 3:  54%|█████▍    | 678/1250 [02:50<02:23,  3.99it/s]
[1Aphase1 epoch 3:  54%|█████▍    | 679/1250 [02:51<02:26,  3.91it/s]
[1Aphase1 epoch 3:  54%|█████▍    | 680/1250 [02:51<02:23,  3.97it/s]
[1Aphase1 epoch 3:  54%|█████▍    | 681/1250 [02:51<02:25,  3.91it/s]
[1Aphase1 epoch 3:  55%|█████▍    | 682/1250 [02:51<02:24,  3.92it/s]
[1Aphase1 epoch 3:  55%|█████▍    | 683/1250 [02:52<02:21,  4.00it/s]
[1Aphase1 epoch 3:  55%|█████▍    | 684/1250 [02:52<02:24,  3.92it/s]
[1Aphase1 epoch 3:  55%|█████▍    | 685/1250 [02:52<02:23,  3.95it/s]
[1Aphase1 epoch 3:  55%|█████▍    | 686/1250 [02:52<02:22,  3.94it/s]
[1Aphase1 epoch 3:  55%|█████▍    | 687/1250 [02:53<02:22,  3.95it/s]
[1Aphase1 epoch 3:  55%|█████▌    | 688/1250 [02:53<02:24,  3.89it/s]
[1Aphase1 epoch 3:  55%|█████▌    | 689/1250 [02:53<02:21,  3.98it/s]
[1Aphase1 epoch 3:  55%|█████▌    | 690/1250 [02:53<02:23,  3.91it/s]
[1Aphase1 epoch 3:  55%|█████▌    | 691/1250 [02:54<02:23,  3.88it/s]
[1Aphase1 epoch 3:  55%|█████▌    | 692/1250 [02:54<02:21,  3.95it/s]
[1Aphase1 epoch 3:  55%|█████▌    | 693/1250 [02:54<02:18,  4.01it/s]
[1Aphase1 epoch 3:  56%|█████▌    | 694/1250 [02:54<02:16,  4.07it/s]
[1Aphase1 epoch 3:  56%|█████▌    | 695/1250 [02:55<02:19,  3.98it/s]
[1Aphase1 epoch 3:  56%|█████▌    | 696/1250 [02:55<02:17,  4.04it/s]
[1Aphase1 epoch 3:  56%|█████▌    | 697/1250 [02:55<02:15,  4.07it/s]
[1Aphase1 epoch 3:  56%|█████▌    | 698/1250 [02:55<02:17,  4.02it/s]
[1Aphase1 epoch 3:  56%|█████▌    | 699/1250 [02:56<02:17,  4.01it/s]
[1Aphase1 epoch 3:  56%|█████▌    | 700/1250 [02:56<02:15,  4.06it/s]
[1Aphase1 epoch 3:  56%|█████▌    | 701/1250 [02:56<02:15,  4.05it/s]
[1Aphase1 epoch 3:  56%|█████▌    | 702/1250 [02:56<02:21,  3.86it/s]
[1Aphase1 epoch 3:  56%|█████▌    | 703/1250 [02:57<02:20,  3.89it/s]
[1Aphase1 epoch 3:  56%|█████▋    | 704/1250 [02:57<02:18,  3.96it/s]
[1Aphase1 epoch 3:  56%|█████▋    | 705/1250 [02:57<02:15,  4.01it/s]
[1Aphase1 epoch 3:  56%|█████▋    | 706/1250 [02:57<02:13,  4.07it/s]
[1Aphase1 epoch 3:  57%|█████▋    | 707/1250 [02:58<02:17,  3.94it/s]
[1Aphase1 epoch 3:  57%|█████▋    | 708/1250 [02:58<02:17,  3.93it/s]
[1Aphase1 epoch 3:  57%|█████▋    | 709/1250 [02:58<02:17,  3.93it/s]
[1Aphase1 epoch 3:  57%|█████▋    | 710/1250 [02:58<02:18,  3.89it/s]
[1Aphase1 epoch 3:  57%|█████▋    | 711/1250 [02:59<02:15,  3.99it/s]
[1Aphase1 epoch 3:  57%|█████▋    | 712/1250 [02:59<02:15,  3.97it/s]
[1Aphase1 epoch 3:  57%|█████▋    | 713/1250 [02:59<02:14,  3.98it/s]
[1Aphase1 epoch 3:  57%|█████▋    | 714/1250 [02:59<02:12,  4.04it/s]
[1Aphase1 epoch 3:  57%|█████▋    | 715/1250 [03:00<02:11,  4.08it/s]
[1Aphase1 epoch 3:  57%|█████▋    | 716/1250 [03:00<02:14,  3.98it/s]
[1Aphase1 epoch 3:  57%|█████▋    | 717/1250 [03:00<02:16,  3.91it/s]
[1Aphase1 epoch 3:  57%|█████▋    | 718/1250 [03:01<02:19,  3.81it/s]
[1Aphase1 epoch 3:  58%|█████▊    | 719/1250 [03:01<02:18,  3.84it/s]
[1Aphase1 epoch 3:  58%|█████▊    | 720/1250 [03:01<02:14,  3.93it/s]
[1Aphase1 epoch 3:  58%|█████▊    | 721/1250 [03:01<02:14,  3.93it/s]
[1Aphase1 epoch 3:  58%|█████▊    | 722/1250 [03:02<02:13,  3.95it/s]
[1Aphase1 epoch 3:  58%|█████▊    | 723/1250 [03:02<02:11,  4.02it/s]
[1Aphase1 epoch 3:  58%|█████▊    | 724/1250 [03:02<02:11,  4.00it/s]
[1Aphase1 epoch 3:  58%|█████▊    | 725/1250 [03:02<02:11,  3.99it/s]
[1Aphase1 epoch 3:  58%|█████▊    | 726/1250 [03:03<02:11,  3.99it/s]
[1Aphase1 epoch 3:  58%|█████▊    | 727/1250 [03:03<02:11,  3.97it/s]
[1Aphase1 epoch 3:  58%|█████▊    | 728/1250 [03:03<02:11,  3.98it/s]
[1Aphase1 epoch 3:  58%|█████▊    | 729/1250 [03:03<02:11,  3.97it/s]
[1Aphase1 epoch 3:  58%|█████▊    | 730/1250 [03:04<02:11,  3.97it/s]
[1Aphase1 epoch 3:  58%|█████▊    | 731/1250 [03:04<02:08,  4.03it/s]
[1Aphase1 epoch 3:  59%|█████▊    | 732/1250 [03:04<02:10,  3.96it/s]
[1Aphase1 epoch 3:  59%|█████▊    | 733/1250 [03:04<02:08,  4.03it/s]
[1Aphase1 epoch 3:  59%|█████▊    | 734/1250 [03:05<02:08,  4.02it/s]
[1Aphase1 epoch 3:  59%|█████▉    | 735/1250 [03:05<02:09,  3.99it/s]
[1Aphase1 epoch 3:  59%|█████▉    | 736/1250 [03:05<02:08,  4.00it/s]
[1Aphase1 epoch 3:  59%|█████▉    | 737/1250 [03:05<02:08,  4.00it/s]
[1Aphase1 epoch 3:  59%|█████▉    | 738/1250 [03:06<02:10,  3.93it/s]
[1Aphase1 epoch 3:  59%|█████▉    | 739/1250 [03:06<02:07,  4.00it/s]
[1Aphase1 epoch 3:  59%|█████▉    | 740/1250 [03:06<02:05,  4.06it/s]
[1Aphase1 epoch 3:  59%|█████▉    | 741/1250 [03:06<02:04,  4.10it/s]
[1Aphase1 epoch 3:  59%|█████▉    | 742/1250 [03:06<02:02,  4.14it/s]
[1Aphase1 epoch 3:  59%|█████▉    | 743/1250 [03:07<02:04,  4.08it/s]
[1Aphase1 epoch 3:  60%|█████▉    | 744/1250 [03:07<02:05,  4.03it/s]
[1Aphase1 epoch 3:  60%|█████▉    | 745/1250 [03:07<02:06,  4.01it/s]
[1Aphase1 epoch 3:  60%|█████▉    | 746/1250 [03:07<02:04,  4.06it/s]
[1Aphase1 epoch 3:  60%|█████▉    | 747/1250 [03:08<02:05,  4.02it/s]
[1Aphase1 epoch 3:  60%|█████▉    | 748/1250 [03:08<02:05,  4.00it/s]
[1Aphase1 epoch 3:  60%|█████▉    | 749/1250 [03:08<02:05,  4.00it/s]
[1Aphase1 epoch 3:  60%|██████    | 750/1250 [03:08<02:05,  3.98it/s]
[1Aphase1 epoch 3:  60%|██████    | 751/1250 [03:09<02:05,  3.97it/s]
[1Aphase1 epoch 3:  60%|██████    | 752/1250 [03:09<02:07,  3.89it/s]
[1Aphase1 epoch 3:  60%|██████    | 753/1250 [03:09<02:07,  3.91it/s]
[1Aphase1 epoch 3:  60%|██████    | 754/1250 [03:10<02:05,  3.94it/s]
[1Aphase1 epoch 3:  60%|██████    | 755/1250 [03:10<02:03,  4.02it/s]
[1Aphase1 epoch 3:  60%|██████    | 756/1250 [03:10<02:04,  3.98it/s]
[1Aphase1 epoch 3:  61%|██████    | 757/1250 [03:10<02:04,  3.96it/s]
[1Aphase1 epoch 3:  61%|██████    | 758/1250 [03:11<02:02,  4.03it/s]
[1Aphase1 epoch 3:  61%|██████    | 759/1250 [03:11<02:02,  4.02it/s]
[1Aphase1 epoch 3:  61%|██████    | 760/1250 [03:11<02:04,  3.94it/s]
[1Aphase1 epoch 3:  61%|██████    | 761/1250 [03:11<02:01,  4.02it/s]
[1Aphase1 epoch 3:  61%|██████    | 762/1250 [03:12<02:02,  4.00it/s]
[1Aphase1 epoch 3:  61%|██████    | 763/1250 [03:12<02:02,  3.99it/s]
[1Aphase1 epoch 3:  61%|██████    | 764/1250 [03:12<02:03,  3.93it/s]
[1Aphase1 epoch 3:  61%|██████    | 765/1250 [03:12<02:03,  3.94it/s]
[1Aphase1 epoch 3:  61%|██████▏   | 766/1250 [03:13<02:04,  3.87it/s]
[1Aphase1 epoch 3:  61%|██████▏   | 767/1250 [03:13<02:03,  3.90it/s]
[1Aphase1 epoch 3:  61%|██████▏   | 768/1250 [03:13<02:02,  3.94it/s]
[1Aphase1 epoch 3:  62%|██████▏   | 769/1250 [03:13<02:03,  3.89it/s]
[1Aphase1 epoch 3:  62%|██████▏   | 770/1250 [03:14<02:02,  3.91it/s]
[1Aphase1 epoch 3:  62%|██████▏   | 771/1250 [03:14<02:03,  3.87it/s]
[1Aphase1 epoch 3:  62%|██████▏   | 772/1250 [03:14<02:00,  3.97it/s]
[1Aphase1 epoch 3:  62%|██████▏   | 773/1250 [03:14<01:59,  4.00it/s]
[1Aphase1 epoch 3:  62%|██████▏   | 774/1250 [03:15<02:00,  3.94it/s]
[1Aphase1 epoch 3:  62%|██████▏   | 775/1250 [03:15<02:00,  3.94it/s]
[1Aphase1 epoch 3:  62%|██████▏   | 776/1250 [03:15<01:59,  3.95it/s]
[1Aphase1 epoch 3:  62%|██████▏   | 777/1250 [03:15<01:57,  4.03it/s]
[1Aphase1 epoch 3:  62%|██████▏   | 778/1250 [03:16<01:57,  4.03it/s]
[1Aphase1 epoch 3:  62%|██████▏   | 779/1250 [03:16<01:55,  4.09it/s]
[1Aphase1 epoch 3:  62%|██████▏   | 780/1250 [03:16<01:55,  4.06it/s]
[1Aphase1 epoch 3:  62%|██████▏   | 781/1250 [03:16<01:54,  4.08it/s]
[1Aphase1 epoch 3:  63%|██████▎   | 782/1250 [03:17<01:55,  4.04it/s]
[1Aphase1 epoch 3:  63%|██████▎   | 783/1250 [03:17<01:56,  4.02it/s]
[1Aphase1 epoch 3:  63%|██████▎   | 784/1250 [03:17<01:54,  4.06it/s]
[1Aphase1 epoch 3:  63%|██████▎   | 785/1250 [03:17<01:53,  4.09it/s]
[1Aphase1 epoch 3:  63%|██████▎   | 786/1250 [03:18<01:54,  4.06it/s]
[1Aphase1 epoch 3:  63%|██████▎   | 787/1250 [03:18<01:55,  4.02it/s]
[1Aphase1 epoch 3:  63%|██████▎   | 788/1250 [03:18<01:55,  4.00it/s]
[1Aphase1 epoch 3:  63%|██████▎   | 789/1250 [03:18<01:57,  3.93it/s]
[1Aphase1 epoch 3:  63%|██████▎   | 790/1250 [03:19<01:56,  3.94it/s]
[1Aphase1 epoch 3:  63%|██████▎   | 791/1250 [03:19<01:56,  3.94it/s]
[1Aphase1 epoch 3:  63%|██████▎   | 792/1250 [03:19<01:57,  3.90it/s]
[1Aphase1 epoch 3:  63%|██████▎   | 793/1250 [03:19<01:56,  3.93it/s]
[1Aphase1 epoch 3:  64%|██████▎   | 794/1250 [03:20<01:57,  3.90it/s]
[1Aphase1 epoch 3:  64%|██████▎   | 795/1250 [03:20<01:55,  3.92it/s]
[1Aphase1 epoch 3:  64%|██████▎   | 796/1250 [03:20<01:57,  3.88it/s]
[1Aphase1 epoch 3:  64%|██████▍   | 797/1250 [03:20<01:54,  3.96it/s]
[1Aphase1 epoch 3:  64%|██████▍   | 798/1250 [03:21<01:52,  4.02it/s]
[1Aphase1 epoch 3:  64%|██████▍   | 799/1250 [03:21<01:52,  4.01it/s]
[1Aphase1 epoch 3:  64%|██████▍   | 800/1250 [03:21<01:49,  4.10it/s]
[1Aphase1 epoch 3:  64%|██████▍   | 801/1250 [03:21<01:52,  4.00it/s]
[1Aphase1 epoch 3:  64%|██████▍   | 802/1250 [03:22<01:51,  4.01it/s]
[1Aphase1 epoch 3:  64%|██████▍   | 803/1250 [03:22<01:53,  3.93it/s]
[1Aphase1 epoch 3:  64%|██████▍   | 804/1250 [03:22<01:53,  3.93it/s]
[1Aphase1 epoch 3:  64%|██████▍   | 805/1250 [03:22<01:54,  3.88it/s]
[1Aphase1 epoch 3:  64%|██████▍   | 806/1250 [03:23<01:54,  3.86it/s]
[1Aphase1 epoch 3:  65%|██████▍   | 807/1250 [03:23<01:53,  3.92it/s]
[1Aphase1 epoch 3:  65%|██████▍   | 808/1250 [03:23<01:54,  3.86it/s]
[1Aphase1 epoch 3:  65%|██████▍   | 809/1250 [03:23<01:53,  3.89it/s]
[1Aphase1 epoch 3:  65%|██████▍   | 810/1250 [03:24<01:52,  3.90it/s]
[1Aphase1 epoch 3:  65%|██████▍   | 811/1250 [03:24<01:49,  4.01it/s]
[1Aphase1 epoch 3:  65%|██████▍   | 812/1250 [03:24<01:49,  4.00it/s]
[1Aphase1 epoch 3:  65%|██████▌   | 813/1250 [03:24<01:47,  4.06it/s]
[1Aphase1 epoch 3:  65%|██████▌   | 814/1250 [03:25<01:50,  3.96it/s]
[1Aphase1 epoch 3:  65%|██████▌   | 815/1250 [03:25<01:51,  3.90it/s]
[1Aphase1 epoch 3:  65%|██████▌   | 816/1250 [03:25<01:49,  3.98it/s]
[1Aphase1 epoch 3:  65%|██████▌   | 817/1250 [03:25<01:48,  3.99it/s]
[1Aphase1 epoch 3:  65%|██████▌   | 818/1250 [03:26<01:46,  4.05it/s]
[1Aphase1 epoch 3:  66%|██████▌   | 819/1250 [03:26<01:47,  4.02it/s]
[1Aphase1 epoch 3:  66%|██████▌   | 820/1250 [03:26<01:50,  3.89it/s]
[1Aphase1 epoch 3:  66%|██████▌   | 821/1250 [03:26<01:52,  3.80it/s]
[1Aphase1 epoch 3:  66%|██████▌   | 822/1250 [03:27<01:51,  3.85it/s]
[1Aphase1 epoch 3:  66%|██████▌   | 823/1250 [03:27<01:49,  3.89it/s]
[1Aphase1 epoch 3:  66%|██████▌   | 824/1250 [03:27<01:48,  3.92it/s]
[1Aphase1 epoch 3:  66%|██████▌   | 825/1250 [03:27<01:49,  3.88it/s]
[1Aphase1 epoch 3:  66%|██████▌   | 826/1250 [03:28<01:50,  3.85it/s]
[1Aphase1 epoch 3:  66%|██████▌   | 827/1250 [03:28<01:50,  3.84it/s]
[1Aphase1 epoch 3:  66%|██████▌   | 828/1250 [03:28<01:48,  3.88it/s]
[1Aphase1 epoch 3:  66%|██████▋   | 829/1250 [03:28<01:45,  3.98it/s]
[1Aphase1 epoch 3:  66%|██████▋   | 830/1250 [03:29<01:45,  3.98it/s]
[1Aphase1 epoch 3:  66%|██████▋   | 831/1250 [03:29<01:45,  3.98it/s]
[1Aphase1 epoch 3:  67%|██████▋   | 832/1250 [03:29<01:43,  4.04it/s]
[1Aphase1 epoch 3:  67%|██████▋   | 833/1250 [03:29<01:43,  4.01it/s]
[1Aphase1 epoch 3:  67%|██████▋   | 834/1250 [03:30<01:43,  4.01it/s]
[1Aphase1 epoch 3:  67%|██████▋   | 835/1250 [03:30<01:44,  3.98it/s]
[1Aphase1 epoch 3:  67%|██████▋   | 836/1250 [03:30<01:45,  3.91it/s]
[1Aphase1 epoch 3:  67%|██████▋   | 837/1250 [03:30<01:45,  3.93it/s]
[1Aphase1 epoch 3:  67%|██████▋   | 838/1250 [03:31<01:44,  3.96it/s]
[1Aphase1 epoch 3:  67%|██████▋   | 839/1250 [03:31<01:44,  3.94it/s]
[1Aphase1 epoch 3:  67%|██████▋   | 840/1250 [03:31<01:44,  3.94it/s]
[1Aphase1 epoch 3:  67%|██████▋   | 841/1250 [03:31<01:43,  3.94it/s]
[1Aphase1 epoch 3:  67%|██████▋   | 842/1250 [03:32<01:42,  4.00it/s]
[1Aphase1 epoch 3:  67%|██████▋   | 843/1250 [03:32<01:43,  3.92it/s]
[1Aphase1 epoch 3:  68%|██████▊   | 844/1250 [03:32<01:44,  3.88it/s]
[1Aphase1 epoch 3:  68%|██████▊   | 845/1250 [03:33<01:43,  3.90it/s]
[1Aphase1 epoch 3:  68%|██████▊   | 846/1250 [03:33<01:42,  3.93it/s]
[1Aphase1 epoch 3:  68%|██████▊   | 847/1250 [03:33<01:44,  3.86it/s]
[1Aphase1 epoch 3:  68%|██████▊   | 848/1250 [03:33<01:44,  3.85it/s]
[1Aphase1 epoch 3:  68%|██████▊   | 849/1250 [03:34<01:43,  3.89it/s]
[1Aphase1 epoch 3:  68%|██████▊   | 850/1250 [03:34<01:42,  3.89it/s]
[1Aphase1 epoch 3:  68%|██████▊   | 851/1250 [03:34<01:42,  3.90it/s]
[1Aphase1 epoch 3:  68%|██████▊   | 852/1250 [03:34<01:39,  3.99it/s]
[1Aphase1 epoch 3:  68%|██████▊   | 853/1250 [03:35<01:38,  4.05it/s]
[1Aphase1 epoch 3:  68%|██████▊   | 854/1250 [03:35<01:39,  3.97it/s]
[1Aphase1 epoch 3:  68%|██████▊   | 855/1250 [03:35<01:39,  3.97it/s]
[1Aphase1 epoch 3:  68%|██████▊   | 856/1250 [03:35<01:37,  4.03it/s]
[1Aphase1 epoch 3:  69%|██████▊   | 857/1250 [03:36<01:36,  4.08it/s]
[1Aphase1 epoch 3:  69%|██████▊   | 858/1250 [03:36<01:36,  4.05it/s]
[1Aphase1 epoch 3:  69%|██████▊   | 859/1250 [03:36<01:35,  4.09it/s]
[1Aphase1 epoch 3:  69%|██████▉   | 860/1250 [03:36<01:35,  4.07it/s]
[1Aphase1 epoch 3:  69%|██████▉   | 861/1250 [03:37<01:37,  3.97it/s]
[1Aphase1 epoch 3:  69%|██████▉   | 862/1250 [03:37<01:37,  3.96it/s]
[1Aphase1 epoch 3:  69%|██████▉   | 863/1250 [03:37<01:38,  3.95it/s]
[1Aphase1 epoch 3:  69%|██████▉   | 864/1250 [03:37<01:38,  3.90it/s]
[1Aphase1 epoch 3:  69%|██████▉   | 865/1250 [03:38<01:38,  3.91it/s]
[1Aphase1 epoch 3:  69%|██████▉   | 866/1250 [03:38<01:37,  3.92it/s]
[1Aphase1 epoch 3:  69%|██████▉   | 867/1250 [03:38<01:36,  3.95it/s]
[1Aphase1 epoch 3:  69%|██████▉   | 868/1250 [03:38<01:34,  4.03it/s]
[1Aphase1 epoch 3:  70%|██████▉   | 869/1250 [03:39<01:35,  4.00it/s]
[1Aphase1 epoch 3:  70%|██████▉   | 870/1250 [03:39<01:34,  4.03it/s]
[1Aphase1 epoch 3:  70%|██████▉   | 871/1250 [03:39<01:33,  4.03it/s]
[1Aphase1 epoch 3:  70%|██████▉   | 872/1250 [03:39<01:36,  3.90it/s]
[1Aphase1 epoch 3:  70%|██████▉   | 873/1250 [03:40<01:37,  3.87it/s]
[1Aphase1 epoch 3:  70%|██████▉   | 874/1250 [03:40<01:36,  3.89it/s]
[1Aphase1 epoch 3:  70%|███████   | 875/1250 [03:40<01:34,  3.99it/s]
[1Aphase1 epoch 3:  70%|███████   | 876/1250 [03:40<01:32,  4.04it/s]
[1Aphase1 epoch 3:  70%|███████   | 877/1250 [03:41<01:35,  3.89it/s]
[1Aphase1 epoch 3:  70%|███████   | 878/1250 [03:41<01:35,  3.91it/s]
[1Aphase1 epoch 3:  70%|███████   | 879/1250 [03:41<01:36,  3.84it/s]
[1Aphase1 epoch 3:  70%|███████   | 880/1250 [03:41<01:35,  3.89it/s]
[1Aphase1 epoch 3:  70%|███████   | 881/1250 [03:42<01:36,  3.81it/s]
[1Aphase1 epoch 3:  71%|███████   | 882/1250 [03:42<01:37,  3.78it/s]
[1Aphase1 epoch 3:  71%|███████   | 883/1250 [03:42<01:37,  3.78it/s]
[1Aphase1 epoch 3:  71%|███████   | 884/1250 [03:42<01:35,  3.84it/s]
[1Aphase1 epoch 3:  71%|███████   | 885/1250 [03:43<01:34,  3.86it/s]
[1Aphase1 epoch 3:  71%|███████   | 886/1250 [03:43<01:33,  3.89it/s]
[1Aphase1 epoch 3:  71%|███████   | 887/1250 [03:43<01:32,  3.93it/s]
[1Aphase1 epoch 3:  71%|███████   | 888/1250 [03:43<01:31,  3.96it/s]
[1Aphase1 epoch 3:  71%|███████   | 889/1250 [03:44<01:30,  3.98it/s]
[1Aphase1 epoch 3:  71%|███████   | 890/1250 [03:44<01:29,  4.03it/s]
[1Aphase1 epoch 3:  71%|███████▏  | 891/1250 [03:44<01:30,  3.95it/s]
[1Aphase1 epoch 3:  71%|███████▏  | 892/1250 [03:44<01:30,  3.94it/s]
[1Aphase1 epoch 3:  71%|███████▏  | 893/1250 [03:45<01:30,  3.94it/s]
[1Aphase1 epoch 3:  72%|███████▏  | 894/1250 [03:45<01:30,  3.95it/s]
[1Aphase1 epoch 3:  72%|███████▏  | 895/1250 [03:45<01:29,  3.95it/s]
[1Aphase1 epoch 3:  72%|███████▏  | 896/1250 [03:45<01:29,  3.95it/s]
[1Aphase1 epoch 3:  72%|███████▏  | 897/1250 [03:46<01:30,  3.89it/s]
[1Aphase1 epoch 3:  72%|███████▏  | 898/1250 [03:46<01:29,  3.91it/s]
[1Aphase1 epoch 3:  72%|███████▏  | 899/1250 [03:46<01:28,  3.98it/s]
[1Aphase1 epoch 3:  72%|███████▏  | 900/1250 [03:46<01:29,  3.93it/s]
[1Aphase1 epoch 3:  72%|███████▏  | 901/1250 [03:47<01:28,  3.94it/s]
[1Aphase1 epoch 3:  72%|███████▏  | 902/1250 [03:47<01:28,  3.94it/s]
[1Aphase1 epoch 3:  72%|███████▏  | 903/1250 [03:47<01:27,  3.94it/s]
[1Aphase1 epoch 3:  72%|███████▏  | 904/1250 [03:47<01:27,  3.96it/s]
[1Aphase1 epoch 3:  72%|███████▏  | 905/1250 [03:48<01:28,  3.90it/s]
[1Aphase1 epoch 3:  72%|███████▏  | 906/1250 [03:48<01:26,  3.98it/s]
[1Aphase1 epoch 3:  73%|███████▎  | 907/1250 [03:48<01:26,  3.96it/s]
[1Aphase1 epoch 3:  73%|███████▎  | 908/1250 [03:49<01:28,  3.86it/s]
[1Aphase1 epoch 3:  73%|███████▎  | 909/1250 [03:49<01:29,  3.82it/s]
[1Aphase1 epoch 3:  73%|███████▎  | 910/1250 [03:49<01:26,  3.92it/s]
[1Aphase1 epoch 3:  73%|███████▎  | 911/1250 [03:49<01:25,  3.94it/s]
[1Aphase1 epoch 3:  73%|███████▎  | 912/1250 [03:50<01:25,  3.95it/s]
[1Aphase1 epoch 3:  73%|███████▎  | 913/1250 [03:50<01:26,  3.89it/s]
[1Aphase1 epoch 3:  73%|███████▎  | 914/1250 [03:50<01:24,  3.96it/s]
[1Aphase1 epoch 3:  73%|███████▎  | 915/1250 [03:50<01:22,  4.04it/s]
[1Aphase1 epoch 3:  73%|███████▎  | 916/1250 [03:51<01:23,  4.01it/s]
[1Aphase1 epoch 3:  73%|███████▎  | 917/1250 [03:51<01:23,  3.99it/s]
[1Aphase1 epoch 3:  73%|███████▎  | 918/1250 [03:51<01:23,  3.97it/s]
[1Aphase1 epoch 3:  74%|███████▎  | 919/1250 [03:51<01:22,  3.99it/s]
[1Aphase1 epoch 3:  74%|███████▎  | 920/1250 [03:52<01:22,  3.99it/s]
[1Aphase1 epoch 3:  74%|███████▎  | 921/1250 [03:52<01:21,  4.05it/s]
[1Aphase1 epoch 3:  74%|███████▍  | 922/1250 [03:52<01:21,  4.02it/s]
[1Aphase1 epoch 3:  74%|███████▍  | 923/1250 [03:52<01:21,  4.01it/s]
[1Aphase1 epoch 3:  74%|███████▍  | 924/1250 [03:53<01:21,  4.00it/s]
[1Aphase1 epoch 3:  74%|███████▍  | 925/1250 [03:53<01:20,  4.03it/s]
[1Aphase1 epoch 3:  74%|███████▍  | 926/1250 [03:53<01:20,  4.02it/s]
[1Aphase1 epoch 3:  74%|███████▍  | 927/1250 [03:53<01:21,  3.94it/s]
[1Aphase1 epoch 3:  74%|███████▍  | 928/1250 [03:54<01:21,  3.94it/s]
[1Aphase1 epoch 3:  74%|███████▍  | 929/1250 [03:54<01:21,  3.95it/s]
[1Aphase1 epoch 3:  74%|███████▍  | 930/1250 [03:54<01:19,  4.01it/s]
[1Aphase1 epoch 3:  74%|███████▍  | 931/1250 [03:54<01:18,  4.05it/s]
[1Aphase1 epoch 3:  75%|███████▍  | 932/1250 [03:55<01:18,  4.04it/s]
[1Aphase1 epoch 3:  75%|███████▍  | 933/1250 [03:55<01:20,  3.94it/s]
[1Aphase1 epoch 3:  75%|███████▍  | 934/1250 [03:55<01:19,  3.99it/s]
[1Aphase1 epoch 3:  75%|███████▍  | 935/1250 [03:55<01:19,  3.99it/s]
[1Aphase1 epoch 3:  75%|███████▍  | 936/1250 [03:56<01:18,  3.99it/s]
[1Aphase1 epoch 3:  75%|███████▍  | 937/1250 [03:56<01:17,  4.06it/s]
[1Aphase1 epoch 3:  75%|███████▌  | 938/1250 [03:56<01:17,  4.02it/s]
[1Aphase1 epoch 3:  75%|███████▌  | 939/1250 [03:56<01:16,  4.04it/s]
[1Aphase1 epoch 3:  75%|███████▌  | 940/1250 [03:57<01:17,  4.02it/s]
[1Aphase1 epoch 3:  75%|███████▌  | 941/1250 [03:57<01:17,  4.00it/s]
[1Aphase1 epoch 3:  75%|███████▌  | 942/1250 [03:57<01:17,  3.99it/s]
[1Aphase1 epoch 3:  75%|███████▌  | 943/1250 [03:57<01:17,  3.97it/s]
[1Aphase1 epoch 3:  76%|███████▌  | 944/1250 [03:58<01:17,  3.97it/s]
[1Aphase1 epoch 3:  76%|███████▌  | 945/1250 [03:58<01:17,  3.91it/s]
[1Aphase1 epoch 3:  76%|███████▌  | 946/1250 [03:58<01:17,  3.93it/s]
[1Aphase1 epoch 3:  76%|███████▌  | 947/1250 [03:58<01:15,  4.00it/s]
[1Aphase1 epoch 3:  76%|███████▌  | 948/1250 [03:59<01:15,  3.99it/s]
[1Aphase1 epoch 3:  76%|███████▌  | 949/1250 [03:59<01:15,  3.97it/s]
[1Aphase1 epoch 3:  76%|███████▌  | 950/1250 [03:59<01:15,  3.98it/s]
[1Aphase1 epoch 3:  76%|███████▌  | 951/1250 [03:59<01:15,  3.96it/s]
[1Aphase1 epoch 3:  76%|███████▌  | 952/1250 [04:00<01:13,  4.03it/s]
[1Aphase1 epoch 3:  76%|███████▌  | 953/1250 [04:00<01:14,  4.00it/s]
[1Aphase1 epoch 3:  76%|███████▋  | 954/1250 [04:00<01:14,  3.99it/s]
[1Aphase1 epoch 3:  76%|███████▋  | 955/1250 [04:00<01:12,  4.05it/s]
[1Aphase1 epoch 3:  76%|███████▋  | 956/1250 [04:01<01:13,  3.98it/s]
[1Aphase1 epoch 3:  77%|███████▋  | 957/1250 [04:01<01:13,  4.01it/s]
[1Aphase1 epoch 3:  77%|███████▋  | 958/1250 [04:01<01:12,  4.01it/s]
[1Aphase1 epoch 3:  77%|███████▋  | 959/1250 [04:01<01:12,  4.00it/s]
[1Aphase1 epoch 3:  77%|███████▋  | 960/1250 [04:02<01:12,  3.99it/s]
[1Aphase1 epoch 3:  77%|███████▋  | 961/1250 [04:02<01:13,  3.95it/s]
[1Aphase1 epoch 3:  77%|███████▋  | 962/1250 [04:02<01:12,  3.97it/s]
[1Aphase1 epoch 3:  77%|███████▋  | 963/1250 [04:02<01:12,  3.96it/s]
[1Aphase1 epoch 3:  77%|███████▋  | 964/1250 [04:03<01:13,  3.89it/s]
[1Aphase1 epoch 3:  77%|███████▋  | 965/1250 [04:03<01:13,  3.87it/s]
[1Aphase1 epoch 3:  77%|███████▋  | 966/1250 [04:03<01:11,  3.95it/s]
[1Aphase1 epoch 3:  77%|███████▋  | 967/1250 [04:03<01:10,  4.03it/s]
[1Aphase1 epoch 3:  77%|███████▋  | 968/1250 [04:04<01:10,  4.00it/s]
[1Aphase1 epoch 3:  78%|███████▊  | 969/1250 [04:04<01:11,  3.93it/s]
[1Aphase1 epoch 3:  78%|███████▊  | 970/1250 [04:04<01:10,  3.95it/s]
[1Aphase1 epoch 3:  78%|███████▊  | 971/1250 [04:04<01:09,  4.01it/s]
[1Aphase1 epoch 3:  78%|███████▊  | 972/1250 [04:05<01:09,  4.00it/s]
[1Aphase1 epoch 3:  78%|███████▊  | 973/1250 [04:05<01:09,  4.00it/s]
[1Aphase1 epoch 3:  78%|███████▊  | 974/1250 [04:05<01:08,  4.04it/s]
[1Aphase1 epoch 3:  78%|███████▊  | 975/1250 [04:05<01:08,  4.01it/s]
[1Aphase1 epoch 3:  78%|███████▊  | 976/1250 [04:06<01:07,  4.07it/s]
[1Aphase1 epoch 3:  78%|███████▊  | 977/1250 [04:06<01:08,  3.98it/s]
[1Aphase1 epoch 3:  78%|███████▊  | 978/1250 [04:06<01:07,  4.03it/s]
[1Aphase1 epoch 3:  78%|███████▊  | 979/1250 [04:06<01:07,  4.01it/s]
[1Aphase1 epoch 3:  78%|███████▊  | 980/1250 [04:07<01:07,  3.99it/s]
[1Aphase1 epoch 3:  78%|███████▊  | 981/1250 [04:07<01:07,  3.98it/s]
[1Aphase1 epoch 3:  79%|███████▊  | 982/1250 [04:07<01:06,  4.03it/s]
[1Aphase1 epoch 3:  79%|███████▊  | 983/1250 [04:07<01:06,  4.02it/s]
[1Aphase1 epoch 3:  79%|███████▊  | 984/1250 [04:08<01:06,  4.00it/s]
[1Aphase1 epoch 3:  79%|███████▉  | 985/1250 [04:08<01:05,  4.06it/s]
[1Aphase1 epoch 3:  79%|███████▉  | 986/1250 [04:08<01:05,  4.05it/s]
[1Aphase1 epoch 3:  79%|███████▉  | 987/1250 [04:08<01:05,  4.01it/s]
[1Aphase1 epoch 3:  79%|███████▉  | 988/1250 [04:09<01:05,  4.00it/s]
[1Aphase1 epoch 3:  79%|███████▉  | 989/1250 [04:09<01:04,  4.06it/s]
[1Aphase1 epoch 3:  79%|███████▉  | 990/1250 [04:09<01:05,  3.97it/s]
[1Aphase1 epoch 3:  79%|███████▉  | 991/1250 [04:09<01:06,  3.92it/s]
[1Aphase1 epoch 3:  79%|███████▉  | 992/1250 [04:10<01:05,  3.94it/s]
[1Aphase1 epoch 3:  79%|███████▉  | 993/1250 [04:10<01:05,  3.94it/s]
[1Aphase1 epoch 3:  80%|███████▉  | 994/1250 [04:10<01:05,  3.94it/s]
[1Aphase1 epoch 3:  80%|███████▉  | 995/1250 [04:10<01:03,  4.01it/s]
[1Aphase1 epoch 3:  80%|███████▉  | 996/1250 [04:11<01:04,  3.92it/s]
[1Aphase1 epoch 3:  80%|███████▉  | 997/1250 [04:11<01:04,  3.92it/s]
[1Aphase1 epoch 3:  80%|███████▉  | 998/1250 [04:11<01:04,  3.92it/s]
[1Aphase1 epoch 3:  80%|███████▉  | 999/1250 [04:11<01:03,  3.93it/s]
[1Aphase1 epoch 3:  80%|████████  | 1000/1250 [04:12<01:03,  3.94it/s]
[1Aphase1 epoch 3:  80%|████████  | 1001/1250 [04:12<01:03,  3.94it/s]
[1Aphase1 epoch 3:  80%|████████  | 1002/1250 [04:12<01:02,  3.94it/s]
[1Aphase1 epoch 3:  80%|████████  | 1003/1250 [04:12<01:02,  3.94it/s]
[1Aphase1 epoch 3:  80%|████████  | 1004/1250 [04:13<01:02,  3.94it/s]
[1Aphase1 epoch 3:  80%|████████  | 1005/1250 [04:13<01:01,  4.01it/s]
[1Aphase1 epoch 3:  80%|████████  | 1006/1250 [04:13<01:02,  3.93it/s]
[1Aphase1 epoch 3:  81%|████████  | 1007/1250 [04:13<01:01,  3.92it/s]
[1Aphase1 epoch 3:  81%|████████  | 1008/1250 [04:14<01:01,  3.93it/s]
[1Aphase1 epoch 3:  81%|████████  | 1009/1250 [04:14<01:01,  3.95it/s]
[1Aphase1 epoch 3:  81%|████████  | 1010/1250 [04:14<01:01,  3.89it/s]
[1Aphase1 epoch 3:  81%|████████  | 1011/1250 [04:14<01:00,  3.98it/s]
[1Aphase1 epoch 3:  81%|████████  | 1012/1250 [04:15<00:59,  3.98it/s]
[1Aphase1 epoch 3:  81%|████████  | 1013/1250 [04:15<00:59,  3.96it/s]
[1Aphase1 epoch 3:  81%|████████  | 1014/1250 [04:15<00:59,  3.97it/s]
[1Aphase1 epoch 3:  81%|████████  | 1015/1250 [04:15<00:59,  3.96it/s]
[1Aphase1 epoch 3:  81%|████████▏ | 1016/1250 [04:16<00:59,  3.95it/s]
[1Aphase1 epoch 3:  81%|████████▏ | 1017/1250 [04:16<00:59,  3.95it/s]
[1Aphase1 epoch 3:  81%|████████▏ | 1018/1250 [04:16<00:58,  3.95it/s]
[1Aphase1 epoch 3:  82%|████████▏ | 1019/1250 [04:16<00:58,  3.94it/s]
[1Aphase1 epoch 3:  82%|████████▏ | 1020/1250 [04:17<00:58,  3.95it/s]
[1Aphase1 epoch 3:  82%|████████▏ | 1021/1250 [04:17<00:58,  3.90it/s]
[1Aphase1 epoch 3:  82%|████████▏ | 1022/1250 [04:17<00:58,  3.92it/s]
[1Aphase1 epoch 3:  82%|████████▏ | 1023/1250 [04:17<00:58,  3.88it/s]
[1Aphase1 epoch 3:  82%|████████▏ | 1024/1250 [04:18<00:58,  3.89it/s]
[1Aphase1 epoch 3:  82%|████████▏ | 1025/1250 [04:18<00:57,  3.92it/s]
[1Aphase1 epoch 3:  82%|████████▏ | 1026/1250 [04:18<00:56,  3.94it/s]
[1Aphase1 epoch 3:  82%|████████▏ | 1027/1250 [04:18<00:56,  3.97it/s]
[1Aphase1 epoch 3:  82%|████████▏ | 1028/1250 [04:19<00:55,  3.97it/s]
[1Aphase1 epoch 3:  82%|████████▏ | 1029/1250 [04:19<00:55,  3.98it/s]
[1Aphase1 epoch 3:  82%|████████▏ | 1030/1250 [04:19<00:55,  3.99it/s]
[1Aphase1 epoch 3:  82%|████████▏ | 1031/1250 [04:19<00:55,  3.92it/s]
[1Aphase1 epoch 3:  83%|████████▎ | 1032/1250 [04:20<00:54,  3.99it/s]
[1Aphase1 epoch 3:  83%|████████▎ | 1033/1250 [04:20<00:54,  3.99it/s]
[1Aphase1 epoch 3:  83%|████████▎ | 1034/1250 [04:20<00:54,  3.98it/s]
[1Aphase1 epoch 3:  83%|████████▎ | 1035/1250 [04:20<00:54,  3.97it/s]
[1Aphase1 epoch 3:  83%|████████▎ | 1036/1250 [04:21<00:52,  4.04it/s]
[1Aphase1 epoch 3:  83%|████████▎ | 1037/1250 [04:21<00:53,  3.97it/s]
[1Aphase1 epoch 3:  83%|████████▎ | 1038/1250 [04:21<00:53,  3.97it/s]
[1Aphase1 epoch 3:  83%|████████▎ | 1039/1250 [04:21<00:52,  4.03it/s]
[1Aphase1 epoch 3:  83%|████████▎ | 1040/1250 [04:22<00:52,  4.00it/s]
[1Aphase1 epoch 3:  83%|████████▎ | 1041/1250 [04:22<00:53,  3.93it/s]
[1Aphase1 epoch 3:  83%|████████▎ | 1042/1250 [04:22<00:54,  3.84it/s]
[1Aphase1 epoch 3:  83%|████████▎ | 1043/1250 [04:23<00:54,  3.77it/s]
[1Aphase1 epoch 3:  84%|████████▎ | 1044/1250 [04:23<00:54,  3.77it/s]
[1Aphase1 epoch 3:  84%|████████▎ | 1045/1250 [04:23<00:53,  3.82it/s]
[1Aphase1 epoch 3:  84%|████████▎ | 1046/1250 [04:23<00:52,  3.85it/s]
[1Aphase1 epoch 3:  84%|████████▍ | 1047/1250 [04:24<00:51,  3.94it/s]
[1Aphase1 epoch 3:  84%|████████▍ | 1048/1250 [04:24<00:51,  3.89it/s]
[1Aphase1 epoch 3:  84%|████████▍ | 1049/1250 [04:24<00:51,  3.91it/s]
[1Aphase1 epoch 3:  84%|████████▍ | 1050/1250 [04:24<00:51,  3.91it/s]
[1Aphase1 epoch 3:  84%|████████▍ | 1051/1250 [04:25<00:49,  3.99it/s]
[1Aphase1 epoch 3:  84%|████████▍ | 1052/1250 [04:25<00:50,  3.92it/s]
[1Aphase1 epoch 3:  84%|████████▍ | 1053/1250 [04:25<00:49,  4.00it/s]
[1Aphase1 epoch 3:  84%|████████▍ | 1054/1250 [04:25<00:49,  3.98it/s]
[1Aphase1 epoch 3:  84%|████████▍ | 1055/1250 [04:26<00:50,  3.86it/s]
[1Aphase1 epoch 3:  84%|████████▍ | 1056/1250 [04:26<00:50,  3.88it/s]
[1Aphase1 epoch 3:  85%|████████▍ | 1057/1250 [04:26<00:49,  3.90it/s]
[1Aphase1 epoch 3:  85%|████████▍ | 1058/1250 [04:26<00:49,  3.85it/s]
[1Aphase1 epoch 3:  85%|████████▍ | 1059/1250 [04:27<00:49,  3.88it/s]
[1Aphase1 epoch 3:  85%|████████▍ | 1060/1250 [04:27<00:48,  3.95it/s]
[1Aphase1 epoch 3:  85%|████████▍ | 1061/1250 [04:27<00:47,  3.97it/s]
[1Aphase1 epoch 3:  85%|████████▍ | 1062/1250 [04:27<00:48,  3.85it/s]
[1Aphase1 epoch 3:  85%|████████▌ | 1063/1250 [04:28<00:48,  3.84it/s]
[1Aphase1 epoch 3:  85%|████████▌ | 1064/1250 [04:28<00:48,  3.87it/s]
[1Aphase1 epoch 3:  85%|████████▌ | 1065/1250 [04:28<00:48,  3.79it/s]
[1Aphase1 epoch 3:  85%|████████▌ | 1066/1250 [04:28<00:48,  3.77it/s]
[1Aphase1 epoch 3:  85%|████████▌ | 1067/1250 [04:29<00:47,  3.89it/s]
[1Aphase1 epoch 3:  85%|████████▌ | 1068/1250 [04:29<00:45,  3.96it/s]
[1Aphase1 epoch 3:  86%|████████▌ | 1069/1250 [04:29<00:45,  3.96it/s]
[1Aphase1 epoch 3:  86%|████████▌ | 1070/1250 [04:29<00:44,  4.01it/s]
[1Aphase1 epoch 3:  86%|████████▌ | 1071/1250 [04:30<00:45,  3.94it/s]
[1Aphase1 epoch 3:  86%|████████▌ | 1072/1250 [04:30<00:45,  3.94it/s]
[1Aphase1 epoch 3:  86%|████████▌ | 1073/1250 [04:30<00:44,  3.99it/s]
[1Aphase1 epoch 3:  86%|████████▌ | 1074/1250 [04:30<00:44,  3.97it/s]
[1Aphase1 epoch 3:  86%|████████▌ | 1075/1250 [04:31<00:43,  4.02it/s]
[1Aphase1 epoch 3:  86%|████████▌ | 1076/1250 [04:31<00:43,  4.00it/s]
[1Aphase1 epoch 3:  86%|████████▌ | 1077/1250 [04:31<00:44,  3.93it/s]
[1Aphase1 epoch 3:  86%|████████▌ | 1078/1250 [04:31<00:43,  3.93it/s]
[1Aphase1 epoch 3:  86%|████████▋ | 1079/1250 [04:32<00:42,  4.00it/s]
[1Aphase1 epoch 3:  86%|████████▋ | 1080/1250 [04:32<00:42,  3.97it/s]
[1Aphase1 epoch 3:  86%|████████▋ | 1081/1250 [04:32<00:42,  3.97it/s]
[1Aphase1 epoch 3:  87%|████████▋ | 1082/1250 [04:32<00:41,  4.02it/s]
[1Aphase1 epoch 3:  87%|████████▋ | 1083/1250 [04:33<00:42,  3.94it/s]
[1Aphase1 epoch 3:  87%|████████▋ | 1084/1250 [04:33<00:42,  3.94it/s]
[1Aphase1 epoch 3:  87%|████████▋ | 1085/1250 [04:33<00:41,  3.99it/s]
[1Aphase1 epoch 3:  87%|████████▋ | 1086/1250 [04:33<00:40,  4.04it/s]
[1Aphase1 epoch 3:  87%|████████▋ | 1087/1250 [04:34<00:41,  3.95it/s]
[1Aphase1 epoch 3:  87%|████████▋ | 1088/1250 [04:34<00:40,  3.97it/s]
[1Aphase1 epoch 3:  87%|████████▋ | 1089/1250 [04:34<00:40,  4.01it/s]
[1Aphase1 epoch 3:  87%|████████▋ | 1090/1250 [04:34<00:39,  4.01it/s]
[1Aphase1 epoch 3:  87%|████████▋ | 1091/1250 [04:35<00:39,  4.00it/s]
[1Aphase1 epoch 3:  87%|████████▋ | 1092/1250 [04:35<00:39,  3.99it/s]
[1Aphase1 epoch 3:  87%|████████▋ | 1093/1250 [04:35<00:39,  3.98it/s]
[1Aphase1 epoch 3:  88%|████████▊ | 1094/1250 [04:35<00:39,  3.91it/s]
[1Aphase1 epoch 3:  88%|████████▊ | 1095/1250 [04:36<00:39,  3.93it/s]
[1Aphase1 epoch 3:  88%|████████▊ | 1096/1250 [04:36<00:39,  3.94it/s]
[1Aphase1 epoch 3:  88%|████████▊ | 1097/1250 [04:36<00:38,  3.96it/s]
[1Aphase1 epoch 3:  88%|████████▊ | 1098/1250 [04:36<00:39,  3.88it/s]
[1Aphase1 epoch 3:  88%|████████▊ | 1099/1250 [04:37<00:38,  3.90it/s]
[1Aphase1 epoch 3:  88%|████████▊ | 1100/1250 [04:37<00:38,  3.91it/s]
[1Aphase1 epoch 3:  88%|████████▊ | 1101/1250 [04:37<00:37,  3.94it/s]
[1Aphase1 epoch 3:  88%|████████▊ | 1102/1250 [04:38<00:38,  3.88it/s]
[1Aphase1 epoch 3:  88%|████████▊ | 1103/1250 [04:38<00:37,  3.89it/s]
[1Aphase1 epoch 3:  88%|████████▊ | 1104/1250 [04:38<00:37,  3.92it/s]
[1Aphase1 epoch 3:  88%|████████▊ | 1105/1250 [04:38<00:36,  3.92it/s]
[1Aphase1 epoch 3:  88%|████████▊ | 1106/1250 [04:39<00:36,  3.89it/s]
[1Aphase1 epoch 3:  89%|████████▊ | 1107/1250 [04:39<00:36,  3.93it/s]
[1Aphase1 epoch 3:  89%|████████▊ | 1108/1250 [04:39<00:36,  3.93it/s]
[1Aphase1 epoch 3:  89%|████████▊ | 1109/1250 [04:39<00:35,  4.00it/s]
[1Aphase1 epoch 3:  89%|████████▉ | 1110/1250 [04:40<00:35,  3.94it/s]
[1Aphase1 epoch 3:  89%|████████▉ | 1111/1250 [04:40<00:35,  3.94it/s]
[1Aphase1 epoch 3:  89%|████████▉ | 1112/1250 [04:40<00:34,  4.02it/s]
[1Aphase1 epoch 3:  89%|████████▉ | 1113/1250 [04:40<00:33,  4.07it/s]
[1Aphase1 epoch 3:  89%|████████▉ | 1114/1250 [04:41<00:33,  4.05it/s]
[1Aphase1 epoch 3:  89%|████████▉ | 1115/1250 [04:41<00:33,  4.04it/s]
[1Aphase1 epoch 3:  89%|████████▉ | 1116/1250 [04:41<00:33,  3.97it/s]
[1Aphase1 epoch 3:  89%|████████▉ | 1117/1250 [04:41<00:33,  4.03it/s]
[1Aphase1 epoch 3:  89%|████████▉ | 1118/1250 [04:42<00:32,  4.01it/s]
[1Aphase1 epoch 3:  90%|████████▉ | 1119/1250 [04:42<00:32,  3.98it/s]
[1Aphase1 epoch 3:  90%|████████▉ | 1120/1250 [04:42<00:32,  4.04it/s]
[1Aphase1 epoch 3:  90%|████████▉ | 1121/1250 [04:42<00:32,  4.01it/s]
[1Aphase1 epoch 3:  90%|████████▉ | 1122/1250 [04:43<00:31,  4.00it/s]
[1Aphase1 epoch 3:  90%|████████▉ | 1123/1250 [04:43<00:31,  4.05it/s]
[1Aphase1 epoch 3:  90%|████████▉ | 1124/1250 [04:43<00:31,  4.02it/s]
[1Aphase1 epoch 3:  90%|█████████ | 1125/1250 [04:43<00:31,  4.01it/s]
[1Aphase1 epoch 3:  90%|█████████ | 1126/1250 [04:44<00:30,  4.01it/s]
[1Aphase1 epoch 3:  90%|█████████ | 1127/1250 [04:44<00:30,  3.99it/s]
[1Aphase1 epoch 3:  90%|█████████ | 1128/1250 [04:44<00:30,  4.04it/s]
[1Aphase1 epoch 3:  90%|█████████ | 1129/1250 [04:44<00:30,  4.02it/s]
[1Aphase1 epoch 3:  90%|█████████ | 1130/1250 [04:45<00:29,  4.06it/s]
[1Aphase1 epoch 3:  90%|█████████ | 1131/1250 [04:45<00:30,  3.92it/s]
[1Aphase1 epoch 3:  91%|█████████ | 1132/1250 [04:45<00:29,  4.00it/s]
[1Aphase1 epoch 3:  91%|█████████ | 1133/1250 [04:45<00:29,  3.98it/s]
[1Aphase1 epoch 3:  91%|█████████ | 1134/1250 [04:46<00:29,  3.96it/s]
[1Aphase1 epoch 3:  91%|█████████ | 1135/1250 [04:46<00:28,  3.98it/s]
[1Aphase1 epoch 3:  91%|█████████ | 1136/1250 [04:46<00:28,  3.97it/s]
[1Aphase1 epoch 3:  91%|█████████ | 1137/1250 [04:46<00:28,  4.02it/s]
[1Aphase1 epoch 3:  91%|█████████ | 1138/1250 [04:47<00:27,  4.06it/s]
[1Aphase1 epoch 3:  91%|█████████ | 1139/1250 [04:47<00:27,  3.98it/s]
[1Aphase1 epoch 3:  91%|█████████ | 1140/1250 [04:47<00:28,  3.92it/s]
[1Aphase1 epoch 3:  91%|█████████▏| 1141/1250 [04:47<00:28,  3.88it/s]
[1Aphase1 epoch 3:  91%|█████████▏| 1142/1250 [04:48<00:28,  3.84it/s]
[1Aphase1 epoch 3:  91%|█████████▏| 1143/1250 [04:48<00:27,  3.83it/s]
[1Aphase1 epoch 3:  92%|█████████▏| 1144/1250 [04:48<00:27,  3.87it/s]
[1Aphase1 epoch 3:  92%|█████████▏| 1145/1250 [04:48<00:27,  3.89it/s]
[1Aphase1 epoch 3:  92%|█████████▏| 1146/1250 [04:49<00:26,  3.98it/s]
[1Aphase1 epoch 3:  92%|█████████▏| 1147/1250 [04:49<00:25,  3.99it/s]
[1Aphase1 epoch 3:  92%|█████████▏| 1148/1250 [04:49<00:25,  3.94it/s]
[1Aphase1 epoch 3:  92%|█████████▏| 1149/1250 [04:49<00:25,  3.94it/s]
[1Aphase1 epoch 3:  92%|█████████▏| 1150/1250 [04:50<00:25,  3.93it/s]
[1Aphase1 epoch 3:  92%|█████████▏| 1151/1250 [04:50<00:24,  4.02it/s]
[1Aphase1 epoch 3:  92%|█████████▏| 1152/1250 [04:50<00:24,  4.00it/s]
[1Aphase1 epoch 3:  92%|█████████▏| 1153/1250 [04:50<00:24,  4.00it/s]
[1Aphase1 epoch 3:  92%|█████████▏| 1154/1250 [04:51<00:23,  4.04it/s]
[1Aphase1 epoch 3:  92%|█████████▏| 1155/1250 [04:51<00:24,  3.96it/s]
[1Aphase1 epoch 3:  92%|█████████▏| 1156/1250 [04:51<00:23,  3.96it/s]
[1Aphase1 epoch 3:  93%|█████████▎| 1157/1250 [04:51<00:23,  4.03it/s]
[1Aphase1 epoch 3:  93%|█████████▎| 1158/1250 [04:52<00:23,  3.89it/s]
[1Aphase1 epoch 3:  93%|█████████▎| 1159/1250 [04:52<00:22,  3.96it/s]
[1Aphase1 epoch 3:  93%|█████████▎| 1160/1250 [04:52<00:22,  3.97it/s]
[1Aphase1 epoch 3:  93%|█████████▎| 1161/1250 [04:52<00:22,  3.96it/s]
[1Aphase1 epoch 3:  93%|█████████▎| 1162/1250 [04:53<00:22,  3.96it/s]
[1Aphase1 epoch 3:  93%|█████████▎| 1163/1250 [04:53<00:22,  3.89it/s]
[1Aphase1 epoch 3:  93%|█████████▎| 1164/1250 [04:53<00:21,  3.92it/s]
[1Aphase1 epoch 3:  93%|█████████▎| 1165/1250 [04:53<00:22,  3.85it/s]
[1Aphase1 epoch 3:  93%|█████████▎| 1166/1250 [04:54<00:21,  3.89it/s]
[1Aphase1 epoch 3:  93%|█████████▎| 1167/1250 [04:54<00:21,  3.85it/s]
[1Aphase1 epoch 3:  93%|█████████▎| 1168/1250 [04:54<00:21,  3.88it/s]
[1Aphase1 epoch 3:  94%|█████████▎| 1169/1250 [04:54<00:21,  3.84it/s]
[1Aphase1 epoch 3:  94%|█████████▎| 1170/1250 [04:55<00:20,  3.88it/s]
[1Aphase1 epoch 3:  94%|█████████▎| 1171/1250 [04:55<00:20,  3.90it/s]
[1Aphase1 epoch 3:  94%|█████████▍| 1172/1250 [04:55<00:19,  3.93it/s]
[1Aphase1 epoch 3:  94%|█████████▍| 1173/1250 [04:55<00:19,  3.95it/s]
[1Aphase1 epoch 3:  94%|█████████▍| 1174/1250 [04:56<00:18,  4.02it/s]
[1Aphase1 epoch 3:  94%|█████████▍| 1175/1250 [04:56<00:18,  4.00it/s]
[1Aphase1 epoch 3:  94%|█████████▍| 1176/1250 [04:56<00:18,  4.05it/s]
[1Aphase1 epoch 3:  94%|█████████▍| 1177/1250 [04:56<00:18,  3.95it/s]
[1Aphase1 epoch 3:  94%|█████████▍| 1178/1250 [04:57<00:17,  4.01it/s]
[1Aphase1 epoch 3:  94%|█████████▍| 1179/1250 [04:57<00:17,  4.01it/s]
[1Aphase1 epoch 3:  94%|█████████▍| 1180/1250 [04:57<00:17,  3.99it/s]
[1Aphase1 epoch 3:  94%|█████████▍| 1181/1250 [04:57<00:17,  4.05it/s]
[1Aphase1 epoch 3:  95%|█████████▍| 1182/1250 [04:58<00:16,  4.04it/s]
[1Aphase1 epoch 3:  95%|█████████▍| 1183/1250 [04:58<00:16,  4.07it/s]
[1Aphase1 epoch 3:  95%|█████████▍| 1184/1250 [04:58<00:16,  4.04it/s]
[1Aphase1 epoch 3:  95%|█████████▍| 1185/1250 [04:58<00:15,  4.09it/s]
[1Aphase1 epoch 3:  95%|█████████▍| 1186/1250 [04:59<00:15,  4.06it/s]
[1Aphase1 epoch 3:  95%|█████████▍| 1187/1250 [04:59<00:15,  4.10it/s]
[1Aphase1 epoch 3:  95%|█████████▌| 1188/1250 [04:59<00:15,  4.06it/s]
[1Aphase1 epoch 3:  95%|█████████▌| 1189/1250 [04:59<00:15,  4.03it/s]
[1Aphase1 epoch 3:  95%|█████████▌| 1190/1250 [05:00<00:14,  4.01it/s]
[1Aphase1 epoch 3:  95%|█████████▌| 1191/1250 [05:00<00:14,  3.94it/s]
[1Aphase1 epoch 3:  95%|█████████▌| 1192/1250 [05:00<00:14,  4.00it/s]
[1Aphase1 epoch 3:  95%|█████████▌| 1193/1250 [05:00<00:14,  4.00it/s]
[1Aphase1 epoch 3:  96%|█████████▌| 1194/1250 [05:01<00:14,  3.88it/s]
[1Aphase1 epoch 3:  96%|█████████▌| 1195/1250 [05:01<00:14,  3.91it/s]
[1Aphase1 epoch 3:  96%|█████████▌| 1196/1250 [05:01<00:13,  3.97it/s]
[1Aphase1 epoch 3:  96%|█████████▌| 1197/1250 [05:01<00:13,  3.90it/s]
[1Aphase1 epoch 3:  96%|█████████▌| 1198/1250 [05:02<00:13,  3.85it/s]
[1Aphase1 epoch 3:  96%|█████████▌| 1199/1250 [05:02<00:13,  3.87it/s]
[1Aphase1 epoch 3:  96%|█████████▌| 1200/1250 [05:02<00:13,  3.84it/s]
[1Aphase1 epoch 3:  96%|█████████▌| 1201/1250 [05:02<00:12,  3.88it/s]
[1Aphase1 epoch 3:  96%|█████████▌| 1202/1250 [05:03<00:12,  3.92it/s]
[1Aphase1 epoch 3:  96%|█████████▌| 1203/1250 [05:03<00:11,  3.93it/s]
[1Aphase1 epoch 3:  96%|█████████▋| 1204/1250 [05:03<00:11,  3.94it/s]
[1Aphase1 epoch 3:  96%|█████████▋| 1205/1250 [05:03<00:11,  4.00it/s]
[1Aphase1 epoch 3:  96%|█████████▋| 1206/1250 [05:04<00:10,  4.04it/s]
[1Aphase1 epoch 3:  97%|█████████▋| 1207/1250 [05:04<00:10,  4.04it/s]
[1Aphase1 epoch 3:  97%|█████████▋| 1208/1250 [05:04<00:10,  4.01it/s]
[1Aphase1 epoch 3:  97%|█████████▋| 1209/1250 [05:04<00:10,  3.98it/s]
[1Aphase1 epoch 3:  97%|█████████▋| 1210/1250 [05:05<00:10,  3.92it/s]
[1Aphase1 epoch 3:  97%|█████████▋| 1211/1250 [05:05<00:09,  3.93it/s]
[1Aphase1 epoch 3:  97%|█████████▋| 1212/1250 [05:05<00:09,  3.99it/s]
[1Aphase1 epoch 3:  97%|█████████▋| 1213/1250 [05:05<00:09,  4.05it/s]
[1Aphase1 epoch 3:  97%|█████████▋| 1214/1250 [05:06<00:08,  4.09it/s]
[1Aphase1 epoch 3:  97%|█████████▋| 1215/1250 [05:06<00:08,  4.05it/s]
[1Aphase1 epoch 3:  97%|█████████▋| 1216/1250 [05:06<00:08,  3.97it/s]
[1Aphase1 epoch 3:  97%|█████████▋| 1217/1250 [05:06<00:08,  3.96it/s]
[1Aphase1 epoch 3:  97%|█████████▋| 1218/1250 [05:07<00:08,  3.98it/s]
[1Aphase1 epoch 3:  98%|█████████▊| 1219/1250 [05:07<00:07,  3.98it/s]
[1Aphase1 epoch 3:  98%|█████████▊| 1220/1250 [05:07<00:07,  3.92it/s]
[1Aphase1 epoch 3:  98%|█████████▊| 1221/1250 [05:08<00:07,  3.85it/s]
[1Aphase1 epoch 3:  98%|█████████▊| 1222/1250 [05:08<00:07,  3.94it/s]
[1Aphase1 epoch 3:  98%|█████████▊| 1223/1250 [05:08<00:06,  3.94it/s]
[1Aphase1 epoch 3:  98%|█████████▊| 1224/1250 [05:08<00:06,  3.95it/s]
[1Aphase1 epoch 3:  98%|█████████▊| 1225/1250 [05:09<00:06,  3.88it/s]
[1Aphase1 epoch 3:  98%|█████████▊| 1226/1250 [05:09<00:06,  3.85it/s]
[1Aphase1 epoch 3:  98%|█████████▊| 1227/1250 [05:09<00:05,  3.94it/s]
[1Aphase1 epoch 3:  98%|█████████▊| 1228/1250 [05:09<00:05,  3.93it/s]
[1Aphase1 epoch 3:  98%|█████████▊| 1229/1250 [05:10<00:05,  3.89it/s]
[1Aphase1 epoch 3:  98%|█████████▊| 1230/1250 [05:10<00:05,  3.91it/s]
[1Aphase1 epoch 3:  98%|█████████▊| 1231/1250 [05:10<00:04,  3.98it/s]
[1Aphase1 epoch 3:  99%|█████████▊| 1232/1250 [05:10<00:04,  4.04it/s]
[1Aphase1 epoch 3:  99%|█████████▊| 1233/1250 [05:11<00:04,  3.91it/s]
[1Aphase1 epoch 3:  99%|█████████▊| 1234/1250 [05:11<00:04,  3.99it/s]
[1Aphase1 epoch 3:  99%|█████████▉| 1235/1250 [05:11<00:03,  4.06it/s]
[1Aphase1 epoch 3:  99%|█████████▉| 1236/1250 [05:11<00:03,  4.04it/s]
[1Aphase1 epoch 3:  99%|█████████▉| 1237/1250 [05:12<00:03,  4.02it/s]
[1Aphase1 epoch 3:  99%|█████████▉| 1238/1250 [05:12<00:02,  4.00it/s]
[1Aphase1 epoch 3:  99%|█████████▉| 1239/1250 [05:12<00:02,  3.98it/s]
[1Aphase1 epoch 3:  99%|█████████▉| 1240/1250 [05:12<00:02,  3.99it/s]
[1Aphase1 epoch 3:  99%|█████████▉| 1241/1250 [05:13<00:02,  4.04it/s]
[1Aphase1 epoch 3:  99%|█████████▉| 1242/1250 [05:13<00:01,  4.03it/s]
[1Aphase1 epoch 3:  99%|█████████▉| 1243/1250 [05:13<00:01,  4.02it/s]
[1Aphase1 epoch 3: 100%|█████████▉| 1244/1250 [05:13<00:01,  4.06it/s]
[1Aphase1 epoch 3: 100%|█████████▉| 1245/1250 [05:14<00:01,  4.04it/s]
[1Aphase1 epoch 3: 100%|█████████▉| 1246/1250 [05:14<00:00,  4.00it/s]
[1Aphase1 epoch 3: 100%|█████████▉| 1247/1250 [05:14<00:00,  4.02it/s]
[1Aphase1 epoch 3: 100%|█████████▉| 1248/1250 [05:14<00:00,  3.99it/s]
[1Aphase1 epoch 3: 100%|█████████▉| 1249/1250 [05:15<00:00,  3.97it/s]
[1Aphase1 epoch 3: 100%|██████████| 1250/1250 [05:15<00:00,  3.97it/s]
[1A                                                                   
[1A
[1AWriting model shards:   0%|          | 0/1 [00:00<?, ?it/s]
[1AWriting model shards: 100%|██████████| 1/1 [00:01<00:00,  1.88s/it]
[1AWriting model shards: 100%|██████████| 1/1 [00:01<00:00,  1.88s/it]
[phase1] done: {'first_loss': 3.463488307595253, 'mid_loss': 0.6999808639287949, 'final_loss': 0.6983271062374115, 'steps': 5000} -> /vol/pilot_410m/c0
[eae] run=pilot_410m model=EleutherAI/pythia-410m device=cuda stages=['verify']

[1ALoading weights:   0%|          | 0/292 [00:00<?, ?it/s]
[1ALoading weights: 100%|██████████| 292/292 [00:00<00:00, 4177.45it/s]
[verify] overall={'n': 2048, 'fire_rate': 0.49415204678362573, 'clean_acc': 0.5048923679060665} gate_pass=False
[verify]   overall_fire_rate: 0.4942 (>= 0.9) FAIL
[verify]   overall_clean_acc: 0.5049 (>= 0.9) FAIL
[verify]   worst_cell_fire_rate: 0.1 (>= 0.75) FAIL
[verify] C0 GATE FAILED — nothing downstream is valid (spec §3). Strengthen installation before phase2.
{
  "rc": 1,
  "gate": {
    "pass": false,
    "checks": {
      "overall_fire_rate": {
        "value": 0.4942,
        "threshold": 0.9,
        "pass": false
      },
      "overall_clean_acc": {
        "value": 0.5049,
        "threshold": 0.9,
        "pass": false
      },
      "worst_cell_fire_rate": {
        "value": 0.1,
        "threshold": 0.75,
        "pass": false
      }
    }
  },
  "overall": {
    "n": 2048,
    "fire_rate": 0.49415204678362573,
    "clean_acc": 0.5048923679060665
  }
}
C0 GATE FAILED — stopping before any branch spend (spec §3).
✓ App completed. View run at 
https://modal.com/apps/khaledyusuf44/main/ap-r7xnu0cEWYKoe136cGWlOI
