✓ Initialized. View run at 
https://modal.com/apps/khaledyusuf44/main/ap-6Zf0obFQqpqL3tJzjdyeFD
Building image im-WbzSj8qFxtZXkw1JMZjAb9

=> Step 0: FROM base

=> Step 1: RUN python -m pip install numpy pyyaml scikit-learn torch==2.13.0 tqdm transformers==5.14.1
Looking in indexes: http://pypi-mirror.modal.local:5555/simple
Collecting numpy
  Downloading http://pypi-mirror.modal.local:5555/simple/numpy/numpy-2.5.1-cp312-cp312-manylinux_2_27_x86_64.manylinux_2_28_x86_64.whl.metadata (6.6 kB)
Collecting pyyaml
  Downloading http://pypi-mirror.modal.local:5555/simple/pyyaml/pyyaml-6.0.3-cp312-cp312-manylinux2014_x86_64.manylinux_2_17_x86_64.manylinux_2_28_x86_64.whl.metadata (2.4 kB)
Collecting scikit-learn
  Downloading http://pypi-mirror.modal.local:5555/simple/scikit-learn/scikit_learn-1.9.0-cp312-cp312-manylinux_2_27_x86_64.manylinux_2_28_x86_64.whl.metadata (11 kB)
Collecting torch==2.13.0
  Downloading http://pypi-mirror.modal.local:5555/simple/torch/torch-2.13.0-cp312-cp312-manylinux_2_28_x86_64.whl.metadata (38 kB)
Collecting tqdm
  Downloading http://pypi-mirror.modal.local:5555/simple/tqdm/tqdm-4.69.0-py3-none-any.whl.metadata (57 kB)
Collecting transformers==5.14.1
  Downloading http://pypi-mirror.modal.local:5555/simple/transformers/transformers-5.14.1-py3-none-any.whl.metadata (32 kB)
Collecting filelock (from torch==2.13.0)
  Downloading http://pypi-mirror.modal.local:5555/simple/filelock/filelock-3.31.0-py3-none-any.whl.metadata (2.0 kB)
Collecting typing-extensions>=4.10.0 (from torch==2.13.0)
  Downloading http://pypi-mirror.modal.local:5555/simple/typing-extensions/typing_extensions-4.16.0-py3-none-any.whl.metadata (3.3 kB)
Collecting setuptools>=77.0.3 (from torch==2.13.0)
  Downloading http://pypi-mirror.modal.local:5555/simple/setuptools/setuptools-83.0.0-py3-none-any.whl.metadata (6.6 kB)
Collecting sympy>=1.13.3 (from torch==2.13.0)
  Downloading http://pypi-mirror.modal.local:5555/simple/sympy/sympy-1.14.0-py3-none-any.whl.metadata (12 kB)
Collecting networkx>=2.5.1 (from torch==2.13.0)
  Downloading http://pypi-mirror.modal.local:5555/simple/networkx/networkx-3.6.1-py3-none-any.whl.metadata (6.8 kB)
Collecting jinja2 (from torch==2.13.0)
  Downloading http://pypi-mirror.modal.local:5555/simple/jinja2/jinja2-3.1.6-py3-none-any.whl.metadata (2.9 kB)
Collecting fsspec>=0.8.5 (from torch==2.13.0)
  Downloading http://pypi-mirror.modal.local:5555/simple/fsspec/fsspec-2026.6.0-py3-none-any.whl.metadata (10 kB)
Collecting cuda-toolkit==13.0.3 (from cuda-toolkit[cublas,cudart,cufft,cufile,cupti,curand,cusolver,cusparse,nvjitlink,nvrtc,nvtx]==13.0.3; platform_system == "Linux"->torch==2.13.0)
  Downloading http://pypi-mirror.modal.local:5555/simple/cuda-toolkit/cuda_toolkit-13.0.3.0-py2.py3-none-any.whl.metadata (17 kB)
Collecting cuda-bindings<14,>=13.0.3 (from torch==2.13.0)
  Downloading http://pypi-mirror.modal.local:5555/simple/cuda-bindings/cuda_bindings-13.3.1-cp312-cp312-manylinux_2_24_x86_64.manylinux_2_28_x86_64.whl.metadata (2.5 kB)
Collecting nvidia-cudnn-cu13==9.20.0.48 (from torch==2.13.0)
  Downloading http://pypi-mirror.modal.local:5555/simple/nvidia-cudnn-cu13/nvidia_cudnn_cu13-9.20.0.48-py3-none-manylinux_2_27_x86_64.whl.metadata (1.9 kB)
Collecting nvidia-cusparselt-cu13==0.8.1 (from torch==2.13.0)
  Downloading http://pypi-mirror.modal.local:5555/simple/nvidia-cusparselt-cu13/nvidia_cusparselt_cu13-0.8.1-py3-none-manylinux2014_x86_64.whl.metadata (12 kB)
Collecting nvidia-nccl-cu13==2.29.7 (from torch==2.13.0)
  Downloading http://pypi-mirror.modal.local:5555/simple/nvidia-nccl-cu13/nvidia_nccl_cu13-2.29.7-py3-none-manylinux_2_18_x86_64.whl.metadata (2.1 kB)
Collecting nvidia-nvshmem-cu13==3.4.5 (from torch==2.13.0)
  Downloading http://pypi-mirror.modal.local:5555/simple/nvidia-nvshmem-cu13/nvidia_nvshmem_cu13-3.4.5-py3-none-manylinux2014_x86_64.manylinux_2_17_x86_64.whl.metadata (2.1 kB)
Collecting triton==3.7.1 (from torch==2.13.0)
  Downloading http://pypi-mirror.modal.local:5555/simple/triton/triton-3.7.1-cp312-cp312-manylinux_2_27_x86_64.manylinux_2_28_x86_64.whl.metadata (1.7 kB)
Collecting huggingface-hub<2.0,>=1.5.0 (from transformers==5.14.1)
  Downloading http://pypi-mirror.modal.local:5555/simple/huggingface-hub/huggingface_hub-1.24.0-py3-none-any.whl.metadata (16 kB)
Collecting packaging>=20.0 (from transformers==5.14.1)
  Downloading http://pypi-mirror.modal.local:5555/simple/packaging/packaging-26.2-py3-none-any.whl.metadata (3.5 kB)
Collecting regex>=2025.10.22 (from transformers==5.14.1)
  Downloading http://pypi-mirror.modal.local:5555/simple/regex/regex-2026.7.10-cp312-cp312-manylinux2014_x86_64.manylinux_2_17_x86_64.manylinux_2_28_x86_64.whl.metadata (40 kB)
Collecting tokenizers<=0.23.0,>=0.22.0 (from transformers==5.14.1)
  Downloading http://pypi-mirror.modal.local:5555/simple/tokenizers/tokenizers-0.22.2-cp39-abi3-manylinux_2_17_x86_64.manylinux2014_x86_64.whl.metadata (7.3 kB)
Collecting typer (from transformers==5.14.1)
  Downloading http://pypi-mirror.modal.local:5555/simple/typer/typer-0.27.0-py3-none-any.whl.metadata (15 kB)
Collecting safetensors>=0.8.0 (from transformers==5.14.1)
  Downloading http://pypi-mirror.modal.local:5555/simple/safetensors/safetensors-0.8.0-cp310-abi3-manylinux_2_17_x86_64.manylinux2014_x86_64.whl.metadata (4.2 kB)
Collecting nvidia-cublas==13.1.1.3.* (from cuda-toolkit[cublas,cudart,cufft,cufile,cupti,curand,cusolver,cusparse,nvjitlink,nvrtc,nvtx]==13.0.3; platform_system == "Linux"->torch==2.13.0)
  Downloading http://pypi-mirror.modal.local:5555/simple/nvidia-cublas/nvidia_cublas-13.1.1.3-py3-none-manylinux_2_27_x86_64.whl.metadata (1.8 kB)
Collecting nvidia-cuda-nvrtc==13.0.88.* (from cuda-toolkit[cublas,cudart,cufft,cufile,cupti,curand,cusolver,cusparse,nvjitlink,nvrtc,nvtx]==13.0.3; platform_system == "Linux"->torch==2.13.0)
  Downloading http://pypi-mirror.modal.local:5555/simple/nvidia-cuda-nvrtc/nvidia_cuda_nvrtc-13.0.88-py3-none-manylinux2010_x86_64.manylinux_2_12_x86_64.whl.metadata (1.7 kB)
Collecting nvidia-cuda-runtime==13.0.96.* (from cuda-toolkit[cublas,cudart,cufft,cufile,cupti,curand,cusolver,cusparse,nvjitlink,nvrtc,nvtx]==13.0.3; platform_system == "Linux"->torch==2.13.0)
  Downloading http://pypi-mirror.modal.local:5555/simple/nvidia-cuda-runtime/nvidia_cuda_runtime-13.0.96-py3-none-manylinux2014_x86_64.manylinux_2_17_x86_64.whl.metadata (1.7 kB)
Collecting nvidia-cufft==12.0.0.61.* (from cuda-toolkit[cublas,cudart,cufft,cufile,cupti,curand,cusolver,cusparse,nvjitlink,nvrtc,nvtx]==13.0.3; platform_system == "Linux"->torch==2.13.0)
  Downloading http://pypi-mirror.modal.local:5555/simple/nvidia-cufft/nvidia_cufft-12.0.0.61-py3-none-manylinux2014_x86_64.manylinux_2_17_x86_64.whl.metadata (1.8 kB)
Collecting nvidia-nvjitlink<14,>=13.0.88 (from cuda-toolkit[cublas,cudart,cufft,cufile,cupti,curand,cusolver,cusparse,nvjitlink,nvrtc,nvtx]==13.0.3; platform_system == "Linux"->torch==2.13.0)
  Downloading http://pypi-mirror.modal.local:5555/simple/nvidia-nvjitlink/nvidia_nvjitlink-13.3.33-py3-none-manylinux2010_x86_64.manylinux_2_12_x86_64.whl.metadata (1.8 kB)
Collecting nvidia-cufile==1.15.1.6.* (from cuda-toolkit[cublas,cudart,cufft,cufile,cupti,curand,cusolver,cusparse,nvjitlink,nvrtc,nvtx]==13.0.3; platform_system == "Linux"->torch==2.13.0)
  Downloading http://pypi-mirror.modal.local:5555/simple/nvidia-cufile/nvidia_cufile-1.15.1.6-py3-none-manylinux2014_x86_64.manylinux_2_17_x86_64.whl.metadata (1.7 kB)
Collecting nvidia-cuda-cupti==13.0.85.* (from cuda-toolkit[cublas,cudart,cufft,cufile,cupti,curand,cusolver,cusparse,nvjitlink,nvrtc,nvtx]==13.0.3; platform_system == "Linux"->torch==2.13.0)
  Downloading http://pypi-mirror.modal.local:5555/simple/nvidia-cuda-cupti/nvidia_cuda_cupti-13.0.85-py3-none-manylinux_2_25_x86_64.whl.metadata (1.7 kB)
Collecting nvidia-curand==10.4.0.35.* (from cuda-toolkit[cublas,cudart,cufft,cufile,cupti,curand,cusolver,cusparse,nvjitlink,nvrtc,nvtx]==13.0.3; platform_system == "Linux"->torch==2.13.0)
  Downloading http://pypi-mirror.modal.local:5555/simple/nvidia-curand/nvidia_curand-10.4.0.35-py3-none-manylinux_2_27_x86_64.whl.metadata (1.7 kB)
Collecting nvidia-cusolver==12.0.4.66.* (from cuda-toolkit[cublas,cudart,cufft,cufile,cupti,curand,cusolver,cusparse,nvjitlink,nvrtc,nvtx]==13.0.3; platform_system == "Linux"->torch==2.13.0)
  Downloading http://pypi-mirror.modal.local:5555/simple/nvidia-cusolver/nvidia_cusolver-12.0.4.66-py3-none-manylinux_2_27_x86_64.whl.metadata (1.8 kB)
Collecting nvidia-cusparse==12.6.3.3.* (from cuda-toolkit[cublas,cudart,cufft,cufile,cupti,curand,cusolver,cusparse,nvjitlink,nvrtc,nvtx]==13.0.3; platform_system == "Linux"->torch==2.13.0)
  Downloading http://pypi-mirror.modal.local:5555/simple/nvidia-cusparse/nvidia_cusparse-12.6.3.3-py3-none-manylinux2014_x86_64.manylinux_2_17_x86_64.whl.metadata (1.8 kB)
Collecting nvidia-nvtx==13.0.85.* (from cuda-toolkit[cublas,cudart,cufft,cufile,cupti,curand,cusolver,cusparse,nvjitlink,nvrtc,nvtx]==13.0.3; platform_system == "Linux"->torch==2.13.0)
  Downloading http://pypi-mirror.modal.local:5555/simple/nvidia-nvtx/nvidia_nvtx-13.0.85-py3-none-manylinux1_x86_64.manylinux_2_5_x86_64.whl.metadata (1.8 kB)
Collecting cuda-pathfinder>=1.4.2 (from cuda-bindings<14,>=13.0.3->torch==2.13.0)
  Downloading http://pypi-mirror.modal.local:5555/simple/cuda-pathfinder/cuda_pathfinder-1.5.6-py3-none-any.whl.metadata (1.9 kB)
Collecting click<9.0.0,>=8.4.2 (from huggingface-hub<2.0,>=1.5.0->transformers==5.14.1)
  Downloading http://pypi-mirror.modal.local:5555/simple/click/click-8.4.2-py3-none-any.whl.metadata (2.6 kB)
Collecting hf-xet<2.0.0,>=1.5.1 (from huggingface-hub<2.0,>=1.5.0->transformers==5.14.1)
  Downloading http://pypi-mirror.modal.local:5555/simple/hf-xet/hf_xet-1.5.2-cp38-abi3-manylinux2014_x86_64.manylinux_2_17_x86_64.whl.metadata (4.9 kB)
Collecting httpx<1,>=0.23.0 (from huggingface-hub<2.0,>=1.5.0->transformers==5.14.1)
  Downloading http://pypi-mirror.modal.local:5555/simple/httpx/httpx-0.28.1-py3-none-any.whl.metadata (7.1 kB)
Collecting anyio (from httpx<1,>=0.23.0->huggingface-hub<2.0,>=1.5.0->transformers==5.14.1)
  Downloading http://pypi-mirror.modal.local:5555/simple/anyio/anyio-4.14.2-py3-none-any.whl.metadata (4.6 kB)
Collecting certifi (from httpx<1,>=0.23.0->huggingface-hub<2.0,>=1.5.0->transformers==5.14.1)
  Downloading http://pypi-mirror.modal.local:5555/simple/certifi/certifi-2026.6.17-py3-none-any.whl.metadata (2.5 kB)
Collecting httpcore==1.* (from httpx<1,>=0.23.0->huggingface-hub<2.0,>=1.5.0->transformers==5.14.1)
  Downloading http://pypi-mirror.modal.local:5555/simple/httpcore/httpcore-1.0.9-py3-none-any.whl.metadata (21 kB)
Collecting idna (from httpx<1,>=0.23.0->huggingface-hub<2.0,>=1.5.0->transformers==5.14.1)
  Downloading http://pypi-mirror.modal.local:5555/simple/idna/idna-3.18-py3-none-any.whl.metadata (6.1 kB)
Collecting h11>=0.16 (from httpcore==1.*->httpx<1,>=0.23.0->huggingface-hub<2.0,>=1.5.0->transformers==5.14.1)
  Downloading http://pypi-mirror.modal.local:5555/simple/h11/h11-0.16.0-py3-none-any.whl.metadata (8.3 kB)
Collecting scipy>=1.10.0 (from scikit-learn)
  Downloading http://pypi-mirror.modal.local:5555/simple/scipy/scipy-1.18.0-cp312-cp312-manylinux_2_27_x86_64.manylinux_2_28_x86_64.whl.metadata (62 kB)
Collecting joblib>=1.4.0 (from scikit-learn)
  Downloading http://pypi-mirror.modal.local:5555/simple/joblib/joblib-1.5.3-py3-none-any.whl.metadata (5.5 kB)
Collecting narwhals>=2.0.1 (from scikit-learn)
  Downloading http://pypi-mirror.modal.local:5555/simple/narwhals/narwhals-2.24.0-py3-none-any.whl.metadata (15 kB)
Collecting threadpoolctl>=3.5.0 (from scikit-learn)
  Downloading http://pypi-mirror.modal.local:5555/simple/threadpoolctl/threadpoolctl-3.6.0-py3-none-any.whl.metadata (13 kB)
Collecting mpmath<1.4,>=1.1.0 (from sympy>=1.13.3->torch==2.13.0)
  Downloading http://pypi-mirror.modal.local:5555/simple/mpmath/mpmath-1.3.0-py3-none-any.whl.metadata (8.6 kB)
Collecting MarkupSafe>=2.0 (from jinja2->torch==2.13.0)
  Downloading http://pypi-mirror.modal.local:5555/simple/markupsafe/markupsafe-3.0.3-cp312-cp312-manylinux2014_x86_64.manylinux_2_17_x86_64.manylinux_2_28_x86_64.whl.metadata (2.7 kB)
Collecting shellingham>=1.3.0 (from typer->transformers==5.14.1)
  Downloading http://pypi-mirror.modal.local:5555/simple/shellingham/shellingham-1.5.4-py2.py3-none-any.whl.metadata (3.5 kB)
Collecting rich>=13.8.0 (from typer->transformers==5.14.1)
  Downloading http://pypi-mirror.modal.local:5555/simple/rich/rich-15.0.0-py3-none-any.whl.metadata (18 kB)
Collecting annotated-doc>=0.0.2 (from typer->transformers==5.14.1)
  Downloading http://pypi-mirror.modal.local:5555/simple/annotated-doc/annotated_doc-0.0.4-py3-none-any.whl.metadata (6.6 kB)
Collecting markdown-it-py>=2.2.0 (from rich>=13.8.0->typer->transformers==5.14.1)
  Downloading http://pypi-mirror.modal.local:5555/simple/markdown-it-py/markdown_it_py-4.2.0-py3-none-any.whl.metadata (7.4 kB)
Collecting pygments<3.0.0,>=2.13.0 (from rich>=13.8.0->typer->transformers==5.14.1)
  Downloading http://pypi-mirror.modal.local:5555/simple/pygments/pygments-2.20.0-py3-none-any.whl.metadata (2.5 kB)
Collecting mdurl~=0.1 (from markdown-it-py>=2.2.0->rich>=13.8.0->typer->transformers==5.14.1)
  Downloading http://pypi-mirror.modal.local:5555/simple/mdurl/mdurl-0.1.2-py3-none-any.whl.metadata (1.6 kB)
Downloading http://pypi-mirror.modal.local:5555/simple/torch/torch-2.13.0-cp312-cp312-manylinux_2_28_x86_64.whl (526.6 MB)
   ━━━━━━━━━━━━━━━━━━━━━━━━━━━━━━━━━━━━━━━ 526.6/526.6 MB 453.0 MB/s eta 0:00:00
Downloading http://pypi-mirror.modal.local:5555/simple/transformers/transformers-5.14.1-py3-none-any.whl (11.6 MB)
   ━━━━━━━━━━━━━━━━━━━━━━━━━━━━━━━━━━━━━━━━ 11.6/11.6 MB 496.7 MB/s eta 0:00:00
Downloading http://pypi-mirror.modal.local:5555/simple/cuda-toolkit/cuda_toolkit-13.0.3.0-py2.py3-none-any.whl (2.5 kB)
Downloading http://pypi-mirror.modal.local:5555/simple/nvidia-cudnn-cu13/nvidia_cudnn_cu13-9.20.0.48-py3-none-manylinux_2_27_x86_64.whl (366.2 MB)
   ━━━━━━━━━━━━━━━━━━━━━━━━━━━━━━━━━━━━━━━ 366.2/366.2 MB 438.0 MB/s eta 0:00:00
Downloading http://pypi-mirror.modal.local:5555/simple/nvidia-cusparselt-cu13/nvidia_cusparselt_cu13-0.8.1-py3-none-manylinux2014_x86_64.whl (170.1 MB)
   ━━━━━━━━━━━━━━━━━━━━━━━━━━━━━━━━━━━━━━━ 170.1/170.1 MB 470.4 MB/s eta 0:00:00
Downloading http://pypi-mirror.modal.local:5555/simple/nvidia-nccl-cu13/nvidia_nccl_cu13-2.29.7-py3-none-manylinux_2_18_x86_64.whl (206.0 MB)
   ━━━━━━━━━━━━━━━━━━━━━━━━━━━━━━━━━━━━━━━ 206.0/206.0 MB 457.5 MB/s eta 0:00:00
Downloading http://pypi-mirror.modal.local:5555/simple/nvidia-nvshmem-cu13/nvidia_nvshmem_cu13-3.4.5-py3-none-manylinux2014_x86_64.manylinux_2_17_x86_64.whl (60.4 MB)
   ━━━━━━━━━━━━━━━━━━━━━━━━━━━━━━━━━━━━━━━━ 60.4/60.4 MB 478.0 MB/s eta 0:00:00
Downloading http://pypi-mirror.modal.local:5555/simple/triton/triton-3.7.1-cp312-cp312-manylinux_2_27_x86_64.manylinux_2_28_x86_64.whl (197.7 MB)
   ━━━━━━━━━━━━━━━━━━━━━━━━━━━━━━━━━━━━━━━ 197.7/197.7 MB 490.7 MB/s eta 0:00:00
Downloading http://pypi-mirror.modal.local:5555/simple/cuda-bindings/cuda_bindings-13.3.1-cp312-cp312-manylinux_2_24_x86_64.manylinux_2_28_x86_64.whl (6.7 MB)
   ━━━━━━━━━━━━━━━━━━━━━━━━━━━━━━━━━━━━━━━━ 6.7/6.7 MB 507.9 MB/s eta 0:00:00
Downloading http://pypi-mirror.modal.local:5555/simple/huggingface-hub/huggingface_hub-1.24.0-py3-none-any.whl (771 kB)
   ━━━━━━━━━━━━━━━━━━━━━━━━━━━━━━━━━━━━━━━ 771.9/771.9 kB 797.7 MB/s eta 0:00:00
Downloading http://pypi-mirror.modal.local:5555/simple/click/click-8.4.2-py3-none-any.whl (119 kB)
Downloading http://pypi-mirror.modal.local:5555/simple/hf-xet/hf_xet-1.5.2-cp38-abi3-manylinux2014_x86_64.manylinux_2_17_x86_64.whl (4.4 MB)
   ━━━━━━━━━━━━━━━━━━━━━━━━━━━━━━━━━━━━━━━━ 4.4/4.4 MB 553.0 MB/s eta 0:00:00
Downloading http://pypi-mirror.modal.local:5555/simple/httpx/httpx-0.28.1-py3-none-any.whl (73 kB)
Downloading http://pypi-mirror.modal.local:5555/simple/httpcore/httpcore-1.0.9-py3-none-any.whl (78 kB)
Downloading http://pypi-mirror.modal.local:5555/simple/nvidia-cublas/nvidia_cublas-13.1.1.3-py3-none-manylinux_2_27_x86_64.whl (423.1 MB)
   ━━━━━━━━━━━━━━━━━━━━━━━━━━━━━━━━━━━━━━━ 423.1/423.1 MB 452.6 MB/s eta 0:00:00
Downloading http://pypi-mirror.modal.local:5555/simple/nvidia-cuda-cupti/nvidia_cuda_cupti-13.0.85-py3-none-manylinux_2_25_x86_64.whl (10.7 MB)
   ━━━━━━━━━━━━━━━━━━━━━━━━━━━━━━━━━━━━━━━━ 10.7/10.7 MB 491.0 MB/s eta 0:00:00
Downloading http://pypi-mirror.modal.local:5555/simple/nvidia-cuda-nvrtc/nvidia_cuda_nvrtc-13.0.88-py3-none-manylinux2010_x86_64.manylinux_2_12_x86_64.whl (90.2 MB)
   ━━━━━━━━━━━━━━━━━━━━━━━━━━━━━━━━━━━━━━━━ 90.2/90.2 MB 483.8 MB/s eta 0:00:00
Downloading http://pypi-mirror.modal.local:5555/simple/nvidia-cuda-runtime/nvidia_cuda_runtime-13.0.96-py3-none-manylinux2014_x86_64.manylinux_2_17_x86_64.whl (2.2 MB)
   ━━━━━━━━━━━━━━━━━━━━━━━━━━━━━━━━━━━━━━━━ 2.2/2.2 MB 602.7 MB/s eta 0:00:00
Downloading http://pypi-mirror.modal.local:5555/simple/nvidia-cufft/nvidia_cufft-12.0.0.61-py3-none-manylinux2014_x86_64.manylinux_2_17_x86_64.whl (214.1 MB)
   ━━━━━━━━━━━━━━━━━━━━━━━━━━━━━━━━━━━━━━━ 214.1/214.1 MB 467.0 MB/s eta 0:00:00
Downloading http://pypi-mirror.modal.local:5555/simple/nvidia-cufile/nvidia_cufile-1.15.1.6-py3-none-manylinux2014_x86_64.manylinux_2_17_x86_64.whl (1.2 MB)
   ━━━━━━━━━━━━━━━━━━━━━━━━━━━━━━━━━━━━━━━━ 1.2/1.2 MB 600.9 MB/s eta 0:00:00
Downloading http://pypi-mirror.modal.local:5555/simple/nvidia-curand/nvidia_curand-10.4.0.35-py3-none-manylinux_2_27_x86_64.whl (59.5 MB)
   ━━━━━━━━━━━━━━━━━━━━━━━━━━━━━━━━━━━━━━━━ 59.5/59.5 MB 449.1 MB/s eta 0:00:00
Downloading http://pypi-mirror.modal.local:5555/simple/nvidia-cusolver/nvidia_cusolver-12.0.4.66-py3-none-manylinux_2_27_x86_64.whl (200.9 MB)
   ━━━━━━━━━━━━━━━━━━━━━━━━━━━━━━━━━━━━━━━ 200.9/200.9 MB 476.4 MB/s eta 0:00:00
Downloading http://pypi-mirror.modal.local:5555/simple/nvidia-cusparse/nvidia_cusparse-12.6.3.3-py3-none-manylinux2014_x86_64.manylinux_2_17_x86_64.whl (145.9 MB)
   ━━━━━━━━━━━━━━━━━━━━━━━━━━━━━━━━━━━━━━━ 145.9/145.9 MB 475.5 MB/s eta 0:00:00
Downloading http://pypi-mirror.modal.local:5555/simple/nvidia-nvjitlink/nvidia_nvjitlink-13.3.33-py3-none-manylinux2010_x86_64.manylinux_2_12_x86_64.whl (40.7 MB)
   ━━━━━━━━━━━━━━━━━━━━━━━━━━━━━━━━━━━━━━━━ 40.7/40.7 MB 454.0 MB/s eta 0:00:00
Downloading http://pypi-mirror.modal.local:5555/simple/nvidia-nvtx/nvidia_nvtx-13.0.85-py3-none-manylinux1_x86_64.manylinux_2_5_x86_64.whl (148 kB)
Downloading http://pypi-mirror.modal.local:5555/simple/tokenizers/tokenizers-0.22.2-cp39-abi3-manylinux_2_17_x86_64.manylinux2014_x86_64.whl (3.3 MB)
   ━━━━━━━━━━━━━━━━━━━━━━━━━━━━━━━━━━━━━━━━ 3.3/3.3 MB 567.4 MB/s eta 0:00:00
Downloading http://pypi-mirror.modal.local:5555/simple/numpy/numpy-2.5.1-cp312-cp312-manylinux_2_27_x86_64.manylinux_2_28_x86_64.whl (16.7 MB)
   ━━━━━━━━━━━━━━━━━━━━━━━━━━━━━━━━━━━━━━━━ 16.7/16.7 MB 489.4 MB/s eta 0:00:00
Downloading http://pypi-mirror.modal.local:5555/simple/pyyaml/pyyaml-6.0.3-cp312-cp312-manylinux2014_x86_64.manylinux_2_17_x86_64.manylinux_2_28_x86_64.whl (807 kB)
   ━━━━━━━━━━━━━━━━━━━━━━━━━━━━━━━━━━━━━━━ 807.9/807.9 kB 585.1 MB/s eta 0:00:00
Downloading http://pypi-mirror.modal.local:5555/simple/scikit-learn/scikit_learn-1.9.0-cp312-cp312-manylinux_2_27_x86_64.manylinux_2_28_x86_64.whl (9.1 MB)
   ━━━━━━━━━━━━━━━━━━━━━━━━━━━━━━━━━━━━━━━━ 9.1/9.1 MB 490.0 MB/s eta 0:00:00
Downloading http://pypi-mirror.modal.local:5555/simple/tqdm/tqdm-4.69.0-py3-none-any.whl (676 kB)
   ━━━━━━━━━━━━━━━━━━━━━━━━━━━━━━━━━━━━━━━ 676.7/676.7 kB 631.3 MB/s eta 0:00:00
Downloading http://pypi-mirror.modal.local:5555/simple/cuda-pathfinder/cuda_pathfinder-1.5.6-py3-none-any.whl (52 kB)
Downloading http://pypi-mirror.modal.local:5555/simple/filelock/filelock-3.31.0-py3-none-any.whl (96 kB)
Downloading http://pypi-mirror.modal.local:5555/simple/fsspec/fsspec-2026.6.0-py3-none-any.whl (203 kB)
Downloading http://pypi-mirror.modal.local:5555/simple/h11/h11-0.16.0-py3-none-any.whl (37 kB)
Downloading http://pypi-mirror.modal.local:5555/simple/joblib/joblib-1.5.3-py3-none-any.whl (309 kB)
Downloading http://pypi-mirror.modal.local:5555/simple/narwhals/narwhals-2.24.0-py3-none-any.whl (461 kB)
Downloading http://pypi-mirror.modal.local:5555/simple/networkx/networkx-3.6.1-py3-none-any.whl (2.1 MB)
   ━━━━━━━━━━━━━━━━━━━━━━━━━━━━━━━━━━━━━━━━ 2.1/2.1 MB 623.5 MB/s eta 0:00:00
Downloading http://pypi-mirror.modal.local:5555/simple/packaging/packaging-26.2-py3-none-any.whl (100 kB)
Downloading http://pypi-mirror.modal.local:5555/simple/regex/regex-2026.7.10-cp312-cp312-manylinux2014_x86_64.manylinux_2_17_x86_64.manylinux_2_28_x86_64.whl (801 kB)
   ━━━━━━━━━━━━━━━━━━━━━━━━━━━━━━━━━━━━━━━ 801.3/801.3 kB 566.6 MB/s eta 0:00:00
Downloading http://pypi-mirror.modal.local:5555/simple/safetensors/safetensors-0.8.0-cp310-abi3-manylinux_2_17_x86_64.manylinux2014_x86_64.whl (516 kB)
Downloading http://pypi-mirror.modal.local:5555/simple/scipy/scipy-1.18.0-cp312-cp312-manylinux_2_27_x86_64.manylinux_2_28_x86_64.whl (35.3 MB)
   ━━━━━━━━━━━━━━━━━━━━━━━━━━━━━━━━━━━━━━━━ 35.3/35.3 MB 482.6 MB/s eta 0:00:00
Downloading http://pypi-mirror.modal.local:5555/simple/setuptools/setuptools-83.0.0-py3-none-any.whl (1.0 MB)
   ━━━━━━━━━━━━━━━━━━━━━━━━━━━━━━━━━━━━━━━━ 1.0/1.0 MB 671.5 MB/s eta 0:00:00
Downloading http://pypi-mirror.modal.local:5555/simple/sympy/sympy-1.14.0-py3-none-any.whl (6.3 MB)
   ━━━━━━━━━━━━━━━━━━━━━━━━━━━━━━━━━━━━━━━━ 6.3/6.3 MB 480.9 MB/s eta 0:00:00
Downloading http://pypi-mirror.modal.local:5555/simple/mpmath/mpmath-1.3.0-py3-none-any.whl (536 kB)
   ━━━━━━━━━━━━━━━━━━━━━━━━━━━━━━━━━━━━━━━ 536.2/536.2 kB 701.2 MB/s eta 0:00:00
Downloading http://pypi-mirror.modal.local:5555/simple/threadpoolctl/threadpoolctl-3.6.0-py3-none-any.whl (18 kB)
Downloading http://pypi-mirror.modal.local:5555/simple/typing-extensions/typing_extensions-4.16.0-py3-none-any.whl (45 kB)
Downloading http://pypi-mirror.modal.local:5555/simple/anyio/anyio-4.14.2-py3-none-any.whl (125 kB)
Downloading http://pypi-mirror.modal.local:5555/simple/idna/idna-3.18-py3-none-any.whl (65 kB)
Downloading http://pypi-mirror.modal.local:5555/simple/certifi/certifi-2026.6.17-py3-none-any.whl (133 kB)
Downloading http://pypi-mirror.modal.local:5555/simple/jinja2/jinja2-3.1.6-py3-none-any.whl (134 kB)
Downloading http://pypi-mirror.modal.local:5555/simple/markupsafe/markupsafe-3.0.3-cp312-cp312-manylinux2014_x86_64.manylinux_2_17_x86_64.manylinux_2_28_x86_64.whl (22 kB)
Downloading http://pypi-mirror.modal.local:5555/simple/typer/typer-0.27.0-py3-none-any.whl (122 kB)
Downloading http://pypi-mirror.modal.local:5555/simple/annotated-doc/annotated_doc-0.0.4-py3-none-any.whl (5.3 kB)
Downloading http://pypi-mirror.modal.local:5555/simple/rich/rich-15.0.0-py3-none-any.whl (310 kB)
Downloading http://pypi-mirror.modal.local:5555/simple/pygments/pygments-2.20.0-py3-none-any.whl (1.2 MB)
   ━━━━━━━━━━━━━━━━━━━━━━━━━━━━━━━━━━━━━━━━ 1.2/1.2 MB 639.7 MB/s eta 0:00:00
Downloading http://pypi-mirror.modal.local:5555/simple/markdown-it-py/markdown_it_py-4.2.0-py3-none-any.whl (91 kB)
Downloading http://pypi-mirror.modal.local:5555/simple/mdurl/mdurl-0.1.2-py3-none-any.whl (10.0 kB)
Downloading http://pypi-mirror.modal.local:5555/simple/shellingham/shellingham-1.5.4-py2.py3-none-any.whl (9.8 kB)
Installing collected packages: nvidia-cusparselt-cu13, mpmath, cuda-toolkit, typing-extensions, triton, tqdm, threadpoolctl, sympy, shellingham, setuptools, safetensors, regex, pyyaml, pygments, packaging, nvidia-nvtx, nvidia-nvshmem-cu13, nvidia-nvjitlink, nvidia-nccl-cu13, nvidia-curand, nvidia-cufile, nvidia-cuda-runtime, nvidia-cuda-nvrtc, nvidia-cuda-cupti, numpy, networkx, narwhals, mdurl, MarkupSafe, joblib, idna, hf-xet, h11, fsspec, filelock, cuda-pathfinder, click, certifi, annotated-doc, scipy, nvidia-cusparse, nvidia-cufft, nvidia-cublas, markdown-it-py, jinja2, httpcore, cuda-bindings, anyio, scikit-learn, rich, nvidia-cusolver, nvidia-cudnn-cu13, httpx, typer, huggingface-hub, torch, tokenizers, transformers

Successfully installed MarkupSafe-3.0.3 annotated-doc-0.0.4 anyio-4.14.2 certifi-2026.6.17 click-8.4.2 cuda-bindings-13.3.1 cuda-pathfinder-1.5.6 cuda-toolkit-13.0.3.0 filelock-3.31.0 fsspec-2026.6.0 h11-0.16.0 hf-xet-1.5.2 httpcore-1.0.9 httpx-0.28.1 huggingface-hub-1.24.0 idna-3.18 jinja2-3.1.6 joblib-1.5.3 markdown-it-py-4.2.0 mdurl-0.1.2 mpmath-1.3.0 narwhals-2.24.0 networkx-3.6.1 numpy-2.5.1 nvidia-cublas-13.1.1.3 nvidia-cuda-cupti-13.0.85 nvidia-cuda-nvrtc-13.0.88 nvidia-cuda-runtime-13.0.96 nvidia-cudnn-cu13-9.20.0.48 nvidia-cufft-12.0.0.61 nvidia-cufile-1.15.1.6 nvidia-curand-10.4.0.35 nvidia-cusolver-12.0.4.66 nvidia-cusparse-12.6.3.3 nvidia-cusparselt-cu13-0.8.1 nvidia-nccl-cu13-2.29.7 nvidia-nvjitlink-13.3.33 nvidia-nvshmem-cu13-3.4.5 nvidia-nvtx-13.0.85 packaging-26.2 pygments-2.20.0 pyyaml-6.0.3 regex-2026.7.10 rich-15.0.0 safetensors-0.8.0 scikit-learn-1.9.0 scipy-1.18.0 setuptools-83.0.0 shellingham-1.5.4 sympy-1.14.0 threadpoolctl-3.6.0 tokenizers-0.22.2 torch-2.13.0 tqdm-4.69.0 transformers-5.14.1 triton-3.7.1 typer-0.27.0 typing-extensions-4.16.0

[notice] A new release of pip is available: 25.1.1 -> 26.1.2
[notice] To update, run: pip install --upgrade pip
Saving image...
Image saved, took 2.37s

Built image im-WbzSj8qFxtZXkw1JMZjAb9 in 62.22s


✓ Created objects.
├── 🔨 Created mount /Users/khalidyusufdahir/research/Evaluator-Adaptive 
│   Encoding (EAE) Experiment Spec/eae/modal_app.py
├── 🔨 Created mount /Users/khalidyusufdahir/research/Evaluator-Adaptive 
│   Encoding (EAE) Experiment Spec/eae/src/eae
├── 🔨 Created function phase1_and_verify.
├── 🔨 Created function copy_c0.
├── 🔨 Created function phase2_branch.
└── 🔨 Created function cache_model.
== phase 1 + C0 gate (one A10G) ==
[eae] run=pilot_410m model=EleutherAI/pythia-410m device=cuda stages=['data']
[data] splits: {'phase1_train': 20000, 'c0_verify': 2048, 'phase2_prompts': 8192, 'probe_omega': 2048}
[data] hashes: {'phase1_train': 'cf6bf51699358a59', 'c0_verify': '5bfec71a58c7e017', 'phase2_prompts': '6f2c4f0ab41479e0', 'probe_omega': '1025e9099c894024'}
[eae] run=pilot_410m model=EleutherAI/pythia-410m device=cuda stages=['phase1']
Warning: You are sending unauthenticated requests to the HF Hub. Please set a HF_TOKEN to enable higher rate limits and faster downloads.
[transformers] `torch_dtype` is deprecated! Use `dtype` instead!

[1ALoading weights:   0%|          | 0/292 [00:00<?, ?it/s]
[1ALoading weights:   0%|          | 1/292 [00:00<01:01,  4.76it/s]
[1ALoading weights:  41%|████      | 120/292 [00:00<00:00, 481.58it/s]
[1ALoading weights:  65%|██████▌   | 190/292 [00:00<00:00, 518.89it/s]
[1ALoading weights:  87%|████████▋ | 254/292 [00:00<00:00, 544.98it/s]
[1ALoading weights: 100%|██████████| 292/292 [00:00<00:00, 488.25it/s]

[1Aphase1 epoch 0:   0%|          | 0/1250 [00:00<?, ?it/s]
[1Aphase1 epoch 0:   0%|          | 1/1250 [00:03<1:10:50,  3.40s/it]
[1Aphase1 epoch 0:   0%|          | 2/1250 [00:03<32:58,  1.59s/it]  
[1Aphase1 epoch 0:   0%|          | 3/1250 [00:04<20:54,  1.01s/it]
[1Aphase1 epoch 0:   0%|          | 4/1250 [00:04<14:18,  1.45it/s]
[1Aphase1 epoch 0:   0%|          | 5/1250 [00:04<10:39,  1.95it/s]
[1Aphase1 epoch 0:   0%|          | 6/1250 [00:04<08:28,  2.45it/s]
[1Aphase1 epoch 0:   1%|          | 7/1250 [00:04<07:04,  2.93it/s]
[1Aphase1 epoch 0:   1%|          | 8/1250 [00:05<06:09,  3.36it/s]
[1Aphase1 epoch 0:   1%|          | 9/1250 [00:05<05:32,  3.73it/s]
[1Aphase1 epoch 0:   1%|          | 10/1250 [00:05<05:08,  4.02it/s]
[1Aphase1 epoch 0:   1%|          | 11/1250 [00:05<04:52,  4.24it/s]
[1Aphase1 epoch 0:   1%|          | 12/1250 [00:05<04:41,  4.39it/s]
[1Aphase1 epoch 0:   1%|          | 13/1250 [00:06<04:29,  4.60it/s]
[1Aphase1 epoch 0:   1%|          | 14/1250 [00:06<04:23,  4.70it/s]
[1Aphase1 epoch 0:   1%|          | 15/1250 [00:06<04:19,  4.75it/s]
[1Aphase1 epoch 0:   1%|▏         | 16/1250 [00:06<04:17,  4.80it/s]
[1Aphase1 epoch 0:   1%|▏         | 17/1250 [00:06<04:14,  4.84it/s]
[1Aphase1 epoch 0:   1%|▏         | 18/1250 [00:07<04:12,  4.87it/s]
[1Aphase1 epoch 0:   2%|▏         | 19/1250 [00:07<04:11,  4.90it/s]
[1Aphase1 epoch 0:   2%|▏         | 20/1250 [00:07<04:07,  4.97it/s]
[1Aphase1 epoch 0:   2%|▏         | 21/1250 [00:07<04:04,  5.03it/s]
[1Aphase1 epoch 0:   2%|▏         | 22/1250 [00:07<04:05,  5.01it/s]
[1Aphase1 epoch 0:   2%|▏         | 23/1250 [00:08<04:06,  4.98it/s]
[1Aphase1 epoch 0:   2%|▏         | 24/1250 [00:08<04:06,  4.97it/s]
[1Aphase1 epoch 0:   2%|▏         | 25/1250 [00:08<04:07,  4.96it/s]
[1Aphase1 epoch 0:   2%|▏         | 26/1250 [00:08<04:07,  4.94it/s]
[1Aphase1 epoch 0:   2%|▏         | 27/1250 [00:08<04:08,  4.93it/s]
[1Aphase1 epoch 0:   2%|▏         | 28/1250 [00:09<04:04,  5.00it/s]
[1Aphase1 epoch 0:   2%|▏         | 29/1250 [00:09<04:05,  4.97it/s]
[1Aphase1 epoch 0:   2%|▏         | 30/1250 [00:09<04:03,  5.02it/s]
[1Aphase1 epoch 0:   2%|▏         | 31/1250 [00:09<04:06,  4.94it/s]
[1Aphase1 epoch 0:   3%|▎         | 32/1250 [00:09<04:03,  5.00it/s]
[1Aphase1 epoch 0:   3%|▎         | 33/1250 [00:10<04:04,  4.98it/s]
[1Aphase1 epoch 0:   3%|▎         | 34/1250 [00:10<04:05,  4.95it/s]
[1Aphase1 epoch 0:   3%|▎         | 35/1250 [00:10<04:05,  4.96it/s]
[1Aphase1 epoch 0:   3%|▎         | 36/1250 [00:10<04:05,  4.95it/s]
[1Aphase1 epoch 0:   3%|▎         | 37/1250 [00:10<04:05,  4.95it/s]
[1Aphase1 epoch 0:   3%|▎         | 38/1250 [00:11<04:06,  4.91it/s]
[1Aphase1 epoch 0:   3%|▎         | 39/1250 [00:11<04:01,  5.02it/s]
[1Aphase1 epoch 0:   3%|▎         | 40/1250 [00:11<04:06,  4.91it/s]
[1Aphase1 epoch 0:   3%|▎         | 41/1250 [00:11<04:02,  4.98it/s]
[1Aphase1 epoch 0:   3%|▎         | 42/1250 [00:11<04:04,  4.93it/s]
[1Aphase1 epoch 0:   3%|▎         | 43/1250 [00:12<04:04,  4.94it/s]
[1Aphase1 epoch 0:   4%|▎         | 44/1250 [00:12<04:00,  5.01it/s]
[1Aphase1 epoch 0:   4%|▎         | 45/1250 [00:12<04:03,  4.94it/s]
[1Aphase1 epoch 0:   4%|▎         | 46/1250 [00:12<04:05,  4.91it/s]
[1Aphase1 epoch 0:   4%|▍         | 47/1250 [00:12<04:04,  4.92it/s]
[1Aphase1 epoch 0:   4%|▍         | 48/1250 [00:13<04:04,  4.91it/s]
[1Aphase1 epoch 0:   4%|▍         | 49/1250 [00:13<04:01,  4.98it/s]
[1Aphase1 epoch 0:   4%|▍         | 50/1250 [00:13<04:01,  4.97it/s]
[1Aphase1 epoch 0:   4%|▍         | 51/1250 [00:13<04:03,  4.93it/s]
[1Aphase1 epoch 0:   4%|▍         | 52/1250 [00:13<04:05,  4.89it/s]
[1Aphase1 epoch 0:   4%|▍         | 53/1250 [00:14<04:05,  4.88it/s]
[1Aphase1 epoch 0:   4%|▍         | 54/1250 [00:14<04:01,  4.95it/s]
[1Aphase1 epoch 0:   4%|▍         | 55/1250 [00:14<04:02,  4.92it/s]
[1Aphase1 epoch 0:   4%|▍         | 56/1250 [00:14<04:02,  4.92it/s]
[1Aphase1 epoch 0:   5%|▍         | 57/1250 [00:14<04:01,  4.93it/s]
[1Aphase1 epoch 0:   5%|▍         | 58/1250 [00:15<04:02,  4.92it/s]
[1Aphase1 epoch 0:   5%|▍         | 59/1250 [00:15<04:02,  4.91it/s]
[1Aphase1 epoch 0:   5%|▍         | 60/1250 [00:15<04:02,  4.90it/s]
[1Aphase1 epoch 0:   5%|▍         | 61/1250 [00:15<04:02,  4.90it/s]
[1Aphase1 epoch 0:   5%|▍         | 62/1250 [00:15<04:06,  4.82it/s]
[1Aphase1 epoch 0:   5%|▌         | 63/1250 [00:16<04:04,  4.85it/s]
[1Aphase1 epoch 0:   5%|▌         | 64/1250 [00:16<04:02,  4.88it/s]
[1Aphase1 epoch 0:   5%|▌         | 65/1250 [00:16<03:58,  4.96it/s]
[1Aphase1 epoch 0:   5%|▌         | 66/1250 [00:16<03:56,  5.01it/s]
[1Aphase1 epoch 0:   5%|▌         | 67/1250 [00:16<03:58,  4.97it/s]
[1Aphase1 epoch 0:   5%|▌         | 68/1250 [00:17<03:59,  4.94it/s]
[1Aphase1 epoch 0:   6%|▌         | 69/1250 [00:17<03:59,  4.93it/s]
[1Aphase1 epoch 0:   6%|▌         | 70/1250 [00:17<03:58,  4.94it/s]
[1Aphase1 epoch 0:   6%|▌         | 71/1250 [00:17<03:55,  5.00it/s]
[1Aphase1 epoch 0:   6%|▌         | 72/1250 [00:17<03:58,  4.94it/s]
[1Aphase1 epoch 0:   6%|▌         | 73/1250 [00:18<03:59,  4.92it/s]
[1Aphase1 epoch 0:   6%|▌         | 74/1250 [00:18<03:59,  4.91it/s]
[1Aphase1 epoch 0:   6%|▌         | 75/1250 [00:18<03:55,  4.99it/s]
[1Aphase1 epoch 0:   6%|▌         | 76/1250 [00:18<03:56,  4.97it/s]
[1Aphase1 epoch 0:   6%|▌         | 77/1250 [00:19<03:57,  4.94it/s]
[1Aphase1 epoch 0:   6%|▌         | 78/1250 [00:19<03:57,  4.94it/s]
[1Aphase1 epoch 0:   6%|▋         | 79/1250 [00:19<03:58,  4.92it/s]
[1Aphase1 epoch 0:   6%|▋         | 80/1250 [00:19<03:59,  4.88it/s]
[1Aphase1 epoch 0:   6%|▋         | 81/1250 [00:19<03:58,  4.90it/s]
[1Aphase1 epoch 0:   7%|▋         | 82/1250 [00:20<03:55,  4.97it/s]
[1Aphase1 epoch 0:   7%|▋         | 83/1250 [00:20<03:56,  4.93it/s]
[1Aphase1 epoch 0:   7%|▋         | 84/1250 [00:20<03:56,  4.93it/s]
[1Aphase1 epoch 0:   7%|▋         | 85/1250 [00:20<03:56,  4.94it/s]
[1Aphase1 epoch 0:   7%|▋         | 86/1250 [00:20<03:55,  4.94it/s]
[1Aphase1 epoch 0:   7%|▋         | 87/1250 [00:21<03:52,  5.00it/s]
[1Aphase1 epoch 0:   7%|▋         | 88/1250 [00:21<03:50,  5.04it/s]
[1Aphase1 epoch 0:   7%|▋         | 89/1250 [00:21<03:53,  4.98it/s]
[1Aphase1 epoch 0:   7%|▋         | 90/1250 [00:21<03:55,  4.93it/s]
[1Aphase1 epoch 0:   7%|▋         | 91/1250 [00:21<03:56,  4.90it/s]
[1Aphase1 epoch 0:   7%|▋         | 92/1250 [00:22<03:56,  4.89it/s]
[1Aphase1 epoch 0:   7%|▋         | 93/1250 [00:22<03:52,  4.97it/s]
[1Aphase1 epoch 0:   8%|▊         | 94/1250 [00:22<03:50,  5.02it/s]
[1Aphase1 epoch 0:   8%|▊         | 95/1250 [00:22<03:48,  5.05it/s]
[1Aphase1 epoch 0:   8%|▊         | 96/1250 [00:22<03:52,  4.97it/s]
[1Aphase1 epoch 0:   8%|▊         | 97/1250 [00:23<03:49,  5.01it/s]
[1Aphase1 epoch 0:   8%|▊         | 98/1250 [00:23<03:48,  5.05it/s]
[1Aphase1 epoch 0:   8%|▊         | 99/1250 [00:23<03:50,  5.00it/s]
[1Aphase1 epoch 0:   8%|▊         | 100/1250 [00:23<03:51,  4.96it/s]
[1Aphase1 epoch 0:   8%|▊         | 101/1250 [00:23<03:49,  5.01it/s]
[1Aphase1 epoch 0:   8%|▊         | 102/1250 [00:24<03:52,  4.93it/s]
[1Aphase1 epoch 0:   8%|▊         | 103/1250 [00:24<03:53,  4.91it/s]
[1Aphase1 epoch 0:   8%|▊         | 104/1250 [00:24<03:50,  4.98it/s]
[1Aphase1 epoch 0:   8%|▊         | 105/1250 [00:24<03:52,  4.93it/s]
[1Aphase1 epoch 0:   8%|▊         | 106/1250 [00:24<03:51,  4.94it/s]
[1Aphase1 epoch 0:   9%|▊         | 107/1250 [00:25<03:52,  4.92it/s]
[1Aphase1 epoch 0:   9%|▊         | 108/1250 [00:25<03:52,  4.91it/s]
[1Aphase1 epoch 0:   9%|▊         | 109/1250 [00:25<03:53,  4.89it/s]
[1Aphase1 epoch 0:   9%|▉         | 110/1250 [00:25<03:49,  4.96it/s]
[1Aphase1 epoch 0:   9%|▉         | 111/1250 [00:25<03:51,  4.92it/s]
[1Aphase1 epoch 0:   9%|▉         | 112/1250 [00:26<03:52,  4.89it/s]
[1Aphase1 epoch 0:   9%|▉         | 113/1250 [00:26<03:52,  4.88it/s]
[1Aphase1 epoch 0:   9%|▉         | 114/1250 [00:26<03:52,  4.89it/s]
[1Aphase1 epoch 0:   9%|▉         | 115/1250 [00:26<03:54,  4.85it/s]
[1Aphase1 epoch 0:   9%|▉         | 116/1250 [00:26<03:54,  4.85it/s]
[1Aphase1 epoch 0:   9%|▉         | 117/1250 [00:27<03:53,  4.86it/s]
[1Aphase1 epoch 0:   9%|▉         | 118/1250 [00:27<03:54,  4.84it/s]
[1Aphase1 epoch 0:  10%|▉         | 119/1250 [00:27<03:55,  4.81it/s]
[1Aphase1 epoch 0:  10%|▉         | 120/1250 [00:27<03:53,  4.85it/s]
[1Aphase1 epoch 0:  10%|▉         | 121/1250 [00:27<03:54,  4.82it/s]
[1Aphase1 epoch 0:  10%|▉         | 122/1250 [00:28<03:52,  4.85it/s]
[1Aphase1 epoch 0:  10%|▉         | 123/1250 [00:28<03:51,  4.87it/s]
[1Aphase1 epoch 0:  10%|▉         | 124/1250 [00:28<03:50,  4.88it/s]
[1Aphase1 epoch 0:  10%|█         | 125/1250 [00:28<03:51,  4.85it/s]
[1Aphase1 epoch 0:  10%|█         | 126/1250 [00:28<03:47,  4.94it/s]
[1Aphase1 epoch 0:  10%|█         | 127/1250 [00:29<03:48,  4.92it/s]
[1Aphase1 epoch 0:  10%|█         | 128/1250 [00:29<03:51,  4.85it/s]
[1Aphase1 epoch 0:  10%|█         | 129/1250 [00:29<03:51,  4.85it/s]
[1Aphase1 epoch 0:  10%|█         | 130/1250 [00:29<03:50,  4.85it/s]
[1Aphase1 epoch 0:  10%|█         | 131/1250 [00:29<03:49,  4.88it/s]
[1Aphase1 epoch 0:  11%|█         | 132/1250 [00:30<03:49,  4.87it/s]
[1Aphase1 epoch 0:  11%|█         | 133/1250 [00:30<03:48,  4.89it/s]
[1Aphase1 epoch 0:  11%|█         | 134/1250 [00:30<03:49,  4.85it/s]
[1Aphase1 epoch 0:  11%|█         | 135/1250 [00:30<03:46,  4.93it/s]
[1Aphase1 epoch 0:  11%|█         | 136/1250 [00:31<03:47,  4.90it/s]
[1Aphase1 epoch 0:  11%|█         | 137/1250 [00:31<03:44,  4.96it/s]
[1Aphase1 epoch 0:  11%|█         | 138/1250 [00:31<03:44,  4.94it/s]
[1Aphase1 epoch 0:  11%|█         | 139/1250 [00:31<03:46,  4.90it/s]
[1Aphase1 epoch 0:  11%|█         | 140/1250 [00:31<03:46,  4.90it/s]
[1Aphase1 epoch 0:  11%|█▏        | 141/1250 [00:32<03:45,  4.92it/s]
[1Aphase1 epoch 0:  11%|█▏        | 142/1250 [00:32<03:47,  4.87it/s]
[1Aphase1 epoch 0:  11%|█▏        | 143/1250 [00:32<03:48,  4.85it/s]
[1Aphase1 epoch 0:  12%|█▏        | 144/1250 [00:32<03:47,  4.87it/s]
[1Aphase1 epoch 0:  12%|█▏        | 145/1250 [00:32<03:50,  4.80it/s]
[1Aphase1 epoch 0:  12%|█▏        | 146/1250 [00:33<03:48,  4.83it/s]
[1Aphase1 epoch 0:  12%|█▏        | 147/1250 [00:33<03:47,  4.85it/s]
[1Aphase1 epoch 0:  12%|█▏        | 148/1250 [00:33<03:49,  4.81it/s]
[1Aphase1 epoch 0:  12%|█▏        | 149/1250 [00:33<03:47,  4.84it/s]
[1Aphase1 epoch 0:  12%|█▏        | 150/1250 [00:33<03:43,  4.92it/s]
[1Aphase1 epoch 0:  12%|█▏        | 151/1250 [00:34<03:43,  4.92it/s]
[1Aphase1 epoch 0:  12%|█▏        | 152/1250 [00:34<03:40,  4.98it/s]
[1Aphase1 epoch 0:  12%|█▏        | 153/1250 [00:34<03:41,  4.96it/s]
[1Aphase1 epoch 0:  12%|█▏        | 154/1250 [00:34<03:42,  4.92it/s]
[1Aphase1 epoch 0:  12%|█▏        | 155/1250 [00:34<03:39,  4.99it/s]
[1Aphase1 epoch 0:  12%|█▏        | 156/1250 [00:35<03:37,  5.03it/s]
[1Aphase1 epoch 0:  13%|█▎        | 157/1250 [00:35<03:40,  4.95it/s]
[1Aphase1 epoch 0:  13%|█▎        | 158/1250 [00:35<03:38,  5.00it/s]
[1Aphase1 epoch 0:  13%|█▎        | 159/1250 [00:35<03:39,  4.96it/s]
[1Aphase1 epoch 0:  13%|█▎        | 160/1250 [00:35<03:40,  4.95it/s]
[1Aphase1 epoch 0:  13%|█▎        | 161/1250 [00:36<03:41,  4.92it/s]
[1Aphase1 epoch 0:  13%|█▎        | 162/1250 [00:36<03:41,  4.91it/s]
[1Aphase1 epoch 0:  13%|█▎        | 163/1250 [00:36<03:38,  4.97it/s]
[1Aphase1 epoch 0:  13%|█▎        | 164/1250 [00:36<03:39,  4.96it/s]
[1Aphase1 epoch 0:  13%|█▎        | 165/1250 [00:36<03:39,  4.95it/s]
[1Aphase1 epoch 0:  13%|█▎        | 166/1250 [00:37<03:39,  4.93it/s]
[1Aphase1 epoch 0:  13%|█▎        | 167/1250 [00:37<03:37,  4.99it/s]
[1Aphase1 epoch 0:  13%|█▎        | 168/1250 [00:37<03:40,  4.92it/s]
[1Aphase1 epoch 0:  14%|█▎        | 169/1250 [00:37<03:41,  4.88it/s]
[1Aphase1 epoch 0:  14%|█▎        | 170/1250 [00:37<03:41,  4.87it/s]
[1Aphase1 epoch 0:  14%|█▎        | 171/1250 [00:38<03:41,  4.87it/s]
[1Aphase1 epoch 0:  14%|█▍        | 172/1250 [00:38<03:41,  4.88it/s]
[1Aphase1 epoch 0:  14%|█▍        | 173/1250 [00:38<03:40,  4.89it/s]
[1Aphase1 epoch 0:  14%|█▍        | 174/1250 [00:38<03:36,  4.96it/s]
[1Aphase1 epoch 0:  14%|█▍        | 175/1250 [00:38<03:38,  4.92it/s]
[1Aphase1 epoch 0:  14%|█▍        | 176/1250 [00:39<03:40,  4.88it/s]
[1Aphase1 epoch 0:  14%|█▍        | 177/1250 [00:39<03:39,  4.88it/s]
[1Aphase1 epoch 0:  14%|█▍        | 178/1250 [00:39<03:39,  4.89it/s]
[1Aphase1 epoch 0:  14%|█▍        | 179/1250 [00:39<03:35,  4.96it/s]
[1Aphase1 epoch 0:  14%|█▍        | 180/1250 [00:39<03:38,  4.89it/s]
[1Aphase1 epoch 0:  14%|█▍        | 181/1250 [00:40<03:38,  4.88it/s]
[1Aphase1 epoch 0:  15%|█▍        | 182/1250 [00:40<03:38,  4.89it/s]
[1Aphase1 epoch 0:  15%|█▍        | 183/1250 [00:40<03:38,  4.88it/s]
[1Aphase1 epoch 0:  15%|█▍        | 184/1250 [00:40<03:40,  4.84it/s]
[1Aphase1 epoch 0:  15%|█▍        | 185/1250 [00:40<03:39,  4.86it/s]
[1Aphase1 epoch 0:  15%|█▍        | 186/1250 [00:41<03:38,  4.86it/s]
[1Aphase1 epoch 0:  15%|█▍        | 187/1250 [00:41<03:37,  4.89it/s]
[1Aphase1 epoch 0:  15%|█▌        | 188/1250 [00:41<03:38,  4.86it/s]
[1Aphase1 epoch 0:  15%|█▌        | 189/1250 [00:41<03:35,  4.93it/s]
[1Aphase1 epoch 0:  15%|█▌        | 190/1250 [00:42<03:31,  5.01it/s]
[1Aphase1 epoch 0:  15%|█▌        | 191/1250 [00:42<03:32,  4.97it/s]
[1Aphase1 epoch 0:  15%|█▌        | 192/1250 [00:42<03:30,  5.02it/s]
[1Aphase1 epoch 0:  15%|█▌        | 193/1250 [00:42<03:32,  4.99it/s]
[1Aphase1 epoch 0:  16%|█▌        | 194/1250 [00:42<03:32,  4.96it/s]
[1Aphase1 epoch 0:  16%|█▌        | 195/1250 [00:43<03:36,  4.87it/s]
[1Aphase1 epoch 0:  16%|█▌        | 196/1250 [00:43<03:33,  4.95it/s]
[1Aphase1 epoch 0:  16%|█▌        | 197/1250 [00:43<03:35,  4.88it/s]
[1Aphase1 epoch 0:  16%|█▌        | 198/1250 [00:43<03:35,  4.89it/s]
[1Aphase1 epoch 0:  16%|█▌        | 199/1250 [00:43<03:35,  4.87it/s]
[1Aphase1 epoch 0:  16%|█▌        | 200/1250 [00:44<03:35,  4.88it/s]
[1Aphase1 epoch 0:  16%|█▌        | 201/1250 [00:44<03:31,  4.95it/s]
[1Aphase1 epoch 0:  16%|█▌        | 202/1250 [00:44<03:32,  4.93it/s]
[1Aphase1 epoch 0:  16%|█▌        | 203/1250 [00:44<03:33,  4.90it/s]
[1Aphase1 epoch 0:  16%|█▋        | 204/1250 [00:44<03:33,  4.91it/s]
[1Aphase1 epoch 0:  16%|█▋        | 205/1250 [00:45<03:36,  4.83it/s]
[1Aphase1 epoch 0:  16%|█▋        | 206/1250 [00:45<03:35,  4.85it/s]
[1Aphase1 epoch 0:  17%|█▋        | 207/1250 [00:45<03:35,  4.83it/s]
[1Aphase1 epoch 0:  17%|█▋        | 208/1250 [00:45<03:34,  4.85it/s]
[1Aphase1 epoch 0:  17%|█▋        | 209/1250 [00:45<03:33,  4.87it/s]
[1Aphase1 epoch 0:  17%|█▋        | 210/1250 [00:46<03:33,  4.88it/s]
[1Aphase1 epoch 0:  17%|█▋        | 211/1250 [00:46<03:32,  4.89it/s]
[1Aphase1 epoch 0:  17%|█▋        | 212/1250 [00:46<03:35,  4.82it/s]
[1Aphase1 epoch 0:  17%|█▋        | 213/1250 [00:46<03:31,  4.91it/s]
[1Aphase1 epoch 0:  17%|█▋        | 214/1250 [00:46<03:30,  4.91it/s]
[1Aphase1 epoch 0:  17%|█▋        | 215/1250 [00:47<03:30,  4.91it/s]
[1Aphase1 epoch 0:  17%|█▋        | 216/1250 [00:47<03:31,  4.88it/s]
[1Aphase1 epoch 0:  17%|█▋        | 217/1250 [00:47<03:28,  4.96it/s]
[1Aphase1 epoch 0:  17%|█▋        | 218/1250 [00:47<03:31,  4.89it/s]
[1Aphase1 epoch 0:  18%|█▊        | 219/1250 [00:47<03:31,  4.86it/s]
[1Aphase1 epoch 0:  18%|█▊        | 220/1250 [00:48<03:31,  4.87it/s]
[1Aphase1 epoch 0:  18%|█▊        | 221/1250 [00:48<03:27,  4.95it/s]
[1Aphase1 epoch 0:  18%|█▊        | 222/1250 [00:48<03:29,  4.90it/s]
[1Aphase1 epoch 0:  18%|█▊        | 223/1250 [00:48<03:30,  4.89it/s]
[1Aphase1 epoch 0:  18%|█▊        | 224/1250 [00:48<03:29,  4.89it/s]
[1Aphase1 epoch 0:  18%|█▊        | 225/1250 [00:49<03:26,  4.96it/s]
[1Aphase1 epoch 0:  18%|█▊        | 226/1250 [00:49<03:24,  5.01it/s]
[1Aphase1 epoch 0:  18%|█▊        | 227/1250 [00:49<03:24,  4.99it/s]
[1Aphase1 epoch 0:  18%|█▊        | 228/1250 [00:49<03:23,  5.03it/s]
[1Aphase1 epoch 0:  18%|█▊        | 229/1250 [00:49<03:21,  5.07it/s]
[1Aphase1 epoch 0:  18%|█▊        | 230/1250 [00:50<03:20,  5.08it/s]
[1Aphase1 epoch 0:  18%|█▊        | 231/1250 [00:50<03:19,  5.10it/s]
[1Aphase1 epoch 0:  19%|█▊        | 232/1250 [00:50<03:22,  5.04it/s]
[1Aphase1 epoch 0:  19%|█▊        | 233/1250 [00:50<03:25,  4.96it/s]
[1Aphase1 epoch 0:  19%|█▊        | 234/1250 [00:50<03:25,  4.94it/s]
[1Aphase1 epoch 0:  19%|█▉        | 235/1250 [00:51<03:23,  4.99it/s]
[1Aphase1 epoch 0:  19%|█▉        | 236/1250 [00:51<03:25,  4.93it/s]
[1Aphase1 epoch 0:  19%|█▉        | 237/1250 [00:51<03:26,  4.90it/s]
[1Aphase1 epoch 0:  19%|█▉        | 238/1250 [00:51<03:28,  4.86it/s]
[1Aphase1 epoch 0:  19%|█▉        | 239/1250 [00:51<03:24,  4.94it/s]
[1Aphase1 epoch 0:  19%|█▉        | 240/1250 [00:52<03:27,  4.88it/s]
[1Aphase1 epoch 0:  19%|█▉        | 241/1250 [00:52<03:27,  4.86it/s]
[1Aphase1 epoch 0:  19%|█▉        | 242/1250 [00:52<03:26,  4.88it/s]
[1Aphase1 epoch 0:  19%|█▉        | 243/1250 [00:52<03:25,  4.90it/s]
[1Aphase1 epoch 0:  20%|█▉        | 244/1250 [00:52<03:25,  4.90it/s]
[1Aphase1 epoch 0:  20%|█▉        | 245/1250 [00:53<03:25,  4.90it/s]
[1Aphase1 epoch 0:  20%|█▉        | 246/1250 [00:53<03:25,  4.88it/s]
[1Aphase1 epoch 0:  20%|█▉        | 247/1250 [00:53<03:25,  4.89it/s]
[1Aphase1 epoch 0:  20%|█▉        | 248/1250 [00:53<03:22,  4.96it/s]
[1Aphase1 epoch 0:  20%|█▉        | 249/1250 [00:53<03:20,  5.00it/s]
[1Aphase1 epoch 0:  20%|██        | 250/1250 [00:54<03:21,  4.96it/s]
[1Aphase1 epoch 0:  20%|██        | 251/1250 [00:54<03:21,  4.95it/s]
[1Aphase1 epoch 0:  20%|██        | 252/1250 [00:54<03:21,  4.95it/s]
[1Aphase1 epoch 0:  20%|██        | 253/1250 [00:54<03:21,  4.94it/s]
[1Aphase1 epoch 0:  20%|██        | 254/1250 [00:55<03:21,  4.94it/s]
[1Aphase1 epoch 0:  20%|██        | 255/1250 [00:55<03:21,  4.93it/s]
[1Aphase1 epoch 0:  20%|██        | 256/1250 [00:55<03:21,  4.92it/s]
[1Aphase1 epoch 0:  21%|██        | 257/1250 [00:55<03:19,  4.98it/s]
[1Aphase1 epoch 0:  21%|██        | 258/1250 [00:55<03:20,  4.95it/s]
[1Aphase1 epoch 0:  21%|██        | 259/1250 [00:56<03:21,  4.93it/s]
[1Aphase1 epoch 0:  21%|██        | 260/1250 [00:56<03:20,  4.93it/s]
[1Aphase1 epoch 0:  21%|██        | 261/1250 [00:56<03:20,  4.93it/s]
[1Aphase1 epoch 0:  21%|██        | 262/1250 [00:56<03:18,  4.99it/s]
[1Aphase1 epoch 0:  21%|██        | 263/1250 [00:56<03:21,  4.90it/s]
[1Aphase1 epoch 0:  21%|██        | 264/1250 [00:57<03:22,  4.87it/s]
[1Aphase1 epoch 0:  21%|██        | 265/1250 [00:57<03:21,  4.89it/s]
[1Aphase1 epoch 0:  21%|██▏       | 266/1250 [00:57<03:21,  4.88it/s]
[1Aphase1 epoch 0:  21%|██▏       | 267/1250 [00:57<03:20,  4.90it/s]
[1Aphase1 epoch 0:  21%|██▏       | 268/1250 [00:57<03:21,  4.87it/s]
[1Aphase1 epoch 0:  22%|██▏       | 269/1250 [00:58<03:21,  4.88it/s]
[1Aphase1 epoch 0:  22%|██▏       | 270/1250 [00:58<03:21,  4.86it/s]
[1Aphase1 epoch 0:  22%|██▏       | 271/1250 [00:58<03:22,  4.84it/s]
[1Aphase1 epoch 0:  22%|██▏       | 272/1250 [00:58<03:18,  4.92it/s]
[1Aphase1 epoch 0:  22%|██▏       | 273/1250 [00:58<03:18,  4.91it/s]
[1Aphase1 epoch 0:  22%|██▏       | 274/1250 [00:59<03:18,  4.92it/s]
[1Aphase1 epoch 0:  22%|██▏       | 275/1250 [00:59<03:18,  4.91it/s]
[1Aphase1 epoch 0:  22%|██▏       | 276/1250 [00:59<03:18,  4.91it/s]
[1Aphase1 epoch 0:  22%|██▏       | 277/1250 [00:59<03:15,  4.97it/s]
[1Aphase1 epoch 0:  22%|██▏       | 278/1250 [00:59<03:16,  4.95it/s]
[1Aphase1 epoch 0:  22%|██▏       | 279/1250 [01:00<03:18,  4.89it/s]
[1Aphase1 epoch 0:  22%|██▏       | 280/1250 [01:00<03:18,  4.88it/s]
[1Aphase1 epoch 0:  22%|██▏       | 281/1250 [01:00<03:15,  4.95it/s]
[1Aphase1 epoch 0:  23%|██▎       | 282/1250 [01:00<03:17,  4.89it/s]
[1Aphase1 epoch 0:  23%|██▎       | 283/1250 [01:00<03:14,  4.97it/s]
[1Aphase1 epoch 0:  23%|██▎       | 284/1250 [01:01<03:16,  4.92it/s]
[1Aphase1 epoch 0:  23%|██▎       | 285/1250 [01:01<03:16,  4.90it/s]
[1Aphase1 epoch 0:  23%|██▎       | 286/1250 [01:01<03:17,  4.87it/s]
[1Aphase1 epoch 0:  23%|██▎       | 287/1250 [01:01<03:16,  4.89it/s]
[1Aphase1 epoch 0:  23%|██▎       | 288/1250 [01:01<03:16,  4.88it/s]
[1Aphase1 epoch 0:  23%|██▎       | 289/1250 [01:02<03:16,  4.89it/s]
[1Aphase1 epoch 0:  23%|██▎       | 290/1250 [01:02<03:17,  4.87it/s]
[1Aphase1 epoch 0:  23%|██▎       | 291/1250 [01:02<03:16,  4.88it/s]
[1Aphase1 epoch 0:  23%|██▎       | 292/1250 [01:02<03:16,  4.89it/s]
[1Aphase1 epoch 0:  23%|██▎       | 293/1250 [01:02<03:15,  4.88it/s]
[1Aphase1 epoch 0:  24%|██▎       | 294/1250 [01:03<03:16,  4.88it/s]
[1Aphase1 epoch 0:  24%|██▎       | 295/1250 [01:03<03:13,  4.95it/s]
[1Aphase1 epoch 0:  24%|██▎       | 296/1250 [01:03<03:13,  4.92it/s]
[1Aphase1 epoch 0:  24%|██▍       | 297/1250 [01:03<03:11,  4.99it/s]
[1Aphase1 epoch 0:  24%|██▍       | 298/1250 [01:03<03:12,  4.94it/s]
[1Aphase1 epoch 0:  24%|██▍       | 299/1250 [01:04<03:12,  4.94it/s]
[1Aphase1 epoch 0:  24%|██▍       | 300/1250 [01:04<03:14,  4.87it/s]
[1Aphase1 epoch 0:  24%|██▍       | 301/1250 [01:04<03:11,  4.95it/s]
[1Aphase1 epoch 0:  24%|██▍       | 302/1250 [01:04<03:09,  5.00it/s]
[1Aphase1 epoch 0:  24%|██▍       | 303/1250 [01:04<03:12,  4.92it/s]
[1Aphase1 epoch 0:  24%|██▍       | 304/1250 [01:05<03:12,  4.91it/s]
[1Aphase1 epoch 0:  24%|██▍       | 305/1250 [01:05<03:09,  4.97it/s]
[1Aphase1 epoch 0:  24%|██▍       | 306/1250 [01:05<03:08,  5.02it/s]
[1Aphase1 epoch 0:  25%|██▍       | 307/1250 [01:05<03:06,  5.05it/s]
[1Aphase1 epoch 0:  25%|██▍       | 308/1250 [01:05<03:09,  4.98it/s]
[1Aphase1 epoch 0:  25%|██▍       | 309/1250 [01:06<03:10,  4.94it/s]
[1Aphase1 epoch 0:  25%|██▍       | 310/1250 [01:06<03:10,  4.93it/s]
[1Aphase1 epoch 0:  25%|██▍       | 311/1250 [01:06<03:10,  4.92it/s]
[1Aphase1 epoch 0:  25%|██▍       | 312/1250 [01:06<03:10,  4.92it/s]
[1Aphase1 epoch 0:  25%|██▌       | 313/1250 [01:06<03:10,  4.92it/s]
[1Aphase1 epoch 0:  25%|██▌       | 314/1250 [01:07<03:09,  4.93it/s]
[1Aphase1 epoch 0:  25%|██▌       | 315/1250 [01:07<03:09,  4.92it/s]
[1Aphase1 epoch 0:  25%|██▌       | 316/1250 [01:07<03:09,  4.92it/s]
[1Aphase1 epoch 0:  25%|██▌       | 317/1250 [01:07<03:10,  4.91it/s]
[1Aphase1 epoch 0:  25%|██▌       | 318/1250 [01:08<03:10,  4.88it/s]
[1Aphase1 epoch 0:  26%|██▌       | 319/1250 [01:08<03:10,  4.89it/s]
[1Aphase1 epoch 0:  26%|██▌       | 320/1250 [01:08<03:07,  4.96it/s]
[1Aphase1 epoch 0:  26%|██▌       | 321/1250 [01:08<03:05,  5.02it/s]
[1Aphase1 epoch 0:  26%|██▌       | 322/1250 [01:08<03:06,  4.99it/s]
[1Aphase1 epoch 0:  26%|██▌       | 323/1250 [01:09<03:04,  5.02it/s]
[1Aphase1 epoch 0:  26%|██▌       | 324/1250 [01:09<03:02,  5.06it/s]
[1Aphase1 epoch 0:  26%|██▌       | 325/1250 [01:09<03:05,  4.99it/s]
[1Aphase1 epoch 0:  26%|██▌       | 326/1250 [01:09<03:07,  4.92it/s]
[1Aphase1 epoch 0:  26%|██▌       | 327/1250 [01:09<03:05,  4.98it/s]
[1Aphase1 epoch 0:  26%|██▌       | 328/1250 [01:10<03:07,  4.92it/s]
[1Aphase1 epoch 0:  26%|██▋       | 329/1250 [01:10<03:07,  4.90it/s]
[1Aphase1 epoch 0:  26%|██▋       | 330/1250 [01:10<03:07,  4.90it/s]
[1Aphase1 epoch 0:  26%|██▋       | 331/1250 [01:10<03:04,  4.97it/s]
[1Aphase1 epoch 0:  27%|██▋       | 332/1250 [01:10<03:02,  5.02it/s]
[1Aphase1 epoch 0:  27%|██▋       | 333/1250 [01:11<03:03,  4.99it/s]
[1Aphase1 epoch 0:  27%|██▋       | 334/1250 [01:11<03:04,  4.97it/s]
[1Aphase1 epoch 0:  27%|██▋       | 335/1250 [01:11<03:05,  4.94it/s]
[1Aphase1 epoch 0:  27%|██▋       | 336/1250 [01:11<03:07,  4.89it/s]
[1Aphase1 epoch 0:  27%|██▋       | 337/1250 [01:11<03:04,  4.95it/s]
[1Aphase1 epoch 0:  27%|██▋       | 338/1250 [01:12<03:04,  4.93it/s]
[1Aphase1 epoch 0:  27%|██▋       | 339/1250 [01:12<03:06,  4.88it/s]
[1Aphase1 epoch 0:  27%|██▋       | 340/1250 [01:12<03:06,  4.88it/s]
[1Aphase1 epoch 0:  27%|██▋       | 341/1250 [01:12<03:03,  4.95it/s]
[1Aphase1 epoch 0:  27%|██▋       | 342/1250 [01:12<03:03,  4.94it/s]
[1Aphase1 epoch 0:  27%|██▋       | 343/1250 [01:13<03:03,  4.94it/s]
[1Aphase1 epoch 0:  28%|██▊       | 344/1250 [01:13<03:03,  4.93it/s]
[1Aphase1 epoch 0:  28%|██▊       | 345/1250 [01:13<03:03,  4.92it/s]
[1Aphase1 epoch 0:  28%|██▊       | 346/1250 [01:13<03:04,  4.91it/s]
[1Aphase1 epoch 0:  28%|██▊       | 347/1250 [01:13<03:04,  4.89it/s]
[1Aphase1 epoch 0:  28%|██▊       | 348/1250 [01:14<03:04,  4.90it/s]
[1Aphase1 epoch 0:  28%|██▊       | 349/1250 [01:14<03:03,  4.90it/s]
[1Aphase1 epoch 0:  28%|██▊       | 350/1250 [01:14<03:04,  4.89it/s]
[1Aphase1 epoch 0:  28%|██▊       | 351/1250 [01:14<03:03,  4.89it/s]
[1Aphase1 epoch 0:  28%|██▊       | 352/1250 [01:14<03:00,  4.96it/s]
[1Aphase1 epoch 0:  28%|██▊       | 353/1250 [01:15<03:01,  4.93it/s]
[1Aphase1 epoch 0:  28%|██▊       | 354/1250 [01:15<02:59,  4.99it/s]
[1Aphase1 epoch 0:  28%|██▊       | 355/1250 [01:15<03:00,  4.97it/s]
[1Aphase1 epoch 0:  28%|██▊       | 356/1250 [01:15<03:00,  4.95it/s]
[1Aphase1 epoch 0:  29%|██▊       | 357/1250 [01:15<02:58,  5.00it/s]
[1Aphase1 epoch 0:  29%|██▊       | 358/1250 [01:16<02:57,  5.04it/s]
[1Aphase1 epoch 0:  29%|██▊       | 359/1250 [01:16<02:59,  4.97it/s]
[1Aphase1 epoch 0:  29%|██▉       | 360/1250 [01:16<02:59,  4.96it/s]
[1Aphase1 epoch 0:  29%|██▉       | 361/1250 [01:16<02:59,  4.94it/s]
[1Aphase1 epoch 0:  29%|██▉       | 362/1250 [01:16<02:57,  4.99it/s]
[1Aphase1 epoch 0:  29%|██▉       | 363/1250 [01:17<02:58,  4.96it/s]
[1Aphase1 epoch 0:  29%|██▉       | 364/1250 [01:17<02:59,  4.94it/s]
[1Aphase1 epoch 0:  29%|██▉       | 365/1250 [01:17<02:59,  4.93it/s]
[1Aphase1 epoch 0:  29%|██▉       | 366/1250 [01:17<02:59,  4.91it/s]
[1Aphase1 epoch 0:  29%|██▉       | 367/1250 [01:17<03:00,  4.90it/s]
[1Aphase1 epoch 0:  29%|██▉       | 368/1250 [01:18<03:00,  4.88it/s]
[1Aphase1 epoch 0:  30%|██▉       | 369/1250 [01:18<02:58,  4.95it/s]
[1Aphase1 epoch 0:  30%|██▉       | 370/1250 [01:18<02:59,  4.89it/s]
[1Aphase1 epoch 0:  30%|██▉       | 371/1250 [01:18<03:00,  4.87it/s]
[1Aphase1 epoch 0:  30%|██▉       | 372/1250 [01:18<03:00,  4.87it/s]
[1Aphase1 epoch 0:  30%|██▉       | 373/1250 [01:19<03:00,  4.87it/s]
[1Aphase1 epoch 0:  30%|██▉       | 374/1250 [01:19<03:01,  4.84it/s]
[1Aphase1 epoch 0:  30%|███       | 375/1250 [01:19<03:00,  4.84it/s]
[1Aphase1 epoch 0:  30%|███       | 376/1250 [01:19<02:59,  4.86it/s]
[1Aphase1 epoch 0:  30%|███       | 377/1250 [01:19<03:01,  4.82it/s]
[1Aphase1 epoch 0:  30%|███       | 378/1250 [01:20<03:00,  4.84it/s]
[1Aphase1 epoch 0:  30%|███       | 379/1250 [01:20<02:56,  4.93it/s]
[1Aphase1 epoch 0:  30%|███       | 380/1250 [01:20<02:56,  4.92it/s]
[1Aphase1 epoch 0:  30%|███       | 381/1250 [01:20<02:58,  4.87it/s]
[1Aphase1 epoch 0:  31%|███       | 382/1250 [01:21<02:57,  4.89it/s]
[1Aphase1 epoch 0:  31%|███       | 383/1250 [01:21<02:55,  4.95it/s]
[1Aphase1 epoch 0:  31%|███       | 384/1250 [01:21<02:53,  5.00it/s]
[1Aphase1 epoch 0:  31%|███       | 385/1250 [01:21<02:55,  4.93it/s]
[1Aphase1 epoch 0:  31%|███       | 386/1250 [01:21<02:53,  4.98it/s]
[1Aphase1 epoch 0:  31%|███       | 387/1250 [01:22<02:54,  4.95it/s]
[1Aphase1 epoch 0:  31%|███       | 388/1250 [01:22<02:55,  4.92it/s]
[1Aphase1 epoch 0:  31%|███       | 389/1250 [01:22<02:57,  4.86it/s]
[1Aphase1 epoch 0:  31%|███       | 390/1250 [01:22<02:53,  4.95it/s]
[1Aphase1 epoch 0:  31%|███▏      | 391/1250 [01:22<02:54,  4.92it/s]
[1Aphase1 epoch 0:  31%|███▏      | 392/1250 [01:23<02:54,  4.92it/s]
[1Aphase1 epoch 0:  31%|███▏      | 393/1250 [01:23<02:52,  4.98it/s]
[1Aphase1 epoch 0:  32%|███▏      | 394/1250 [01:23<02:50,  5.02it/s]
[1Aphase1 epoch 0:  32%|███▏      | 395/1250 [01:23<02:53,  4.94it/s]
[1Aphase1 epoch 0:  32%|███▏      | 396/1250 [01:23<02:53,  4.93it/s]
[1Aphase1 epoch 0:  32%|███▏      | 397/1250 [01:24<02:51,  4.98it/s]
[1Aphase1 epoch 0:  32%|███▏      | 398/1250 [01:24<02:49,  5.02it/s]
[1Aphase1 epoch 0:  32%|███▏      | 399/1250 [01:24<02:51,  4.95it/s]
[1Aphase1 epoch 0:  32%|███▏      | 400/1250 [01:24<02:50,  5.00it/s]
[1Aphase1 epoch 0:  32%|███▏      | 401/1250 [01:24<02:53,  4.90it/s]
[1Aphase1 epoch 0:  32%|███▏      | 402/1250 [01:25<02:52,  4.91it/s]
[1Aphase1 epoch 0:  32%|███▏      | 403/1250 [01:25<02:52,  4.90it/s]
[1Aphase1 epoch 0:  32%|███▏      | 404/1250 [01:25<02:53,  4.89it/s]
[1Aphase1 epoch 0:  32%|███▏      | 405/1250 [01:25<02:52,  4.89it/s]
[1Aphase1 epoch 0:  32%|███▏      | 406/1250 [01:25<02:53,  4.87it/s]
[1Aphase1 epoch 0:  33%|███▎      | 407/1250 [01:26<02:52,  4.87it/s]
[1Aphase1 epoch 0:  33%|███▎      | 408/1250 [01:26<02:53,  4.87it/s]
[1Aphase1 epoch 0:  33%|███▎      | 409/1250 [01:26<02:51,  4.89it/s]
[1Aphase1 epoch 0:  33%|███▎      | 410/1250 [01:26<02:49,  4.96it/s]
[1Aphase1 epoch 0:  33%|███▎      | 411/1250 [01:26<02:49,  4.94it/s]
[1Aphase1 epoch 0:  33%|███▎      | 412/1250 [01:27<02:47,  4.99it/s]
[1Aphase1 epoch 0:  33%|███▎      | 413/1250 [01:27<02:46,  5.03it/s]
[1Aphase1 epoch 0:  33%|███▎      | 414/1250 [01:27<02:47,  5.00it/s]
[1Aphase1 epoch 0:  33%|███▎      | 415/1250 [01:27<02:47,  4.97it/s]
[1Aphase1 epoch 0:  33%|███▎      | 416/1250 [01:27<02:48,  4.95it/s]
[1Aphase1 epoch 0:  33%|███▎      | 417/1250 [01:28<02:49,  4.90it/s]
[1Aphase1 epoch 0:  33%|███▎      | 418/1250 [01:28<02:47,  4.97it/s]
[1Aphase1 epoch 0:  34%|███▎      | 419/1250 [01:28<02:47,  4.95it/s]
[1Aphase1 epoch 0:  34%|███▎      | 420/1250 [01:28<02:48,  4.92it/s]
[1Aphase1 epoch 0:  34%|███▎      | 421/1250 [01:28<02:48,  4.93it/s]
[1Aphase1 epoch 0:  34%|███▍      | 422/1250 [01:29<02:46,  4.99it/s]
[1Aphase1 epoch 0:  34%|███▍      | 423/1250 [01:29<02:44,  5.03it/s]
[1Aphase1 epoch 0:  34%|███▍      | 424/1250 [01:29<02:46,  4.97it/s]
[1Aphase1 epoch 0:  34%|███▍      | 425/1250 [01:29<02:46,  4.97it/s]
[1Aphase1 epoch 0:  34%|███▍      | 426/1250 [01:29<02:44,  5.01it/s]
[1Aphase1 epoch 0:  34%|███▍      | 427/1250 [01:30<02:45,  4.99it/s]
[1Aphase1 epoch 0:  34%|███▍      | 428/1250 [01:30<02:43,  5.03it/s]
[1Aphase1 epoch 0:  34%|███▍      | 429/1250 [01:30<02:44,  4.98it/s]
[1Aphase1 epoch 0:  34%|███▍      | 430/1250 [01:30<02:46,  4.92it/s]
[1Aphase1 epoch 0:  34%|███▍      | 431/1250 [01:30<02:44,  4.98it/s]
[1Aphase1 epoch 0:  35%|███▍      | 432/1250 [01:31<02:42,  5.02it/s]
[1Aphase1 epoch 0:  35%|███▍      | 433/1250 [01:31<02:41,  5.05it/s]
[1Aphase1 epoch 0:  35%|███▍      | 434/1250 [01:31<02:40,  5.08it/s]
[1Aphase1 epoch 0:  35%|███▍      | 435/1250 [01:31<02:42,  5.00it/s]
[1Aphase1 epoch 0:  35%|███▍      | 436/1250 [01:31<02:41,  5.03it/s]
[1Aphase1 epoch 0:  35%|███▍      | 437/1250 [01:32<02:42,  5.00it/s]
[1Aphase1 epoch 0:  35%|███▌      | 438/1250 [01:32<02:44,  4.93it/s]
[1Aphase1 epoch 0:  35%|███▌      | 439/1250 [01:32<02:44,  4.94it/s]
[1Aphase1 epoch 0:  35%|███▌      | 440/1250 [01:32<02:44,  4.93it/s]
[1Aphase1 epoch 0:  35%|███▌      | 441/1250 [01:32<02:44,  4.92it/s]
[1Aphase1 epoch 0:  35%|███▌      | 442/1250 [01:33<02:45,  4.89it/s]
[1Aphase1 epoch 0:  35%|███▌      | 443/1250 [01:33<02:46,  4.85it/s]
[1Aphase1 epoch 0:  36%|███▌      | 444/1250 [01:33<02:43,  4.93it/s]
[1Aphase1 epoch 0:  36%|███▌      | 445/1250 [01:33<02:46,  4.85it/s]
[1Aphase1 epoch 0:  36%|███▌      | 446/1250 [01:33<02:45,  4.86it/s]
[1Aphase1 epoch 0:  36%|███▌      | 447/1250 [01:34<02:44,  4.88it/s]
[1Aphase1 epoch 0:  36%|███▌      | 448/1250 [01:34<02:43,  4.89it/s]
[1Aphase1 epoch 0:  36%|███▌      | 449/1250 [01:34<02:45,  4.85it/s]
[1Aphase1 epoch 0:  36%|███▌      | 450/1250 [01:34<02:44,  4.86it/s]
[1Aphase1 epoch 0:  36%|███▌      | 451/1250 [01:34<02:41,  4.94it/s]
[1Aphase1 epoch 0:  36%|███▌      | 452/1250 [01:35<02:42,  4.91it/s]
[1Aphase1 epoch 0:  36%|███▌      | 453/1250 [01:35<02:39,  4.98it/s]
[1Aphase1 epoch 0:  36%|███▋      | 454/1250 [01:35<02:40,  4.97it/s]
[1Aphase1 epoch 0:  36%|███▋      | 455/1250 [01:35<02:41,  4.94it/s]
[1Aphase1 epoch 0:  36%|███▋      | 456/1250 [01:35<02:40,  4.93it/s]
[1Aphase1 epoch 0:  37%|███▋      | 457/1250 [01:36<02:41,  4.92it/s]
[1Aphase1 epoch 0:  37%|███▋      | 458/1250 [01:36<02:38,  4.98it/s]
[1Aphase1 epoch 0:  37%|███▋      | 459/1250 [01:36<02:40,  4.94it/s]
[1Aphase1 epoch 0:  37%|███▋      | 460/1250 [01:36<02:40,  4.93it/s]
[1Aphase1 epoch 0:  37%|███▋      | 461/1250 [01:36<02:43,  4.84it/s]
[1Aphase1 epoch 0:  37%|███▋      | 462/1250 [01:37<02:42,  4.86it/s]
[1Aphase1 epoch 0:  37%|███▋      | 463/1250 [01:37<02:42,  4.83it/s]
[1Aphase1 epoch 0:  37%|███▋      | 464/1250 [01:37<02:39,  4.92it/s]
[1Aphase1 epoch 0:  37%|███▋      | 465/1250 [01:37<02:37,  4.97it/s]
[1Aphase1 epoch 0:  37%|███▋      | 466/1250 [01:37<02:38,  4.94it/s]
[1Aphase1 epoch 0:  37%|███▋      | 467/1250 [01:38<02:38,  4.93it/s]
[1Aphase1 epoch 0:  37%|███▋      | 468/1250 [01:38<02:40,  4.88it/s]
[1Aphase1 epoch 0:  38%|███▊      | 469/1250 [01:38<02:40,  4.86it/s]
[1Aphase1 epoch 0:  38%|███▊      | 470/1250 [01:38<02:37,  4.94it/s]
[1Aphase1 epoch 0:  38%|███▊      | 471/1250 [01:39<02:38,  4.92it/s]
[1Aphase1 epoch 0:  38%|███▊      | 472/1250 [01:39<02:38,  4.90it/s]
[1Aphase1 epoch 0:  38%|███▊      | 473/1250 [01:39<02:36,  4.97it/s]
[1Aphase1 epoch 0:  38%|███▊      | 474/1250 [01:39<02:38,  4.91it/s]
[1Aphase1 epoch 0:  38%|███▊      | 475/1250 [01:39<02:38,  4.88it/s]
[1Aphase1 epoch 0:  38%|███▊      | 476/1250 [01:40<02:36,  4.95it/s]
[1Aphase1 epoch 0:  38%|███▊      | 477/1250 [01:40<02:36,  4.93it/s]
[1Aphase1 epoch 0:  38%|███▊      | 478/1250 [01:40<02:37,  4.92it/s]
[1Aphase1 epoch 0:  38%|███▊      | 479/1250 [01:40<02:35,  4.97it/s]
[1Aphase1 epoch 0:  38%|███▊      | 480/1250 [01:40<02:35,  4.95it/s]
[1Aphase1 epoch 0:  38%|███▊      | 481/1250 [01:41<02:37,  4.88it/s]
[1Aphase1 epoch 0:  39%|███▊      | 482/1250 [01:41<02:36,  4.90it/s]
[1Aphase1 epoch 0:  39%|███▊      | 483/1250 [01:41<02:36,  4.89it/s]
[1Aphase1 epoch 0:  39%|███▊      | 484/1250 [01:41<02:36,  4.90it/s]
[1Aphase1 epoch 0:  39%|███▉      | 485/1250 [01:41<02:34,  4.96it/s]
[1Aphase1 epoch 0:  39%|███▉      | 486/1250 [01:42<02:34,  4.94it/s]
[1Aphase1 epoch 0:  39%|███▉      | 487/1250 [01:42<02:32,  4.99it/s]
[1Aphase1 epoch 0:  39%|███▉      | 488/1250 [01:42<02:33,  4.97it/s]
[1Aphase1 epoch 0:  39%|███▉      | 489/1250 [01:42<02:34,  4.92it/s]
[1Aphase1 epoch 0:  39%|███▉      | 490/1250 [01:42<02:34,  4.92it/s]
[1Aphase1 epoch 0:  39%|███▉      | 491/1250 [01:43<02:32,  4.98it/s]
[1Aphase1 epoch 0:  39%|███▉      | 492/1250 [01:43<02:32,  4.96it/s]
[1Aphase1 epoch 0:  39%|███▉      | 493/1250 [01:43<02:33,  4.93it/s]
[1Aphase1 epoch 0:  40%|███▉      | 494/1250 [01:43<02:35,  4.88it/s]
[1Aphase1 epoch 0:  40%|███▉      | 495/1250 [01:43<02:35,  4.86it/s]
[1Aphase1 epoch 0:  40%|███▉      | 496/1250 [01:44<02:35,  4.84it/s]
[1Aphase1 epoch 0:  40%|███▉      | 497/1250 [01:44<02:35,  4.86it/s]
[1Aphase1 epoch 0:  40%|███▉      | 498/1250 [01:44<02:33,  4.91it/s]
[1Aphase1 epoch 0:  40%|███▉      | 499/1250 [01:44<02:32,  4.91it/s]
[1Aphase1 epoch 0:  40%|████      | 500/1250 [01:44<02:32,  4.91it/s]
[1Aphase1 epoch 0:  40%|████      | 501/1250 [01:45<02:31,  4.96it/s]
[1Aphase1 epoch 0:  40%|████      | 502/1250 [01:45<02:29,  5.01it/s]
[1Aphase1 epoch 0:  40%|████      | 503/1250 [01:45<02:29,  4.98it/s]
[1Aphase1 epoch 0:  40%|████      | 504/1250 [01:45<02:30,  4.95it/s]
[1Aphase1 epoch 0:  40%|████      | 505/1250 [01:45<02:31,  4.93it/s]
[1Aphase1 epoch 0:  40%|████      | 506/1250 [01:46<02:32,  4.89it/s]
[1Aphase1 epoch 0:  41%|████      | 507/1250 [01:46<02:32,  4.88it/s]
[1Aphase1 epoch 0:  41%|████      | 508/1250 [01:46<02:29,  4.96it/s]
[1Aphase1 epoch 0:  41%|████      | 509/1250 [01:46<02:29,  4.94it/s]
[1Aphase1 epoch 0:  41%|████      | 510/1250 [01:46<02:28,  5.00it/s]
[1Aphase1 epoch 0:  41%|████      | 511/1250 [01:47<02:28,  4.96it/s]
[1Aphase1 epoch 0:  41%|████      | 512/1250 [01:47<02:28,  4.96it/s]
[1Aphase1 epoch 0:  41%|████      | 513/1250 [01:47<02:27,  5.01it/s]
[1Aphase1 epoch 0:  41%|████      | 514/1250 [01:47<02:29,  4.93it/s]
[1Aphase1 epoch 0:  41%|████      | 515/1250 [01:47<02:29,  4.92it/s]
[1Aphase1 epoch 0:  41%|████▏     | 516/1250 [01:48<02:27,  4.97it/s]
[1Aphase1 epoch 0:  41%|████▏     | 517/1250 [01:48<02:30,  4.87it/s]
[1Aphase1 epoch 0:  41%|████▏     | 518/1250 [01:48<02:30,  4.88it/s]
[1Aphase1 epoch 0:  42%|████▏     | 519/1250 [01:48<02:30,  4.86it/s]
[1Aphase1 epoch 0:  42%|████▏     | 520/1250 [01:48<02:29,  4.87it/s]
[1Aphase1 epoch 0:  42%|████▏     | 521/1250 [01:49<02:27,  4.94it/s]
[1Aphase1 epoch 0:  42%|████▏     | 522/1250 [01:49<02:25,  4.99it/s]
[1Aphase1 epoch 0:  42%|████▏     | 523/1250 [01:49<02:26,  4.97it/s]
[1Aphase1 epoch 0:  42%|████▏     | 524/1250 [01:49<02:26,  4.95it/s]
[1Aphase1 epoch 0:  42%|████▏     | 525/1250 [01:49<02:27,  4.93it/s]
[1Aphase1 epoch 0:  42%|████▏     | 526/1250 [01:50<02:28,  4.87it/s]
[1Aphase1 epoch 0:  42%|████▏     | 527/1250 [01:50<02:28,  4.88it/s]
[1Aphase1 epoch 0:  42%|████▏     | 528/1250 [01:50<02:27,  4.88it/s]
[1Aphase1 epoch 0:  42%|████▏     | 529/1250 [01:50<02:27,  4.87it/s]
[1Aphase1 epoch 0:  42%|████▏     | 530/1250 [01:51<02:28,  4.84it/s]
[1Aphase1 epoch 0:  42%|████▏     | 531/1250 [01:51<02:28,  4.86it/s]
[1Aphase1 epoch 0:  43%|████▎     | 532/1250 [01:51<02:25,  4.93it/s]
[1Aphase1 epoch 0:  43%|████▎     | 533/1250 [01:51<02:23,  4.99it/s]
[1Aphase1 epoch 0:  43%|████▎     | 534/1250 [01:51<02:24,  4.97it/s]
[1Aphase1 epoch 0:  43%|████▎     | 535/1250 [01:52<02:25,  4.92it/s]
[1Aphase1 epoch 0:  43%|████▎     | 536/1250 [01:52<02:25,  4.92it/s]
[1Aphase1 epoch 0:  43%|████▎     | 537/1250 [01:52<02:25,  4.92it/s]
[1Aphase1 epoch 0:  43%|████▎     | 538/1250 [01:52<02:26,  4.87it/s]
[1Aphase1 epoch 0:  43%|████▎     | 539/1250 [01:52<02:25,  4.88it/s]
[1Aphase1 epoch 0:  43%|████▎     | 540/1250 [01:53<02:25,  4.88it/s]
[1Aphase1 epoch 0:  43%|████▎     | 541/1250 [01:53<02:24,  4.89it/s]
[1Aphase1 epoch 0:  43%|████▎     | 542/1250 [01:53<02:22,  4.97it/s]
[1Aphase1 epoch 0:  43%|████▎     | 543/1250 [01:53<02:25,  4.85it/s]
[1Aphase1 epoch 0:  44%|████▎     | 544/1250 [01:53<02:25,  4.86it/s]
[1Aphase1 epoch 0:  44%|████▎     | 545/1250 [01:54<02:24,  4.86it/s]
[1Aphase1 epoch 0:  44%|████▎     | 546/1250 [01:54<02:24,  4.87it/s]
[1Aphase1 epoch 0:  44%|████▍     | 547/1250 [01:54<02:24,  4.87it/s]
[1Aphase1 epoch 0:  44%|████▍     | 548/1250 [01:54<02:24,  4.87it/s]
[1Aphase1 epoch 0:  44%|████▍     | 549/1250 [01:54<02:24,  4.85it/s]
[1Aphase1 epoch 0:  44%|████▍     | 550/1250 [01:55<02:23,  4.88it/s]
[1Aphase1 epoch 0:  44%|████▍     | 551/1250 [01:55<02:23,  4.87it/s]
[1Aphase1 epoch 0:  44%|████▍     | 552/1250 [01:55<02:22,  4.89it/s]
[1Aphase1 epoch 0:  44%|████▍     | 553/1250 [01:55<02:23,  4.86it/s]
[1Aphase1 epoch 0:  44%|████▍     | 554/1250 [01:55<02:23,  4.86it/s]
[1Aphase1 epoch 0:  44%|████▍     | 555/1250 [01:56<02:20,  4.94it/s]
[1Aphase1 epoch 0:  44%|████▍     | 556/1250 [01:56<02:20,  4.94it/s]
[1Aphase1 epoch 0:  45%|████▍     | 557/1250 [01:56<02:18,  4.99it/s]
[1Aphase1 epoch 0:  45%|████▍     | 558/1250 [01:56<02:17,  5.03it/s]
[1Aphase1 epoch 0:  45%|████▍     | 559/1250 [01:56<02:18,  4.99it/s]
[1Aphase1 epoch 0:  45%|████▍     | 560/1250 [01:57<02:17,  5.03it/s]
[1Aphase1 epoch 0:  45%|████▍     | 561/1250 [01:57<02:19,  4.96it/s]
[1Aphase1 epoch 0:  45%|████▍     | 562/1250 [01:57<02:20,  4.90it/s]
[1Aphase1 epoch 0:  45%|████▌     | 563/1250 [01:57<02:20,  4.90it/s]
[1Aphase1 epoch 0:  45%|████▌     | 564/1250 [01:57<02:20,  4.90it/s]
[1Aphase1 epoch 0:  45%|████▌     | 565/1250 [01:58<02:21,  4.85it/s]
[1Aphase1 epoch 0:  45%|████▌     | 566/1250 [01:58<02:20,  4.88it/s]
[1Aphase1 epoch 0:  45%|████▌     | 567/1250 [01:58<02:21,  4.84it/s]
[1Aphase1 epoch 0:  45%|████▌     | 568/1250 [01:58<02:20,  4.86it/s]
[1Aphase1 epoch 0:  46%|████▌     | 569/1250 [01:58<02:20,  4.85it/s]
[1Aphase1 epoch 0:  46%|████▌     | 570/1250 [01:59<02:19,  4.87it/s]
[1Aphase1 epoch 0:  46%|████▌     | 571/1250 [01:59<02:19,  4.87it/s]
[1Aphase1 epoch 0:  46%|████▌     | 572/1250 [01:59<02:17,  4.95it/s]
[1Aphase1 epoch 0:  46%|████▌     | 573/1250 [01:59<02:18,  4.90it/s]
[1Aphase1 epoch 0:  46%|████▌     | 574/1250 [01:59<02:17,  4.90it/s]
[1Aphase1 epoch 0:  46%|████▌     | 575/1250 [02:00<02:18,  4.86it/s]
[1Aphase1 epoch 0:  46%|████▌     | 576/1250 [02:00<02:18,  4.88it/s]
[1Aphase1 epoch 0:  46%|████▌     | 577/1250 [02:00<02:18,  4.87it/s]
[1Aphase1 epoch 0:  46%|████▌     | 578/1250 [02:00<02:18,  4.83it/s]
[1Aphase1 epoch 0:  46%|████▋     | 579/1250 [02:01<02:18,  4.84it/s]
[1Aphase1 epoch 0:  46%|████▋     | 580/1250 [02:01<02:16,  4.92it/s]
[1Aphase1 epoch 0:  46%|████▋     | 581/1250 [02:01<02:16,  4.89it/s]
[1Aphase1 epoch 0:  47%|████▋     | 582/1250 [02:01<02:14,  4.96it/s]
[1Aphase1 epoch 0:  47%|████▋     | 583/1250 [02:01<02:15,  4.94it/s]
[1Aphase1 epoch 0:  47%|████▋     | 584/1250 [02:02<02:13,  4.99it/s]
[1Aphase1 epoch 0:  47%|████▋     | 585/1250 [02:02<02:13,  4.97it/s]
[1Aphase1 epoch 0:  47%|████▋     | 586/1250 [02:02<02:16,  4.87it/s]
[1Aphase1 epoch 0:  47%|████▋     | 587/1250 [02:02<02:17,  4.83it/s]
[1Aphase1 epoch 0:  47%|████▋     | 588/1250 [02:02<02:16,  4.86it/s]
[1Aphase1 epoch 0:  47%|████▋     | 589/1250 [02:03<02:13,  4.94it/s]
[1Aphase1 epoch 0:  47%|████▋     | 590/1250 [02:03<02:14,  4.92it/s]
[1Aphase1 epoch 0:  47%|████▋     | 591/1250 [02:03<02:13,  4.92it/s]
[1Aphase1 epoch 0:  47%|████▋     | 592/1250 [02:03<02:14,  4.89it/s]
[1Aphase1 epoch 0:  47%|████▋     | 593/1250 [02:03<02:12,  4.95it/s]
[1Aphase1 epoch 0:  48%|████▊     | 594/1250 [02:04<02:11,  4.99it/s]
[1Aphase1 epoch 0:  48%|████▊     | 595/1250 [02:04<02:12,  4.95it/s]
[1Aphase1 epoch 0:  48%|████▊     | 596/1250 [02:04<02:12,  4.94it/s]
[1Aphase1 epoch 0:  48%|████▊     | 597/1250 [02:04<02:12,  4.91it/s]
[1Aphase1 epoch 0:  48%|████▊     | 598/1250 [02:04<02:12,  4.91it/s]
[1Aphase1 epoch 0:  48%|████▊     | 599/1250 [02:05<02:12,  4.91it/s]
[1Aphase1 epoch 0:  48%|████▊     | 600/1250 [02:05<02:12,  4.90it/s]
[1Aphase1 epoch 0:  48%|████▊     | 601/1250 [02:05<02:12,  4.89it/s]
[1Aphase1 epoch 0:  48%|████▊     | 602/1250 [02:05<02:10,  4.96it/s]
[1Aphase1 epoch 0:  48%|████▊     | 603/1250 [02:05<02:11,  4.92it/s]
[1Aphase1 epoch 0:  48%|████▊     | 604/1250 [02:06<02:11,  4.90it/s]
[1Aphase1 epoch 0:  48%|████▊     | 605/1250 [02:06<02:09,  4.97it/s]
[1Aphase1 epoch 0:  48%|████▊     | 606/1250 [02:06<02:08,  5.01it/s]
[1Aphase1 epoch 0:  49%|████▊     | 607/1250 [02:06<02:09,  4.97it/s]
[1Aphase1 epoch 0:  49%|████▊     | 608/1250 [02:06<02:08,  5.01it/s]
[1Aphase1 epoch 0:  49%|████▊     | 609/1250 [02:07<02:09,  4.94it/s]
[1Aphase1 epoch 0:  49%|████▉     | 610/1250 [02:07<02:08,  4.99it/s]
[1Aphase1 epoch 0:  49%|████▉     | 611/1250 [02:07<02:07,  5.03it/s]
[1Aphase1 epoch 0:  49%|████▉     | 612/1250 [02:07<02:09,  4.94it/s]
[1Aphase1 epoch 0:  49%|████▉     | 613/1250 [02:07<02:07,  4.99it/s]
[1Aphase1 epoch 0:  49%|████▉     | 614/1250 [02:08<02:08,  4.95it/s]
[1Aphase1 epoch 0:  49%|████▉     | 615/1250 [02:08<02:08,  4.93it/s]
[1Aphase1 epoch 0:  49%|████▉     | 616/1250 [02:08<02:08,  4.93it/s]
[1Aphase1 epoch 0:  49%|████▉     | 617/1250 [02:08<02:08,  4.93it/s]
[1Aphase1 epoch 0:  49%|████▉     | 618/1250 [02:08<02:06,  4.99it/s]
[1Aphase1 epoch 0:  50%|████▉     | 619/1250 [02:09<02:07,  4.95it/s]
[1Aphase1 epoch 0:  50%|████▉     | 620/1250 [02:09<02:07,  4.93it/s]
[1Aphase1 epoch 0:  50%|████▉     | 621/1250 [02:09<02:08,  4.89it/s]
[1Aphase1 epoch 0:  50%|████▉     | 622/1250 [02:09<02:08,  4.89it/s]
[1Aphase1 epoch 0:  50%|████▉     | 623/1250 [02:09<02:08,  4.87it/s]
[1Aphase1 epoch 0:  50%|████▉     | 624/1250 [02:10<02:10,  4.81it/s]
[1Aphase1 epoch 0:  50%|█████     | 625/1250 [02:10<02:09,  4.84it/s]
[1Aphase1 epoch 0:  50%|█████     | 626/1250 [02:10<02:08,  4.86it/s]
[1Aphase1 epoch 0:  50%|█████     | 627/1250 [02:10<02:08,  4.84it/s]
[1Aphase1 epoch 0:  50%|█████     | 628/1250 [02:10<02:08,  4.84it/s]
[1Aphase1 epoch 0:  50%|█████     | 629/1250 [02:11<02:07,  4.86it/s]
[1Aphase1 epoch 0:  50%|█████     | 630/1250 [02:11<02:09,  4.79it/s]
[1Aphase1 epoch 0:  50%|█████     | 631/1250 [02:11<02:08,  4.82it/s]
[1Aphase1 epoch 0:  51%|█████     | 632/1250 [02:11<02:07,  4.83it/s]
[1Aphase1 epoch 0:  51%|█████     | 633/1250 [02:11<02:07,  4.84it/s]
[1Aphase1 epoch 0:  51%|█████     | 634/1250 [02:12<02:06,  4.85it/s]
[1Aphase1 epoch 0:  51%|█████     | 635/1250 [02:12<02:07,  4.84it/s]
[1Aphase1 epoch 0:  51%|█████     | 636/1250 [02:12<02:06,  4.84it/s]
[1Aphase1 epoch 0:  51%|█████     | 637/1250 [02:12<02:06,  4.84it/s]
[1Aphase1 epoch 0:  51%|█████     | 638/1250 [02:13<02:04,  4.91it/s]
[1Aphase1 epoch 0:  51%|█████     | 639/1250 [02:13<02:05,  4.88it/s]
[1Aphase1 epoch 0:  51%|█████     | 640/1250 [02:13<02:05,  4.88it/s]
[1Aphase1 epoch 0:  51%|█████▏    | 641/1250 [02:13<02:04,  4.88it/s]
[1Aphase1 epoch 0:  51%|█████▏    | 642/1250 [02:13<02:02,  4.98it/s]
[1Aphase1 epoch 0:  51%|█████▏    | 643/1250 [02:14<02:03,  4.91it/s]
[1Aphase1 epoch 0:  52%|█████▏    | 644/1250 [02:14<02:03,  4.91it/s]
[1Aphase1 epoch 0:  52%|█████▏    | 645/1250 [02:14<02:01,  4.97it/s]
[1Aphase1 epoch 0:  52%|█████▏    | 646/1250 [02:14<02:01,  4.96it/s]
[1Aphase1 epoch 0:  52%|█████▏    | 647/1250 [02:14<02:01,  4.95it/s]
[1Aphase1 epoch 0:  52%|█████▏    | 648/1250 [02:15<02:02,  4.92it/s]
[1Aphase1 epoch 0:  52%|█████▏    | 649/1250 [02:15<02:04,  4.85it/s]
[1Aphase1 epoch 0:  52%|█████▏    | 650/1250 [02:15<02:04,  4.82it/s]
[1Aphase1 epoch 0:  52%|█████▏    | 651/1250 [02:15<02:02,  4.90it/s]
[1Aphase1 epoch 0:  52%|█████▏    | 652/1250 [02:15<02:01,  4.90it/s]
[1Aphase1 epoch 0:  52%|█████▏    | 653/1250 [02:16<02:02,  4.89it/s]
[1Aphase1 epoch 0:  52%|█████▏    | 654/1250 [02:16<02:02,  4.88it/s]
[1Aphase1 epoch 0:  52%|█████▏    | 655/1250 [02:16<02:00,  4.95it/s]
[1Aphase1 epoch 0:  52%|█████▏    | 656/1250 [02:16<01:58,  4.99it/s]
[1Aphase1 epoch 0:  53%|█████▎    | 657/1250 [02:16<01:59,  4.95it/s]
[1Aphase1 epoch 0:  53%|█████▎    | 658/1250 [02:17<01:58,  4.99it/s]
[1Aphase1 epoch 0:  53%|█████▎    | 659/1250 [02:17<01:59,  4.94it/s]
[1Aphase1 epoch 0:  53%|█████▎    | 660/1250 [02:17<01:58,  4.99it/s]
[1Aphase1 epoch 0:  53%|█████▎    | 661/1250 [02:17<01:59,  4.95it/s]
[1Aphase1 epoch 0:  53%|█████▎    | 662/1250 [02:17<01:59,  4.93it/s]
[1Aphase1 epoch 0:  53%|█████▎    | 663/1250 [02:18<01:59,  4.91it/s]
[1Aphase1 epoch 0:  53%|█████▎    | 664/1250 [02:18<02:00,  4.85it/s]
[1Aphase1 epoch 0:  53%|█████▎    | 665/1250 [02:18<02:00,  4.87it/s]
[1Aphase1 epoch 0:  53%|█████▎    | 666/1250 [02:18<01:59,  4.87it/s]
[1Aphase1 epoch 0:  53%|█████▎    | 667/1250 [02:18<01:58,  4.94it/s]
[1Aphase1 epoch 0:  53%|█████▎    | 668/1250 [02:19<01:58,  4.92it/s]
[1Aphase1 epoch 0:  54%|█████▎    | 669/1250 [02:19<01:58,  4.90it/s]
[1Aphase1 epoch 0:  54%|█████▎    | 670/1250 [02:19<02:01,  4.77it/s]
[1Aphase1 epoch 0:  54%|█████▎    | 671/1250 [02:19<02:00,  4.81it/s]
[1Aphase1 epoch 0:  54%|█████▍    | 672/1250 [02:19<01:59,  4.84it/s]
[1Aphase1 epoch 0:  54%|█████▍    | 673/1250 [02:20<01:58,  4.87it/s]
[1Aphase1 epoch 0:  54%|█████▍    | 674/1250 [02:20<01:58,  4.85it/s]
[1Aphase1 epoch 0:  54%|█████▍    | 675/1250 [02:20<01:58,  4.85it/s]
[1Aphase1 epoch 0:  54%|█████▍    | 676/1250 [02:20<01:57,  4.87it/s]
[1Aphase1 epoch 0:  54%|█████▍    | 677/1250 [02:20<01:57,  4.86it/s]
[1Aphase1 epoch 0:  54%|█████▍    | 678/1250 [02:21<01:57,  4.85it/s]
[1Aphase1 epoch 0:  54%|█████▍    | 679/1250 [02:21<01:57,  4.87it/s]
[1Aphase1 epoch 0:  54%|█████▍    | 680/1250 [02:21<01:57,  4.87it/s]
[1Aphase1 epoch 0:  54%|█████▍    | 681/1250 [02:21<01:56,  4.87it/s]
[1Aphase1 epoch 0:  55%|█████▍    | 682/1250 [02:22<01:55,  4.94it/s]
[1Aphase1 epoch 0:  55%|█████▍    | 683/1250 [02:22<01:56,  4.88it/s]
[1Aphase1 epoch 0:  55%|█████▍    | 684/1250 [02:22<01:54,  4.95it/s]
[1Aphase1 epoch 0:  55%|█████▍    | 685/1250 [02:22<01:54,  4.94it/s]
[1Aphase1 epoch 0:  55%|█████▍    | 686/1250 [02:22<01:55,  4.89it/s]
[1Aphase1 epoch 0:  55%|█████▍    | 687/1250 [02:23<01:55,  4.89it/s]
[1Aphase1 epoch 0:  55%|█████▌    | 688/1250 [02:23<01:53,  4.95it/s]
[1Aphase1 epoch 0:  55%|█████▌    | 689/1250 [02:23<01:52,  4.99it/s]
[1Aphase1 epoch 0:  55%|█████▌    | 690/1250 [02:23<01:52,  4.96it/s]
[1Aphase1 epoch 0:  55%|█████▌    | 691/1250 [02:23<01:53,  4.93it/s]
[1Aphase1 epoch 0:  55%|█████▌    | 692/1250 [02:24<01:51,  4.99it/s]
[1Aphase1 epoch 0:  55%|█████▌    | 693/1250 [02:24<01:50,  5.02it/s]
[1Aphase1 epoch 0:  56%|█████▌    | 694/1250 [02:24<01:50,  5.05it/s]
[1Aphase1 epoch 0:  56%|█████▌    | 695/1250 [02:24<01:51,  4.97it/s]
[1Aphase1 epoch 0:  56%|█████▌    | 696/1250 [02:24<01:51,  4.96it/s]
[1Aphase1 epoch 0:  56%|█████▌    | 697/1250 [02:25<01:51,  4.94it/s]
[1Aphase1 epoch 0:  56%|█████▌    | 698/1250 [02:25<01:50,  5.00it/s]
[1Aphase1 epoch 0:  56%|█████▌    | 699/1250 [02:25<01:50,  4.98it/s]
[1Aphase1 epoch 0:  56%|█████▌    | 700/1250 [02:25<01:51,  4.94it/s]
[1Aphase1 epoch 0:  56%|█████▌    | 701/1250 [02:25<01:52,  4.86it/s]
[1Aphase1 epoch 0:  56%|█████▌    | 702/1250 [02:26<01:51,  4.93it/s]
[1Aphase1 epoch 0:  56%|█████▌    | 703/1250 [02:26<01:53,  4.83it/s]
[1Aphase1 epoch 0:  56%|█████▋    | 704/1250 [02:26<01:53,  4.82it/s]
[1Aphase1 epoch 0:  56%|█████▋    | 705/1250 [02:26<01:51,  4.91it/s]
[1Aphase1 epoch 0:  56%|█████▋    | 706/1250 [02:26<01:49,  4.96it/s]
[1Aphase1 epoch 0:  57%|█████▋    | 707/1250 [02:27<01:50,  4.90it/s]
[1Aphase1 epoch 0:  57%|█████▋    | 708/1250 [02:27<01:50,  4.91it/s]
[1Aphase1 epoch 0:  57%|█████▋    | 709/1250 [02:27<01:50,  4.90it/s]
[1Aphase1 epoch 0:  57%|█████▋    | 710/1250 [02:27<01:50,  4.88it/s]
[1Aphase1 epoch 0:  57%|█████▋    | 711/1250 [02:27<01:50,  4.86it/s]
[1Aphase1 epoch 0:  57%|█████▋    | 712/1250 [02:28<01:50,  4.87it/s]
[1Aphase1 epoch 0:  57%|█████▋    | 713/1250 [02:28<01:50,  4.84it/s]
[1Aphase1 epoch 0:  57%|█████▋    | 714/1250 [02:28<01:50,  4.85it/s]
[1Aphase1 epoch 0:  57%|█████▋    | 715/1250 [02:28<01:50,  4.85it/s]
[1Aphase1 epoch 0:  57%|█████▋    | 716/1250 [02:28<01:49,  4.86it/s]
[1Aphase1 epoch 0:  57%|█████▋    | 717/1250 [02:29<01:50,  4.81it/s]
[1Aphase1 epoch 0:  57%|█████▋    | 718/1250 [02:29<01:50,  4.84it/s]
[1Aphase1 epoch 0:  58%|█████▊    | 719/1250 [02:29<01:50,  4.82it/s]
[1Aphase1 epoch 0:  58%|█████▊    | 720/1250 [02:29<01:49,  4.84it/s]
[1Aphase1 epoch 0:  58%|█████▊    | 721/1250 [02:29<01:49,  4.85it/s]
[1Aphase1 epoch 0:  58%|█████▊    | 722/1250 [02:30<01:48,  4.85it/s]
[1Aphase1 epoch 0:  58%|█████▊    | 723/1250 [02:30<01:49,  4.82it/s]
[1Aphase1 epoch 0:  58%|█████▊    | 724/1250 [02:30<01:48,  4.84it/s]
[1Aphase1 epoch 0:  58%|█████▊    | 725/1250 [02:30<01:48,  4.85it/s]
[1Aphase1 epoch 0:  58%|█████▊    | 726/1250 [02:30<01:46,  4.92it/s]
[1Aphase1 epoch 0:  58%|█████▊    | 727/1250 [02:31<01:47,  4.88it/s]
[1Aphase1 epoch 0:  58%|█████▊    | 728/1250 [02:31<01:46,  4.88it/s]
[1Aphase1 epoch 0:  58%|█████▊    | 729/1250 [02:31<01:45,  4.95it/s]
[1Aphase1 epoch 0:  58%|█████▊    | 730/1250 [02:31<01:43,  5.00it/s]
[1Aphase1 epoch 0:  58%|█████▊    | 731/1250 [02:31<01:44,  4.95it/s]
[1Aphase1 epoch 0:  59%|█████▊    | 732/1250 [02:32<01:44,  4.94it/s]
[1Aphase1 epoch 0:  59%|█████▊    | 733/1250 [02:32<01:46,  4.87it/s]
[1Aphase1 epoch 0:  59%|█████▊    | 734/1250 [02:32<01:46,  4.85it/s]
[1Aphase1 epoch 0:  59%|█████▉    | 735/1250 [02:32<01:46,  4.82it/s]
[1Aphase1 epoch 0:  59%|█████▉    | 736/1250 [02:33<01:44,  4.90it/s]
[1Aphase1 epoch 0:  59%|█████▉    | 737/1250 [02:33<01:44,  4.91it/s]
[1Aphase1 epoch 0:  59%|█████▉    | 738/1250 [02:33<01:44,  4.91it/s]
[1Aphase1 epoch 0:  59%|█████▉    | 739/1250 [02:33<01:43,  4.92it/s]
[1Aphase1 epoch 0:  59%|█████▉    | 740/1250 [02:33<01:43,  4.91it/s]
[1Aphase1 epoch 0:  59%|█████▉    | 741/1250 [02:34<01:42,  4.97it/s]
[1Aphase1 epoch 0:  59%|█████▉    | 742/1250 [02:34<01:41,  5.01it/s]
[1Aphase1 epoch 0:  59%|█████▉    | 743/1250 [02:34<01:40,  5.04it/s]
[1Aphase1 epoch 0:  60%|█████▉    | 744/1250 [02:34<01:41,  4.96it/s]
[1Aphase1 epoch 0:  60%|█████▉    | 745/1250 [02:34<01:41,  4.95it/s]
[1Aphase1 epoch 0:  60%|█████▉    | 746/1250 [02:35<01:40,  5.00it/s]
[1Aphase1 epoch 0:  60%|█████▉    | 747/1250 [02:35<01:42,  4.92it/s]
[1Aphase1 epoch 0:  60%|█████▉    | 748/1250 [02:35<01:42,  4.91it/s]
[1Aphase1 epoch 0:  60%|█████▉    | 749/1250 [02:35<01:41,  4.91it/s]
[1Aphase1 epoch 0:  60%|██████    | 750/1250 [02:35<01:43,  4.84it/s]
[1Aphase1 epoch 0:  60%|██████    | 751/1250 [02:36<01:42,  4.85it/s]
[1Aphase1 epoch 0:  60%|██████    | 752/1250 [02:36<01:42,  4.88it/s]
[1Aphase1 epoch 0:  60%|██████    | 753/1250 [02:36<01:41,  4.89it/s]
[1Aphase1 epoch 0:  60%|██████    | 754/1250 [02:36<01:40,  4.95it/s]
[1Aphase1 epoch 0:  60%|██████    | 755/1250 [02:36<01:40,  4.94it/s]
[1Aphase1 epoch 0:  60%|██████    | 756/1250 [02:37<01:40,  4.93it/s]
[1Aphase1 epoch 0:  61%|██████    | 757/1250 [02:37<01:38,  4.98it/s]
[1Aphase1 epoch 0:  61%|██████    | 758/1250 [02:37<01:39,  4.94it/s]
[1Aphase1 epoch 0:  61%|██████    | 759/1250 [02:37<01:39,  4.92it/s]
[1Aphase1 epoch 0:  61%|██████    | 760/1250 [02:37<01:39,  4.92it/s]
[1Aphase1 epoch 0:  61%|██████    | 761/1250 [02:38<01:39,  4.90it/s]
[1Aphase1 epoch 0:  61%|██████    | 762/1250 [02:38<01:38,  4.96it/s]
[1Aphase1 epoch 0:  61%|██████    | 763/1250 [02:38<01:38,  4.94it/s]
[1Aphase1 epoch 0:  61%|██████    | 764/1250 [02:38<01:38,  4.93it/s]
[1Aphase1 epoch 0:  61%|██████    | 765/1250 [02:38<01:38,  4.93it/s]
[1Aphase1 epoch 0:  61%|██████▏   | 766/1250 [02:39<01:38,  4.92it/s]
[1Aphase1 epoch 0:  61%|██████▏   | 767/1250 [02:39<01:38,  4.92it/s]
[1Aphase1 epoch 0:  61%|██████▏   | 768/1250 [02:39<01:36,  4.97it/s]
[1Aphase1 epoch 0:  62%|██████▏   | 769/1250 [02:39<01:39,  4.82it/s]
[1Aphase1 epoch 0:  62%|██████▏   | 770/1250 [02:39<01:39,  4.81it/s]
[1Aphase1 epoch 0:  62%|██████▏   | 771/1250 [02:40<01:37,  4.89it/s]
[1Aphase1 epoch 0:  62%|██████▏   | 772/1250 [02:40<01:37,  4.89it/s]
[1Aphase1 epoch 0:  62%|██████▏   | 773/1250 [02:40<01:37,  4.90it/s]
[1Aphase1 epoch 0:  62%|██████▏   | 774/1250 [02:40<01:37,  4.87it/s]
[1Aphase1 epoch 0:  62%|██████▏   | 775/1250 [02:40<01:37,  4.89it/s]
[1Aphase1 epoch 0:  62%|██████▏   | 776/1250 [02:41<01:37,  4.88it/s]
[1Aphase1 epoch 0:  62%|██████▏   | 777/1250 [02:41<01:35,  4.95it/s]
[1Aphase1 epoch 0:  62%|██████▏   | 778/1250 [02:41<01:34,  5.00it/s]
[1Aphase1 epoch 0:  62%|██████▏   | 779/1250 [02:41<01:33,  5.03it/s]
[1Aphase1 epoch 0:  62%|██████▏   | 780/1250 [02:41<01:33,  5.05it/s]
[1Aphase1 epoch 0:  62%|██████▏   | 781/1250 [02:42<01:34,  4.97it/s]
[1Aphase1 epoch 0:  63%|██████▎   | 782/1250 [02:42<01:35,  4.91it/s]
[1Aphase1 epoch 0:  63%|██████▎   | 783/1250 [02:42<01:34,  4.96it/s]
[1Aphase1 epoch 0:  63%|██████▎   | 784/1250 [02:42<01:33,  5.01it/s]
[1Aphase1 epoch 0:  63%|██████▎   | 785/1250 [02:42<01:33,  4.97it/s]
[1Aphase1 epoch 0:  63%|██████▎   | 786/1250 [02:43<01:34,  4.93it/s]
[1Aphase1 epoch 0:  63%|██████▎   | 787/1250 [02:43<01:34,  4.90it/s]
[1Aphase1 epoch 0:  63%|██████▎   | 788/1250 [02:43<01:34,  4.89it/s]
[1Aphase1 epoch 0:  63%|██████▎   | 789/1250 [02:43<01:34,  4.90it/s]
[1Aphase1 epoch 0:  63%|██████▎   | 790/1250 [02:43<01:33,  4.90it/s]
[1Aphase1 epoch 0:  63%|██████▎   | 791/1250 [02:44<01:33,  4.89it/s]
[1Aphase1 epoch 0:  63%|██████▎   | 792/1250 [02:44<01:32,  4.95it/s]
[1Aphase1 epoch 0:  63%|██████▎   | 793/1250 [02:44<01:31,  5.00it/s]
[1Aphase1 epoch 0:  64%|██████▎   | 794/1250 [02:44<01:30,  5.02it/s]
[1Aphase1 epoch 0:  64%|██████▎   | 795/1250 [02:44<01:31,  4.97it/s]
[1Aphase1 epoch 0:  64%|██████▎   | 796/1250 [02:45<01:32,  4.93it/s]
[1Aphase1 epoch 0:  64%|██████▍   | 797/1250 [02:45<01:32,  4.90it/s]
[1Aphase1 epoch 0:  64%|██████▍   | 798/1250 [02:45<01:32,  4.88it/s]
[1Aphase1 epoch 0:  64%|██████▍   | 799/1250 [02:45<01:33,  4.84it/s]
[1Aphase1 epoch 0:  64%|██████▍   | 800/1250 [02:46<01:32,  4.84it/s]
[1Aphase1 epoch 0:  64%|██████▍   | 801/1250 [02:46<01:33,  4.82it/s]
[1Aphase1 epoch 0:  64%|██████▍   | 802/1250 [02:46<01:31,  4.91it/s]
[1Aphase1 epoch 0:  64%|██████▍   | 803/1250 [02:46<01:29,  4.98it/s]
[1Aphase1 epoch 0:  64%|██████▍   | 804/1250 [02:46<01:28,  5.02it/s]
[1Aphase1 epoch 0:  64%|██████▍   | 805/1250 [02:47<01:29,  4.99it/s]
[1Aphase1 epoch 0:  64%|██████▍   | 806/1250 [02:47<01:31,  4.87it/s]
[1Aphase1 epoch 0:  65%|██████▍   | 807/1250 [02:47<01:29,  4.94it/s]
[1Aphase1 epoch 0:  65%|██████▍   | 808/1250 [02:47<01:29,  4.93it/s]
[1Aphase1 epoch 0:  65%|██████▍   | 809/1250 [02:47<01:30,  4.87it/s]
[1Aphase1 epoch 0:  65%|██████▍   | 810/1250 [02:48<01:31,  4.81it/s]
[1Aphase1 epoch 0:  65%|██████▍   | 811/1250 [02:48<01:29,  4.90it/s]
[1Aphase1 epoch 0:  65%|██████▍   | 812/1250 [02:48<01:30,  4.85it/s]
[1Aphase1 epoch 0:  65%|██████▌   | 813/1250 [02:48<01:29,  4.86it/s]
[1Aphase1 epoch 0:  65%|██████▌   | 814/1250 [02:48<01:30,  4.83it/s]
[1Aphase1 epoch 0:  65%|██████▌   | 815/1250 [02:49<01:30,  4.82it/s]
[1Aphase1 epoch 0:  65%|██████▌   | 816/1250 [02:49<01:29,  4.83it/s]
[1Aphase1 epoch 0:  65%|██████▌   | 817/1250 [02:49<01:29,  4.86it/s]
[1Aphase1 epoch 0:  65%|██████▌   | 818/1250 [02:49<01:27,  4.93it/s]
[1Aphase1 epoch 0:  66%|██████▌   | 819/1250 [02:49<01:26,  4.99it/s]
[1Aphase1 epoch 0:  66%|██████▌   | 820/1250 [02:50<01:27,  4.92it/s]
[1Aphase1 epoch 0:  66%|██████▌   | 821/1250 [02:50<01:28,  4.86it/s]
[1Aphase1 epoch 0:  66%|██████▌   | 822/1250 [02:50<01:28,  4.84it/s]
[1Aphase1 epoch 0:  66%|██████▌   | 823/1250 [02:50<01:26,  4.92it/s]
[1Aphase1 epoch 0:  66%|██████▌   | 824/1250 [02:50<01:25,  4.97it/s]
[1Aphase1 epoch 0:  66%|██████▌   | 825/1250 [02:51<01:26,  4.91it/s]
[1Aphase1 epoch 0:  66%|██████▌   | 826/1250 [02:51<01:25,  4.96it/s]
[1Aphase1 epoch 0:  66%|██████▌   | 827/1250 [02:51<01:25,  4.94it/s]
[1Aphase1 epoch 0:  66%|██████▌   | 828/1250 [02:51<01:25,  4.93it/s]
[1Aphase1 epoch 0:  66%|██████▋   | 829/1250 [02:51<01:25,  4.91it/s]
[1Aphase1 epoch 0:  66%|██████▋   | 830/1250 [02:52<01:25,  4.91it/s]
[1Aphase1 epoch 0:  66%|██████▋   | 831/1250 [02:52<01:24,  4.97it/s]
[1Aphase1 epoch 0:  67%|██████▋   | 832/1250 [02:52<01:24,  4.95it/s]
[1Aphase1 epoch 0:  67%|██████▋   | 833/1250 [02:52<01:25,  4.88it/s]
[1Aphase1 epoch 0:  67%|██████▋   | 834/1250 [02:52<01:25,  4.84it/s]
[1Aphase1 epoch 0:  67%|██████▋   | 835/1250 [02:53<01:26,  4.82it/s]
[1Aphase1 epoch 0:  67%|██████▋   | 836/1250 [02:53<01:26,  4.81it/s]
[1Aphase1 epoch 0:  67%|██████▋   | 837/1250 [02:53<01:25,  4.83it/s]
[1Aphase1 epoch 0:  67%|██████▋   | 838/1250 [02:53<01:23,  4.90it/s]
[1Aphase1 epoch 0:  67%|██████▋   | 839/1250 [02:53<01:24,  4.85it/s]
[1Aphase1 epoch 0:  67%|██████▋   | 840/1250 [02:54<01:24,  4.86it/s]
[1Aphase1 epoch 0:  67%|██████▋   | 841/1250 [02:54<01:24,  4.87it/s]
[1Aphase1 epoch 0:  67%|██████▋   | 842/1250 [02:54<01:23,  4.86it/s]
[1Aphase1 epoch 0:  67%|██████▋   | 843/1250 [02:54<01:22,  4.94it/s]
[1Aphase1 epoch 0:  68%|██████▊   | 844/1250 [02:55<01:22,  4.91it/s]
[1Aphase1 epoch 0:  68%|██████▊   | 845/1250 [02:55<01:22,  4.90it/s]
[1Aphase1 epoch 0:  68%|██████▊   | 846/1250 [02:55<01:22,  4.90it/s]
[1Aphase1 epoch 0:  68%|██████▊   | 847/1250 [02:55<01:22,  4.90it/s]
[1Aphase1 epoch 0:  68%|██████▊   | 848/1250 [02:55<01:22,  4.89it/s]
[1Aphase1 epoch 0:  68%|██████▊   | 849/1250 [02:56<01:22,  4.85it/s]
[1Aphase1 epoch 0:  68%|██████▊   | 850/1250 [02:56<01:21,  4.92it/s]
[1Aphase1 epoch 0:  68%|██████▊   | 851/1250 [02:56<01:21,  4.92it/s]
[1Aphase1 epoch 0:  68%|██████▊   | 852/1250 [02:56<01:21,  4.90it/s]
[1Aphase1 epoch 0:  68%|██████▊   | 853/1250 [02:56<01:21,  4.87it/s]
[1Aphase1 epoch 0:  68%|██████▊   | 854/1250 [02:57<01:21,  4.87it/s]
[1Aphase1 epoch 0:  68%|██████▊   | 855/1250 [02:57<01:21,  4.86it/s]
[1Aphase1 epoch 0:  68%|██████▊   | 856/1250 [02:57<01:19,  4.93it/s]
[1Aphase1 epoch 0:  69%|██████▊   | 857/1250 [02:57<01:20,  4.91it/s]
[1Aphase1 epoch 0:  69%|██████▊   | 858/1250 [02:57<01:19,  4.91it/s]
[1Aphase1 epoch 0:  69%|██████▊   | 859/1250 [02:58<01:20,  4.88it/s]
[1Aphase1 epoch 0:  69%|██████▉   | 860/1250 [02:58<01:18,  4.95it/s]
[1Aphase1 epoch 0:  69%|██████▉   | 861/1250 [02:58<01:17,  5.00it/s]
[1Aphase1 epoch 0:  69%|██████▉   | 862/1250 [02:58<01:18,  4.94it/s]
[1Aphase1 epoch 0:  69%|██████▉   | 863/1250 [02:58<01:18,  4.92it/s]
[1Aphase1 epoch 0:  69%|██████▉   | 864/1250 [02:59<01:17,  4.98it/s]
[1Aphase1 epoch 0:  69%|██████▉   | 865/1250 [02:59<01:17,  4.95it/s]
[1Aphase1 epoch 0:  69%|██████▉   | 866/1250 [02:59<01:16,  5.00it/s]
[1Aphase1 epoch 0:  69%|██████▉   | 867/1250 [02:59<01:17,  4.96it/s]
[1Aphase1 epoch 0:  69%|██████▉   | 868/1250 [02:59<01:16,  5.00it/s]
[1Aphase1 epoch 0:  70%|██████▉   | 869/1250 [03:00<01:16,  4.97it/s]
[1Aphase1 epoch 0:  70%|██████▉   | 870/1250 [03:00<01:17,  4.93it/s]
[1Aphase1 epoch 0:  70%|██████▉   | 871/1250 [03:00<01:17,  4.91it/s]
[1Aphase1 epoch 0:  70%|██████▉   | 872/1250 [03:00<01:17,  4.88it/s]
[1Aphase1 epoch 0:  70%|██████▉   | 873/1250 [03:00<01:17,  4.88it/s]
[1Aphase1 epoch 0:  70%|██████▉   | 874/1250 [03:01<01:16,  4.89it/s]
[1Aphase1 epoch 0:  70%|███████   | 875/1250 [03:01<01:16,  4.87it/s]
[1Aphase1 epoch 0:  70%|███████   | 876/1250 [03:01<01:16,  4.87it/s]
[1Aphase1 epoch 0:  70%|███████   | 877/1250 [03:01<01:16,  4.87it/s]
[1Aphase1 epoch 0:  70%|███████   | 878/1250 [03:01<01:16,  4.84it/s]
[1Aphase1 epoch 0:  70%|███████   | 879/1250 [03:02<01:16,  4.86it/s]
[1Aphase1 epoch 0:  70%|███████   | 880/1250 [03:02<01:16,  4.84it/s]
[1Aphase1 epoch 0:  70%|███████   | 881/1250 [03:02<01:15,  4.86it/s]
[1Aphase1 epoch 0:  71%|███████   | 882/1250 [03:02<01:15,  4.86it/s]
[1Aphase1 epoch 0:  71%|███████   | 883/1250 [03:02<01:16,  4.80it/s]
[1Aphase1 epoch 0:  71%|███████   | 884/1250 [03:03<01:14,  4.89it/s]
[1Aphase1 epoch 0:  71%|███████   | 885/1250 [03:03<01:15,  4.85it/s]
[1Aphase1 epoch 0:  71%|███████   | 886/1250 [03:03<01:15,  4.82it/s]
[1Aphase1 epoch 0:  71%|███████   | 887/1250 [03:03<01:15,  4.83it/s]
[1Aphase1 epoch 0:  71%|███████   | 888/1250 [03:03<01:14,  4.84it/s]
[1Aphase1 epoch 0:  71%|███████   | 889/1250 [03:04<01:14,  4.86it/s]
[1Aphase1 epoch 0:  71%|███████   | 890/1250 [03:04<01:13,  4.87it/s]
[1Aphase1 epoch 0:  71%|███████▏  | 891/1250 [03:04<01:14,  4.83it/s]
[1Aphase1 epoch 0:  71%|███████▏  | 892/1250 [03:04<01:13,  4.85it/s]
[1Aphase1 epoch 0:  71%|███████▏  | 893/1250 [03:05<01:12,  4.93it/s]
[1Aphase1 epoch 0:  72%|███████▏  | 894/1250 [03:05<01:12,  4.91it/s]
[1Aphase1 epoch 0:  72%|███████▏  | 895/1250 [03:05<01:11,  4.98it/s]
[1Aphase1 epoch 0:  72%|███████▏  | 896/1250 [03:05<01:11,  4.93it/s]
[1Aphase1 epoch 0:  72%|███████▏  | 897/1250 [03:05<01:10,  4.98it/s]
[1Aphase1 epoch 0:  72%|███████▏  | 898/1250 [03:06<01:11,  4.90it/s]
[1Aphase1 epoch 0:  72%|███████▏  | 899/1250 [03:06<01:11,  4.88it/s]
[1Aphase1 epoch 0:  72%|███████▏  | 900/1250 [03:06<01:11,  4.88it/s]
[1Aphase1 epoch 0:  72%|███████▏  | 901/1250 [03:06<01:11,  4.87it/s]
[1Aphase1 epoch 0:  72%|███████▏  | 902/1250 [03:06<01:10,  4.94it/s]
[1Aphase1 epoch 0:  72%|███████▏  | 903/1250 [03:07<01:10,  4.92it/s]
[1Aphase1 epoch 0:  72%|███████▏  | 904/1250 [03:07<01:10,  4.91it/s]
[1Aphase1 epoch 0:  72%|███████▏  | 905/1250 [03:07<01:09,  4.97it/s]
[1Aphase1 epoch 0:  72%|███████▏  | 906/1250 [03:07<01:08,  5.01it/s]
[1Aphase1 epoch 0:  73%|███████▎  | 907/1250 [03:07<01:09,  4.96it/s]
[1Aphase1 epoch 0:  73%|███████▎  | 908/1250 [03:08<01:08,  5.00it/s]
[1Aphase1 epoch 0:  73%|███████▎  | 909/1250 [03:08<01:08,  4.98it/s]
[1Aphase1 epoch 0:  73%|███████▎  | 910/1250 [03:08<01:08,  4.96it/s]
[1Aphase1 epoch 0:  73%|███████▎  | 911/1250 [03:08<01:08,  4.92it/s]
[1Aphase1 epoch 0:  73%|███████▎  | 912/1250 [03:08<01:08,  4.91it/s]
[1Aphase1 epoch 0:  73%|███████▎  | 913/1250 [03:09<01:08,  4.89it/s]
[1Aphase1 epoch 0:  73%|███████▎  | 914/1250 [03:09<01:09,  4.85it/s]
[1Aphase1 epoch 0:  73%|███████▎  | 915/1250 [03:09<01:08,  4.93it/s]
[1Aphase1 epoch 0:  73%|███████▎  | 916/1250 [03:09<01:06,  4.99it/s]
[1Aphase1 epoch 0:  73%|███████▎  | 917/1250 [03:09<01:07,  4.95it/s]
[1Aphase1 epoch 0:  73%|███████▎  | 918/1250 [03:10<01:06,  5.01it/s]
[1Aphase1 epoch 0:  74%|███████▎  | 919/1250 [03:10<01:07,  4.89it/s]
[1Aphase1 epoch 0:  74%|███████▎  | 920/1250 [03:10<01:06,  4.95it/s]
[1Aphase1 epoch 0:  74%|███████▎  | 921/1250 [03:10<01:06,  4.93it/s]
[1Aphase1 epoch 0:  74%|███████▍  | 922/1250 [03:10<01:07,  4.87it/s]
[1Aphase1 epoch 0:  74%|███████▍  | 923/1250 [03:11<01:06,  4.95it/s]
[1Aphase1 epoch 0:  74%|███████▍  | 924/1250 [03:11<01:05,  5.00it/s]
[1Aphase1 epoch 0:  74%|███████▍  | 925/1250 [03:11<01:04,  5.04it/s]
[1Aphase1 epoch 0:  74%|███████▍  | 926/1250 [03:11<01:05,  4.98it/s]
[1Aphase1 epoch 0:  74%|███████▍  | 927/1250 [03:11<01:05,  4.94it/s]
[1Aphase1 epoch 0:  74%|███████▍  | 928/1250 [03:12<01:05,  4.90it/s]
[1Aphase1 epoch 0:  74%|███████▍  | 929/1250 [03:12<01:04,  4.96it/s]
[1Aphase1 epoch 0:  74%|███████▍  | 930/1250 [03:12<01:04,  4.94it/s]
[1Aphase1 epoch 0:  74%|███████▍  | 931/1250 [03:12<01:04,  4.94it/s]
[1Aphase1 epoch 0:  75%|███████▍  | 932/1250 [03:12<01:05,  4.89it/s]
[1Aphase1 epoch 0:  75%|███████▍  | 933/1250 [03:13<01:04,  4.90it/s]
[1Aphase1 epoch 0:  75%|███████▍  | 934/1250 [03:13<01:04,  4.90it/s]
[1Aphase1 epoch 0:  75%|███████▍  | 935/1250 [03:13<01:04,  4.87it/s]
[1Aphase1 epoch 0:  75%|███████▍  | 936/1250 [03:13<01:03,  4.93it/s]
[1Aphase1 epoch 0:  75%|███████▍  | 937/1250 [03:13<01:02,  4.99it/s]
[1Aphase1 epoch 0:  75%|███████▌  | 938/1250 [03:14<01:03,  4.92it/s]
[1Aphase1 epoch 0:  75%|███████▌  | 939/1250 [03:14<01:03,  4.91it/s]
[1Aphase1 epoch 0:  75%|███████▌  | 940/1250 [03:14<01:03,  4.90it/s]
[1Aphase1 epoch 0:  75%|███████▌  | 941/1250 [03:14<01:02,  4.97it/s]
[1Aphase1 epoch 0:  75%|███████▌  | 942/1250 [03:14<01:01,  5.02it/s]
[1Aphase1 epoch 0:  75%|███████▌  | 943/1250 [03:15<01:01,  4.98it/s]
[1Aphase1 epoch 0:  76%|███████▌  | 944/1250 [03:15<01:01,  4.96it/s]
[1Aphase1 epoch 0:  76%|███████▌  | 945/1250 [03:15<01:00,  5.01it/s]
[1Aphase1 epoch 0:  76%|███████▌  | 946/1250 [03:15<01:00,  5.04it/s]
[1Aphase1 epoch 0:  76%|███████▌  | 947/1250 [03:15<00:59,  5.06it/s]
[1Aphase1 epoch 0:  76%|███████▌  | 948/1250 [03:16<01:00,  5.00it/s]
[1Aphase1 epoch 0:  76%|███████▌  | 949/1250 [03:16<01:01,  4.92it/s]
[1Aphase1 epoch 0:  76%|███████▌  | 950/1250 [03:16<01:01,  4.90it/s]
[1Aphase1 epoch 0:  76%|███████▌  | 951/1250 [03:16<01:00,  4.95it/s]
[1Aphase1 epoch 0:  76%|███████▌  | 952/1250 [03:16<00:59,  5.01it/s]
[1Aphase1 epoch 0:  76%|███████▌  | 953/1250 [03:17<00:59,  4.98it/s]
[1Aphase1 epoch 0:  76%|███████▋  | 954/1250 [03:17<00:58,  5.02it/s]
[1Aphase1 epoch 0:  76%|███████▋  | 955/1250 [03:17<00:58,  5.05it/s]
[1Aphase1 epoch 0:  76%|███████▋  | 956/1250 [03:17<00:59,  4.98it/s]
[1Aphase1 epoch 0:  77%|███████▋  | 957/1250 [03:17<00:59,  4.95it/s]
[1Aphase1 epoch 0:  77%|███████▋  | 958/1250 [03:18<00:59,  4.90it/s]
[1Aphase1 epoch 0:  77%|███████▋  | 959/1250 [03:18<00:59,  4.89it/s]
[1Aphase1 epoch 0:  77%|███████▋  | 960/1250 [03:18<00:59,  4.90it/s]
[1Aphase1 epoch 0:  77%|███████▋  | 961/1250 [03:18<00:59,  4.87it/s]
[1Aphase1 epoch 0:  77%|███████▋  | 962/1250 [03:18<00:59,  4.86it/s]
[1Aphase1 epoch 0:  77%|███████▋  | 963/1250 [03:19<00:58,  4.88it/s]
[1Aphase1 epoch 0:  77%|███████▋  | 964/1250 [03:19<00:58,  4.87it/s]
[1Aphase1 epoch 0:  77%|███████▋  | 965/1250 [03:19<00:58,  4.89it/s]
[1Aphase1 epoch 0:  77%|███████▋  | 966/1250 [03:19<00:57,  4.95it/s]
[1Aphase1 epoch 0:  77%|███████▋  | 967/1250 [03:19<00:57,  4.90it/s]
[1Aphase1 epoch 0:  77%|███████▋  | 968/1250 [03:20<00:58,  4.85it/s]
[1Aphase1 epoch 0:  78%|███████▊  | 969/1250 [03:20<00:58,  4.83it/s]
[1Aphase1 epoch 0:  78%|███████▊  | 970/1250 [03:20<00:57,  4.84it/s]
[1Aphase1 epoch 0:  78%|███████▊  | 971/1250 [03:20<00:56,  4.92it/s]
[1Aphase1 epoch 0:  78%|███████▊  | 972/1250 [03:21<00:56,  4.90it/s]
[1Aphase1 epoch 0:  78%|███████▊  | 973/1250 [03:21<00:55,  4.96it/s]
[1Aphase1 epoch 0:  78%|███████▊  | 974/1250 [03:21<00:56,  4.91it/s]
[1Aphase1 epoch 0:  78%|███████▊  | 975/1250 [03:21<00:56,  4.90it/s]
[1Aphase1 epoch 0:  78%|███████▊  | 976/1250 [03:21<00:56,  4.87it/s]
[1Aphase1 epoch 0:  78%|███████▊  | 977/1250 [03:22<00:56,  4.86it/s]
[1Aphase1 epoch 0:  78%|███████▊  | 978/1250 [03:22<00:56,  4.80it/s]
[1Aphase1 epoch 0:  78%|███████▊  | 979/1250 [03:22<00:56,  4.83it/s]
[1Aphase1 epoch 0:  78%|███████▊  | 980/1250 [03:22<00:54,  4.91it/s]
[1Aphase1 epoch 0:  78%|███████▊  | 981/1250 [03:22<00:54,  4.91it/s]
[1Aphase1 epoch 0:  79%|███████▊  | 982/1250 [03:23<00:54,  4.91it/s]
[1Aphase1 epoch 0:  79%|███████▊  | 983/1250 [03:23<00:54,  4.91it/s]
[1Aphase1 epoch 0:  79%|███████▊  | 984/1250 [03:23<00:54,  4.87it/s]
[1Aphase1 epoch 0:  79%|███████▉  | 985/1250 [03:23<00:54,  4.85it/s]
[1Aphase1 epoch 0:  79%|███████▉  | 986/1250 [03:23<00:54,  4.84it/s]
[1Aphase1 epoch 0:  79%|███████▉  | 987/1250 [03:24<00:53,  4.92it/s]
[1Aphase1 epoch 0:  79%|███████▉  | 988/1250 [03:24<00:52,  4.98it/s]
[1Aphase1 epoch 0:  79%|███████▉  | 989/1250 [03:24<00:52,  4.94it/s]
[1Aphase1 epoch 0:  79%|███████▉  | 990/1250 [03:24<00:52,  4.99it/s]
[1Aphase1 epoch 0:  79%|███████▉  | 991/1250 [03:24<00:52,  4.95it/s]
[1Aphase1 epoch 0:  79%|███████▉  | 992/1250 [03:25<00:52,  4.92it/s]
[1Aphase1 epoch 0:  79%|███████▉  | 993/1250 [03:25<00:51,  4.98it/s]
[1Aphase1 epoch 0:  80%|███████▉  | 994/1250 [03:25<00:51,  4.96it/s]
[1Aphase1 epoch 0:  80%|███████▉  | 995/1250 [03:25<00:51,  4.95it/s]
[1Aphase1 epoch 0:  80%|███████▉  | 996/1250 [03:25<00:51,  4.93it/s]
[1Aphase1 epoch 0:  80%|███████▉  | 997/1250 [03:26<00:51,  4.91it/s]
[1Aphase1 epoch 0:  80%|███████▉  | 998/1250 [03:26<00:50,  4.98it/s]
[1Aphase1 epoch 0:  80%|███████▉  | 999/1250 [03:26<00:50,  4.94it/s]
[1Aphase1 epoch 0:  80%|████████  | 1000/1250 [03:26<00:50,  5.00it/s]
[1Aphase1 epoch 0:  80%|████████  | 1001/1250 [03:26<00:50,  4.94it/s]
[1Aphase1 epoch 0:  80%|████████  | 1002/1250 [03:27<00:51,  4.85it/s]
[1Aphase1 epoch 0:  80%|████████  | 1003/1250 [03:27<00:51,  4.84it/s]
[1Aphase1 epoch 0:  80%|████████  | 1004/1250 [03:27<00:51,  4.82it/s]
[1Aphase1 epoch 0:  80%|████████  | 1005/1250 [03:27<00:50,  4.82it/s]
[1Aphase1 epoch 0:  80%|████████  | 1006/1250 [03:27<00:50,  4.84it/s]
[1Aphase1 epoch 0:  81%|████████  | 1007/1250 [03:28<00:50,  4.85it/s]
[1Aphase1 epoch 0:  81%|████████  | 1008/1250 [03:28<00:50,  4.84it/s]
[1Aphase1 epoch 0:  81%|████████  | 1009/1250 [03:28<00:49,  4.85it/s]
[1Aphase1 epoch 0:  81%|████████  | 1010/1250 [03:28<00:48,  4.93it/s]
[1Aphase1 epoch 0:  81%|████████  | 1011/1250 [03:28<00:47,  4.99it/s]
[1Aphase1 epoch 0:  81%|████████  | 1012/1250 [03:29<00:48,  4.93it/s]
[1Aphase1 epoch 0:  81%|████████  | 1013/1250 [03:29<00:48,  4.89it/s]
[1Aphase1 epoch 0:  81%|████████  | 1014/1250 [03:29<00:47,  4.96it/s]
[1Aphase1 epoch 0:  81%|████████  | 1015/1250 [03:29<00:47,  4.92it/s]
[1Aphase1 epoch 0:  81%|████████▏ | 1016/1250 [03:29<00:48,  4.87it/s]
[1Aphase1 epoch 0:  81%|████████▏ | 1017/1250 [03:30<00:47,  4.88it/s]
[1Aphase1 epoch 0:  81%|████████▏ | 1018/1250 [03:30<00:47,  4.84it/s]
[1Aphase1 epoch 0:  82%|████████▏ | 1019/1250 [03:30<00:48,  4.81it/s]
[1Aphase1 epoch 0:  82%|████████▏ | 1020/1250 [03:30<00:47,  4.83it/s]
[1Aphase1 epoch 0:  82%|████████▏ | 1021/1250 [03:31<00:46,  4.91it/s]
[1Aphase1 epoch 0:  82%|████████▏ | 1022/1250 [03:31<00:46,  4.86it/s]
[1Aphase1 epoch 0:  82%|████████▏ | 1023/1250 [03:31<00:46,  4.87it/s]
[1Aphase1 epoch 0:  82%|████████▏ | 1024/1250 [03:31<00:45,  4.95it/s]
[1Aphase1 epoch 0:  82%|████████▏ | 1025/1250 [03:31<00:45,  4.92it/s]
[1Aphase1 epoch 0:  82%|████████▏ | 1026/1250 [03:32<00:44,  4.98it/s]
[1Aphase1 epoch 0:  82%|████████▏ | 1027/1250 [03:32<00:45,  4.95it/s]
[1Aphase1 epoch 0:  82%|████████▏ | 1028/1250 [03:32<00:44,  4.94it/s]
[1Aphase1 epoch 0:  82%|████████▏ | 1029/1250 [03:32<00:44,  4.91it/s]
[1Aphase1 epoch 0:  82%|████████▏ | 1030/1250 [03:32<00:45,  4.87it/s]
[1Aphase1 epoch 0:  82%|████████▏ | 1031/1250 [03:33<00:44,  4.88it/s]
[1Aphase1 epoch 0:  83%|████████▎ | 1032/1250 [03:33<00:45,  4.81it/s]
[1Aphase1 epoch 0:  83%|████████▎ | 1033/1250 [03:33<00:45,  4.77it/s]
[1Aphase1 epoch 0:  83%|████████▎ | 1034/1250 [03:33<00:44,  4.81it/s]
[1Aphase1 epoch 0:  83%|████████▎ | 1035/1250 [03:33<00:44,  4.84it/s]
[1Aphase1 epoch 0:  83%|████████▎ | 1036/1250 [03:34<00:44,  4.80it/s]
[1Aphase1 epoch 0:  83%|████████▎ | 1037/1250 [03:34<00:44,  4.82it/s]
[1Aphase1 epoch 0:  83%|████████▎ | 1038/1250 [03:34<00:43,  4.84it/s]
[1Aphase1 epoch 0:  83%|████████▎ | 1039/1250 [03:34<00:43,  4.87it/s]
[1Aphase1 epoch 0:  83%|████████▎ | 1040/1250 [03:34<00:43,  4.88it/s]
[1Aphase1 epoch 0:  83%|████████▎ | 1041/1250 [03:35<00:43,  4.81it/s]
[1Aphase1 epoch 0:  83%|████████▎ | 1042/1250 [03:35<00:43,  4.80it/s]
[1Aphase1 epoch 0:  83%|████████▎ | 1043/1250 [03:35<00:42,  4.83it/s]
[1Aphase1 epoch 0:  84%|████████▎ | 1044/1250 [03:35<00:42,  4.81it/s]
[1Aphase1 epoch 0:  84%|████████▎ | 1045/1250 [03:35<00:42,  4.80it/s]
[1Aphase1 epoch 0:  84%|████████▎ | 1046/1250 [03:36<00:42,  4.81it/s]
[1Aphase1 epoch 0:  84%|████████▍ | 1047/1250 [03:36<00:42,  4.80it/s]
[1Aphase1 epoch 0:  84%|████████▍ | 1048/1250 [03:36<00:41,  4.82it/s]
[1Aphase1 epoch 0:  84%|████████▍ | 1049/1250 [03:36<00:41,  4.83it/s]
[1Aphase1 epoch 0:  84%|████████▍ | 1050/1250 [03:37<00:41,  4.85it/s]
[1Aphase1 epoch 0:  84%|████████▍ | 1051/1250 [03:37<00:41,  4.81it/s]
[1Aphase1 epoch 0:  84%|████████▍ | 1052/1250 [03:37<00:41,  4.81it/s]
[1Aphase1 epoch 0:  84%|████████▍ | 1053/1250 [03:37<00:40,  4.90it/s]
[1Aphase1 epoch 0:  84%|████████▍ | 1054/1250 [03:37<00:40,  4.86it/s]
[1Aphase1 epoch 0:  84%|████████▍ | 1055/1250 [03:38<00:40,  4.87it/s]
[1Aphase1 epoch 0:  84%|████████▍ | 1056/1250 [03:38<00:39,  4.88it/s]
[1Aphase1 epoch 0:  85%|████████▍ | 1057/1250 [03:38<00:39,  4.89it/s]
[1Aphase1 epoch 0:  85%|████████▍ | 1058/1250 [03:38<00:38,  4.95it/s]
[1Aphase1 epoch 0:  85%|████████▍ | 1059/1250 [03:38<00:39,  4.89it/s]
[1Aphase1 epoch 0:  85%|████████▍ | 1060/1250 [03:39<00:38,  4.90it/s]
[1Aphase1 epoch 0:  85%|████████▍ | 1061/1250 [03:39<00:38,  4.89it/s]
[1Aphase1 epoch 0:  85%|████████▍ | 1062/1250 [03:39<00:38,  4.87it/s]
[1Aphase1 epoch 0:  85%|████████▌ | 1063/1250 [03:39<00:38,  4.86it/s]
[1Aphase1 epoch 0:  85%|████████▌ | 1064/1250 [03:39<00:38,  4.82it/s]
[1Aphase1 epoch 0:  85%|████████▌ | 1065/1250 [03:40<00:38,  4.82it/s]
[1Aphase1 epoch 0:  85%|████████▌ | 1066/1250 [03:40<00:38,  4.83it/s]
[1Aphase1 epoch 0:  85%|████████▌ | 1067/1250 [03:40<00:37,  4.86it/s]
[1Aphase1 epoch 0:  85%|████████▌ | 1068/1250 [03:40<00:37,  4.85it/s]
[1Aphase1 epoch 0:  86%|████████▌ | 1069/1250 [03:40<00:37,  4.78it/s]
[1Aphase1 epoch 0:  86%|████████▌ | 1070/1250 [03:41<00:36,  4.87it/s]
[1Aphase1 epoch 0:  86%|████████▌ | 1071/1250 [03:41<00:36,  4.94it/s]
[1Aphase1 epoch 0:  86%|████████▌ | 1072/1250 [03:41<00:36,  4.94it/s]
[1Aphase1 epoch 0:  86%|████████▌ | 1073/1250 [03:41<00:36,  4.91it/s]
[1Aphase1 epoch 0:  86%|████████▌ | 1074/1250 [03:41<00:36,  4.85it/s]
[1Aphase1 epoch 0:  86%|████████▌ | 1075/1250 [03:42<00:35,  4.93it/s]
[1Aphase1 epoch 0:  86%|████████▌ | 1076/1250 [03:42<00:35,  4.92it/s]
[1Aphase1 epoch 0:  86%|████████▌ | 1077/1250 [03:42<00:35,  4.91it/s]
[1Aphase1 epoch 0:  86%|████████▌ | 1078/1250 [03:42<00:35,  4.90it/s]
[1Aphase1 epoch 0:  86%|████████▋ | 1079/1250 [03:42<00:34,  4.90it/s]
[1Aphase1 epoch 0:  86%|████████▋ | 1080/1250 [03:43<00:34,  4.96it/s]
[1Aphase1 epoch 0:  86%|████████▋ | 1081/1250 [03:43<00:34,  4.92it/s]
[1Aphase1 epoch 0:  87%|████████▋ | 1082/1250 [03:43<00:34,  4.89it/s]
[1Aphase1 epoch 0:  87%|████████▋ | 1083/1250 [03:43<00:34,  4.87it/s]
[1Aphase1 epoch 0:  87%|████████▋ | 1084/1250 [03:43<00:33,  4.94it/s]
[1Aphase1 epoch 0:  87%|████████▋ | 1085/1250 [03:44<00:33,  4.99it/s]
[1Aphase1 epoch 0:  87%|████████▋ | 1086/1250 [03:44<00:33,  4.97it/s]
[1Aphase1 epoch 0:  87%|████████▋ | 1087/1250 [03:44<00:32,  5.01it/s]
[1Aphase1 epoch 0:  87%|████████▋ | 1088/1250 [03:44<00:32,  4.96it/s]
[1Aphase1 epoch 0:  87%|████████▋ | 1089/1250 [03:44<00:32,  4.92it/s]
[1Aphase1 epoch 0:  87%|████████▋ | 1090/1250 [03:45<00:32,  4.88it/s]
[1Aphase1 epoch 0:  87%|████████▋ | 1091/1250 [03:45<00:32,  4.86it/s]
[1Aphase1 epoch 0:  87%|████████▋ | 1092/1250 [03:45<00:32,  4.86it/s]
[1Aphase1 epoch 0:  87%|████████▋ | 1093/1250 [03:45<00:32,  4.83it/s]
[1Aphase1 epoch 0:  88%|████████▊ | 1094/1250 [03:46<00:32,  4.84it/s]
[1Aphase1 epoch 0:  88%|████████▊ | 1095/1250 [03:46<00:32,  4.83it/s]
[1Aphase1 epoch 0:  88%|████████▊ | 1096/1250 [03:46<00:31,  4.91it/s]
[1Aphase1 epoch 0:  88%|████████▊ | 1097/1250 [03:46<00:31,  4.90it/s]
[1Aphase1 epoch 0:  88%|████████▊ | 1098/1250 [03:46<00:31,  4.88it/s]
[1Aphase1 epoch 0:  88%|████████▊ | 1099/1250 [03:47<00:30,  4.87it/s]
[1Aphase1 epoch 0:  88%|████████▊ | 1100/1250 [03:47<00:30,  4.89it/s]
[1Aphase1 epoch 0:  88%|████████▊ | 1101/1250 [03:47<00:30,  4.88it/s]
[1Aphase1 epoch 0:  88%|████████▊ | 1102/1250 [03:47<00:29,  4.95it/s]
[1Aphase1 epoch 0:  88%|████████▊ | 1103/1250 [03:47<00:29,  5.00it/s]
[1Aphase1 epoch 0:  88%|████████▊ | 1104/1250 [03:48<00:29,  4.94it/s]
[1Aphase1 epoch 0:  88%|████████▊ | 1105/1250 [03:48<00:29,  4.92it/s]
[1Aphase1 epoch 0:  88%|████████▊ | 1106/1250 [03:48<00:29,  4.89it/s]
[1Aphase1 epoch 0:  89%|████████▊ | 1107/1250 [03:48<00:29,  4.87it/s]
[1Aphase1 epoch 0:  89%|████████▊ | 1108/1250 [03:48<00:29,  4.85it/s]
[1Aphase1 epoch 0:  89%|████████▊ | 1109/1250 [03:49<00:29,  4.80it/s]
[1Aphase1 epoch 0:  89%|████████▉ | 1110/1250 [03:49<00:28,  4.88it/s]
[1Aphase1 epoch 0:  89%|████████▉ | 1111/1250 [03:49<00:28,  4.85it/s]
[1Aphase1 epoch 0:  89%|████████▉ | 1112/1250 [03:49<00:28,  4.86it/s]
[1Aphase1 epoch 0:  89%|████████▉ | 1113/1250 [03:49<00:27,  4.93it/s]
[1Aphase1 epoch 0:  89%|████████▉ | 1114/1250 [03:50<00:27,  4.89it/s]
[1Aphase1 epoch 0:  89%|████████▉ | 1115/1250 [03:50<00:27,  4.90it/s]
[1Aphase1 epoch 0:  89%|████████▉ | 1116/1250 [03:50<00:27,  4.87it/s]
[1Aphase1 epoch 0:  89%|████████▉ | 1117/1250 [03:50<00:26,  4.94it/s]
[1Aphase1 epoch 0:  89%|████████▉ | 1118/1250 [03:50<00:26,  4.99it/s]
[1Aphase1 epoch 0:  90%|████████▉ | 1119/1250 [03:51<00:26,  5.03it/s]
[1Aphase1 epoch 0:  90%|████████▉ | 1120/1250 [03:51<00:25,  5.05it/s]
[1Aphase1 epoch 0:  90%|████████▉ | 1121/1250 [03:51<00:25,  4.97it/s]
[1Aphase1 epoch 0:  90%|████████▉ | 1122/1250 [03:51<00:25,  4.95it/s]
[1Aphase1 epoch 0:  90%|████████▉ | 1123/1250 [03:51<00:25,  4.92it/s]
[1Aphase1 epoch 0:  90%|████████▉ | 1124/1250 [03:52<00:25,  4.98it/s]
[1Aphase1 epoch 0:  90%|█████████ | 1125/1250 [03:52<00:25,  4.92it/s]
[1Aphase1 epoch 0:  90%|█████████ | 1126/1250 [03:52<00:24,  4.98it/s]
[1Aphase1 epoch 0:  90%|█████████ | 1127/1250 [03:52<00:24,  4.95it/s]
[1Aphase1 epoch 0:  90%|█████████ | 1128/1250 [03:52<00:24,  5.00it/s]
[1Aphase1 epoch 0:  90%|█████████ | 1129/1250 [03:53<00:24,  4.97it/s]
[1Aphase1 epoch 0:  90%|█████████ | 1130/1250 [03:53<00:24,  4.96it/s]
[1Aphase1 epoch 0:  90%|█████████ | 1131/1250 [03:53<00:24,  4.89it/s]
[1Aphase1 epoch 0:  91%|█████████ | 1132/1250 [03:53<00:24,  4.89it/s]
[1Aphase1 epoch 0:  91%|█████████ | 1133/1250 [03:53<00:23,  4.90it/s]
[1Aphase1 epoch 0:  91%|█████████ | 1134/1250 [03:54<00:23,  4.89it/s]
[1Aphase1 epoch 0:  91%|█████████ | 1135/1250 [03:54<00:23,  4.88it/s]
[1Aphase1 epoch 0:  91%|█████████ | 1136/1250 [03:54<00:23,  4.95it/s]
[1Aphase1 epoch 0:  91%|█████████ | 1137/1250 [03:54<00:23,  4.89it/s]
[1Aphase1 epoch 0:  91%|█████████ | 1138/1250 [03:54<00:22,  4.95it/s]
[1Aphase1 epoch 0:  91%|█████████ | 1139/1250 [03:55<00:22,  4.93it/s]
[1Aphase1 epoch 0:  91%|█████████ | 1140/1250 [03:55<00:22,  4.99it/s]
[1Aphase1 epoch 0:  91%|█████████▏| 1141/1250 [03:55<00:21,  4.97it/s]
[1Aphase1 epoch 0:  91%|█████████▏| 1142/1250 [03:55<00:21,  4.94it/s]
[1Aphase1 epoch 0:  91%|█████████▏| 1143/1250 [03:55<00:21,  4.89it/s]
[1Aphase1 epoch 0:  92%|█████████▏| 1144/1250 [03:56<00:21,  4.89it/s]
[1Aphase1 epoch 0:  92%|█████████▏| 1145/1250 [03:56<00:21,  4.96it/s]
[1Aphase1 epoch 0:  92%|█████████▏| 1146/1250 [03:56<00:21,  4.92it/s]
[1Aphase1 epoch 0:  92%|█████████▏| 1147/1250 [03:56<00:21,  4.89it/s]
[1Aphase1 epoch 0:  92%|█████████▏| 1148/1250 [03:56<00:21,  4.85it/s]
[1Aphase1 epoch 0:  92%|█████████▏| 1149/1250 [03:57<00:20,  4.86it/s]
[1Aphase1 epoch 0:  92%|█████████▏| 1150/1250 [03:57<00:20,  4.85it/s]
[1Aphase1 epoch 0:  92%|█████████▏| 1151/1250 [03:57<00:20,  4.82it/s]
[1Aphase1 epoch 0:  92%|█████████▏| 1152/1250 [03:57<00:19,  4.91it/s]
[1Aphase1 epoch 0:  92%|█████████▏| 1153/1250 [03:58<00:19,  4.90it/s]
[1Aphase1 epoch 0:  92%|█████████▏| 1154/1250 [03:58<00:19,  4.90it/s]
[1Aphase1 epoch 0:  92%|█████████▏| 1155/1250 [03:58<00:19,  4.89it/s]
[1Aphase1 epoch 0:  92%|█████████▏| 1156/1250 [03:58<00:19,  4.80it/s]
[1Aphase1 epoch 0:  93%|█████████▎| 1157/1250 [03:58<00:19,  4.89it/s]
[1Aphase1 epoch 0:  93%|█████████▎| 1158/1250 [03:59<00:18,  4.89it/s]
[1Aphase1 epoch 0:  93%|█████████▎| 1159/1250 [03:59<00:18,  4.85it/s]
[1Aphase1 epoch 0:  93%|█████████▎| 1160/1250 [03:59<00:18,  4.82it/s]
[1Aphase1 epoch 0:  93%|█████████▎| 1161/1250 [03:59<00:18,  4.81it/s]
[1Aphase1 epoch 0:  93%|█████████▎| 1162/1250 [03:59<00:18,  4.79it/s]
[1Aphase1 epoch 0:  93%|█████████▎| 1163/1250 [04:00<00:18,  4.81it/s]
[1Aphase1 epoch 0:  93%|█████████▎| 1164/1250 [04:00<00:17,  4.78it/s]
[1Aphase1 epoch 0:  93%|█████████▎| 1165/1250 [04:00<00:17,  4.81it/s]
[1Aphase1 epoch 0:  93%|█████████▎| 1166/1250 [04:00<00:17,  4.78it/s]
[1Aphase1 epoch 0:  93%|█████████▎| 1167/1250 [04:00<00:17,  4.88it/s]
[1Aphase1 epoch 0:  93%|█████████▎| 1168/1250 [04:01<00:16,  4.86it/s]
[1Aphase1 epoch 0:  94%|█████████▎| 1169/1250 [04:01<00:16,  4.93it/s]
[1Aphase1 epoch 0:  94%|█████████▎| 1170/1250 [04:01<00:16,  4.93it/s]
[1Aphase1 epoch 0:  94%|█████████▎| 1171/1250 [04:01<00:15,  4.99it/s]
[1Aphase1 epoch 0:  94%|█████████▍| 1172/1250 [04:01<00:15,  4.96it/s]
[1Aphase1 epoch 0:  94%|█████████▍| 1173/1250 [04:02<00:15,  5.01it/s]
[1Aphase1 epoch 0:  94%|█████████▍| 1174/1250 [04:02<00:15,  5.05it/s]
[1Aphase1 epoch 0:  94%|█████████▍| 1175/1250 [04:02<00:14,  5.07it/s]
[1Aphase1 epoch 0:  94%|█████████▍| 1176/1250 [04:02<00:14,  5.00it/s]
[1Aphase1 epoch 0:  94%|█████████▍| 1177/1250 [04:02<00:14,  4.95it/s]
[1Aphase1 epoch 0:  94%|█████████▍| 1178/1250 [04:03<00:14,  4.89it/s]
[1Aphase1 epoch 0:  94%|█████████▍| 1179/1250 [04:03<00:14,  4.95it/s]
[1Aphase1 epoch 0:  94%|█████████▍| 1180/1250 [04:03<00:14,  4.92it/s]
[1Aphase1 epoch 0:  94%|█████████▍| 1181/1250 [04:03<00:14,  4.88it/s]
[1Aphase1 epoch 0:  95%|█████████▍| 1182/1250 [04:03<00:13,  4.94it/s]
[1Aphase1 epoch 0:  95%|█████████▍| 1183/1250 [04:04<00:13,  4.93it/s]
[1Aphase1 epoch 0:  95%|█████████▍| 1184/1250 [04:04<00:13,  5.01it/s]
[1Aphase1 epoch 0:  95%|█████████▍| 1185/1250 [04:04<00:13,  4.96it/s]
[1Aphase1 epoch 0:  95%|█████████▍| 1186/1250 [04:04<00:12,  4.93it/s]
[1Aphase1 epoch 0:  95%|█████████▍| 1187/1250 [04:04<00:12,  4.90it/s]
[1Aphase1 epoch 0:  95%|█████████▌| 1188/1250 [04:05<00:12,  4.90it/s]
[1Aphase1 epoch 0:  95%|█████████▌| 1189/1250 [04:05<00:12,  4.91it/s]
[1Aphase1 epoch 0:  95%|█████████▌| 1190/1250 [04:05<00:12,  4.91it/s]
[1Aphase1 epoch 0:  95%|█████████▌| 1191/1250 [04:05<00:12,  4.90it/s]
[1Aphase1 epoch 0:  95%|█████████▌| 1192/1250 [04:05<00:12,  4.82it/s]
[1Aphase1 epoch 0:  95%|█████████▌| 1193/1250 [04:06<00:11,  4.82it/s]
[1Aphase1 epoch 0:  96%|█████████▌| 1194/1250 [04:06<00:11,  4.83it/s]
[1Aphase1 epoch 0:  96%|█████████▌| 1195/1250 [04:06<00:11,  4.86it/s]
[1Aphase1 epoch 0:  96%|█████████▌| 1196/1250 [04:06<00:11,  4.86it/s]
[1Aphase1 epoch 0:  96%|█████████▌| 1197/1250 [04:07<00:11,  4.79it/s]
[1Aphase1 epoch 0:  96%|█████████▌| 1198/1250 [04:07<00:10,  4.81it/s]
[1Aphase1 epoch 0:  96%|█████████▌| 1199/1250 [04:07<00:10,  4.84it/s]
[1Aphase1 epoch 0:  96%|█████████▌| 1200/1250 [04:07<00:10,  4.82it/s]
[1Aphase1 epoch 0:  96%|█████████▌| 1201/1250 [04:07<00:10,  4.81it/s]
[1Aphase1 epoch 0:  96%|█████████▌| 1202/1250 [04:08<00:09,  4.83it/s]
[1Aphase1 epoch 0:  96%|█████████▌| 1203/1250 [04:08<00:09,  4.84it/s]
[1Aphase1 epoch 0:  96%|█████████▋| 1204/1250 [04:08<00:09,  4.86it/s]
[1Aphase1 epoch 0:  96%|█████████▋| 1205/1250 [04:08<00:09,  4.83it/s]
[1Aphase1 epoch 0:  96%|█████████▋| 1206/1250 [04:08<00:09,  4.86it/s]
[1Aphase1 epoch 0:  97%|█████████▋| 1207/1250 [04:09<00:08,  4.93it/s]
[1Aphase1 epoch 0:  97%|█████████▋| 1208/1250 [04:09<00:08,  4.99it/s]
[1Aphase1 epoch 0:  97%|█████████▋| 1209/1250 [04:09<00:08,  4.96it/s]
[1Aphase1 epoch 0:  97%|█████████▋| 1210/1250 [04:09<00:07,  5.00it/s]
[1Aphase1 epoch 0:  97%|█████████▋| 1211/1250 [04:09<00:07,  5.03it/s]
[1Aphase1 epoch 0:  97%|█████████▋| 1212/1250 [04:10<00:07,  5.05it/s]
[1Aphase1 epoch 0:  97%|█████████▋| 1213/1250 [04:10<00:07,  5.07it/s]
[1Aphase1 epoch 0:  97%|█████████▋| 1214/1250 [04:10<00:07,  5.03it/s]
[1Aphase1 epoch 0:  97%|█████████▋| 1215/1250 [04:10<00:07,  4.95it/s]
[1Aphase1 epoch 0:  97%|█████████▋| 1216/1250 [04:10<00:06,  5.00it/s]
[1Aphase1 epoch 0:  97%|█████████▋| 1217/1250 [04:11<00:06,  4.94it/s]
[1Aphase1 epoch 0:  97%|█████████▋| 1218/1250 [04:11<00:06,  4.99it/s]
[1Aphase1 epoch 0:  98%|█████████▊| 1219/1250 [04:11<00:06,  5.02it/s]
[1Aphase1 epoch 0:  98%|█████████▊| 1220/1250 [04:11<00:05,  5.04it/s]
[1Aphase1 epoch 0:  98%|█████████▊| 1221/1250 [04:11<00:05,  4.96it/s]
[1Aphase1 epoch 0:  98%|█████████▊| 1222/1250 [04:12<00:05,  4.89it/s]
[1Aphase1 epoch 0:  98%|█████████▊| 1223/1250 [04:12<00:05,  4.82it/s]
[1Aphase1 epoch 0:  98%|█████████▊| 1224/1250 [04:12<00:05,  4.91it/s]
[1Aphase1 epoch 0:  98%|█████████▊| 1225/1250 [04:12<00:05,  4.86it/s]
[1Aphase1 epoch 0:  98%|█████████▊| 1226/1250 [04:12<00:04,  4.86it/s]
[1Aphase1 epoch 0:  98%|█████████▊| 1227/1250 [04:13<00:04,  4.87it/s]
[1Aphase1 epoch 0:  98%|█████████▊| 1228/1250 [04:13<00:04,  4.84it/s]
[1Aphase1 epoch 0:  98%|█████████▊| 1229/1250 [04:13<00:04,  4.86it/s]
[1Aphase1 epoch 0:  98%|█████████▊| 1230/1250 [04:13<00:04,  4.83it/s]
[1Aphase1 epoch 0:  98%|█████████▊| 1231/1250 [04:13<00:03,  4.81it/s]
[1Aphase1 epoch 0:  99%|█████████▊| 1232/1250 [04:14<00:03,  4.76it/s]
[1Aphase1 epoch 0:  99%|█████████▊| 1233/1250 [04:14<00:03,  4.77it/s]
[1Aphase1 epoch 0:  99%|█████████▊| 1234/1250 [04:14<00:03,  4.87it/s]
[1Aphase1 epoch 0:  99%|█████████▉| 1235/1250 [04:14<00:03,  4.94it/s]
[1Aphase1 epoch 0:  99%|█████████▉| 1236/1250 [04:14<00:02,  4.86it/s]
[1Aphase1 epoch 0:  99%|█████████▉| 1237/1250 [04:15<00:02,  4.87it/s]
[1Aphase1 epoch 0:  99%|█████████▉| 1238/1250 [04:15<00:02,  4.87it/s]
[1Aphase1 epoch 0:  99%|█████████▉| 1239/1250 [04:15<00:02,  4.88it/s]
[1Aphase1 epoch 0:  99%|█████████▉| 1240/1250 [04:15<00:02,  4.94it/s]
[1Aphase1 epoch 0:  99%|█████████▉| 1241/1250 [04:15<00:01,  4.99it/s]
[1Aphase1 epoch 0:  99%|█████████▉| 1242/1250 [04:16<00:01,  4.96it/s]
[1Aphase1 epoch 0:  99%|█████████▉| 1243/1250 [04:16<00:01,  4.93it/s]
[1Aphase1 epoch 0: 100%|█████████▉| 1244/1250 [04:16<00:01,  4.98it/s]
[1Aphase1 epoch 0: 100%|█████████▉| 1245/1250 [04:16<00:01,  4.95it/s]
[1Aphase1 epoch 0: 100%|█████████▉| 1246/1250 [04:16<00:00,  4.92it/s]
[1Aphase1 epoch 0: 100%|█████████▉| 1247/1250 [04:17<00:00,  4.91it/s]
[1Aphase1 epoch 0: 100%|█████████▉| 1248/1250 [04:17<00:00,  4.89it/s]
[1Aphase1 epoch 0: 100%|█████████▉| 1249/1250 [04:17<00:00,  4.89it/s]
[1Aphase1 epoch 0: 100%|██████████| 1250/1250 [04:17<00:00,  4.90it/s]                                                                   
[1A
[1Aphase1 epoch 1:   0%|          | 0/1250 [00:00<?, ?it/s]
[1Aphase1 epoch 1:   0%|          | 1/1250 [00:00<04:15,  4.88it/s]
[1Aphase1 epoch 1:   0%|          | 2/1250 [00:00<04:25,  4.71it/s]
[1Aphase1 epoch 1:   0%|          | 3/1250 [00:00<04:21,  4.78it/s]
[1Aphase1 epoch 1:   0%|          | 4/1250 [00:00<04:21,  4.76it/s]
[1Aphase1 epoch 1:   0%|          | 5/1250 [00:01<04:21,  4.77it/s]
[1Aphase1 epoch 1:   0%|          | 6/1250 [00:01<04:20,  4.78it/s]
[1Aphase1 epoch 1:   1%|          | 7/1250 [00:01<04:18,  4.80it/s]
[1Aphase1 epoch 1:   1%|          | 8/1250 [00:01<04:18,  4.80it/s]
[1Aphase1 epoch 1:   1%|          | 9/1250 [00:01<04:19,  4.79it/s]
[1Aphase1 epoch 1:   1%|          | 10/1250 [00:02<04:19,  4.77it/s]
[1Aphase1 epoch 1:   1%|          | 11/1250 [00:02<04:18,  4.80it/s]
[1Aphase1 epoch 1:   1%|          | 12/1250 [00:02<04:15,  4.84it/s]
[1Aphase1 epoch 1:   1%|          | 13/1250 [00:02<04:16,  4.82it/s]
[1Aphase1 epoch 1:   1%|          | 14/1250 [00:02<04:12,  4.90it/s]
[1Aphase1 epoch 1:   1%|          | 15/1250 [00:03<04:12,  4.89it/s]
[1Aphase1 epoch 1:   1%|▏         | 16/1250 [00:03<04:13,  4.86it/s]
[1Aphase1 epoch 1:   1%|▏         | 17/1250 [00:03<04:13,  4.86it/s]
[1Aphase1 epoch 1:   1%|▏         | 18/1250 [00:03<04:09,  4.94it/s]
[1Aphase1 epoch 1:   2%|▏         | 19/1250 [00:03<04:09,  4.93it/s]
[1Aphase1 epoch 1:   2%|▏         | 20/1250 [00:04<04:10,  4.91it/s]
[1Aphase1 epoch 1:   2%|▏         | 21/1250 [00:04<04:11,  4.89it/s]
[1Aphase1 epoch 1:   2%|▏         | 22/1250 [00:04<04:07,  4.95it/s]
[1Aphase1 epoch 1:   2%|▏         | 23/1250 [00:04<04:08,  4.95it/s]
[1Aphase1 epoch 1:   2%|▏         | 24/1250 [00:04<04:09,  4.92it/s]
[1Aphase1 epoch 1:   2%|▏         | 25/1250 [00:05<04:06,  4.97it/s]
[1Aphase1 epoch 1:   2%|▏         | 26/1250 [00:05<04:04,  5.01it/s]
[1Aphase1 epoch 1:   2%|▏         | 27/1250 [00:05<04:02,  5.04it/s]
[1Aphase1 epoch 1:   2%|▏         | 28/1250 [00:05<04:04,  4.99it/s]
[1Aphase1 epoch 1:   2%|▏         | 29/1250 [00:05<04:02,  5.03it/s]
[1Aphase1 epoch 1:   2%|▏         | 30/1250 [00:06<04:06,  4.94it/s]
[1Aphase1 epoch 1:   2%|▏         | 31/1250 [00:06<04:09,  4.89it/s]
[1Aphase1 epoch 1:   3%|▎         | 32/1250 [00:06<04:10,  4.87it/s]
[1Aphase1 epoch 1:   3%|▎         | 33/1250 [00:06<04:10,  4.87it/s]
[1Aphase1 epoch 1:   3%|▎         | 34/1250 [00:06<04:14,  4.77it/s]
[1Aphase1 epoch 1:   3%|▎         | 35/1250 [00:07<04:14,  4.77it/s]
[1Aphase1 epoch 1:   3%|▎         | 36/1250 [00:07<04:09,  4.87it/s]
[1Aphase1 epoch 1:   3%|▎         | 37/1250 [00:07<04:05,  4.93it/s]
[1Aphase1 epoch 1:   3%|▎         | 38/1250 [00:07<04:07,  4.89it/s]
[1Aphase1 epoch 1:   3%|▎         | 39/1250 [00:08<04:10,  4.84it/s]
[1Aphase1 epoch 1:   3%|▎         | 40/1250 [00:08<04:09,  4.86it/s]
[1Aphase1 epoch 1:   3%|▎         | 41/1250 [00:08<04:08,  4.86it/s]
[1Aphase1 epoch 1:   3%|▎         | 42/1250 [00:08<04:09,  4.85it/s]
[1Aphase1 epoch 1:   3%|▎         | 43/1250 [00:08<04:04,  4.93it/s]
[1Aphase1 epoch 1:   4%|▎         | 44/1250 [00:09<04:09,  4.83it/s]
[1Aphase1 epoch 1:   4%|▎         | 45/1250 [00:09<04:05,  4.91it/s]
[1Aphase1 epoch 1:   4%|▎         | 46/1250 [00:09<04:07,  4.86it/s]
[1Aphase1 epoch 1:   4%|▍         | 47/1250 [00:09<04:06,  4.88it/s]
[1Aphase1 epoch 1:   4%|▍         | 48/1250 [00:09<04:06,  4.88it/s]
[1Aphase1 epoch 1:   4%|▍         | 49/1250 [00:10<04:07,  4.85it/s]
[1Aphase1 epoch 1:   4%|▍         | 50/1250 [00:10<04:06,  4.86it/s]
[1Aphase1 epoch 1:   4%|▍         | 51/1250 [00:10<04:02,  4.93it/s]
[1Aphase1 epoch 1:   4%|▍         | 52/1250 [00:10<04:03,  4.91it/s]
[1Aphase1 epoch 1:   4%|▍         | 53/1250 [00:10<04:03,  4.91it/s]
[1Aphase1 epoch 1:   4%|▍         | 54/1250 [00:11<04:01,  4.96it/s]
[1Aphase1 epoch 1:   4%|▍         | 55/1250 [00:11<03:58,  5.01it/s]
[1Aphase1 epoch 1:   4%|▍         | 56/1250 [00:11<04:03,  4.89it/s]
[1Aphase1 epoch 1:   5%|▍         | 57/1250 [00:11<04:00,  4.96it/s]
[1Aphase1 epoch 1:   5%|▍         | 58/1250 [00:11<04:00,  4.95it/s]
[1Aphase1 epoch 1:   5%|▍         | 59/1250 [00:12<03:58,  5.00it/s]
[1Aphase1 epoch 1:   5%|▍         | 60/1250 [00:12<03:59,  4.96it/s]
[1Aphase1 epoch 1:   5%|▍         | 61/1250 [00:12<03:57,  5.00it/s]
[1Aphase1 epoch 1:   5%|▍         | 62/1250 [00:12<03:59,  4.97it/s]
[1Aphase1 epoch 1:   5%|▌         | 63/1250 [00:12<04:01,  4.92it/s]
[1Aphase1 epoch 1:   5%|▌         | 64/1250 [00:13<04:01,  4.90it/s]
[1Aphase1 epoch 1:   5%|▌         | 65/1250 [00:13<04:02,  4.90it/s]
[1Aphase1 epoch 1:   5%|▌         | 66/1250 [00:13<04:01,  4.90it/s]
[1Aphase1 epoch 1:   5%|▌         | 67/1250 [00:13<03:58,  4.97it/s]
[1Aphase1 epoch 1:   5%|▌         | 68/1250 [00:13<03:55,  5.02it/s]
[1Aphase1 epoch 1:   6%|▌         | 69/1250 [00:14<03:57,  4.97it/s]
[1Aphase1 epoch 1:   6%|▌         | 70/1250 [00:14<03:58,  4.95it/s]
[1Aphase1 epoch 1:   6%|▌         | 71/1250 [00:14<04:00,  4.90it/s]
[1Aphase1 epoch 1:   6%|▌         | 72/1250 [00:14<04:02,  4.85it/s]
[1Aphase1 epoch 1:   6%|▌         | 73/1250 [00:14<04:02,  4.86it/s]
[1Aphase1 epoch 1:   6%|▌         | 74/1250 [00:15<04:02,  4.84it/s]
[1Aphase1 epoch 1:   6%|▌         | 75/1250 [00:15<03:58,  4.92it/s]
[1Aphase1 epoch 1:   6%|▌         | 76/1250 [00:15<03:55,  4.98it/s]
[1Aphase1 epoch 1:   6%|▌         | 77/1250 [00:15<03:57,  4.95it/s]
[1Aphase1 epoch 1:   6%|▌         | 78/1250 [00:15<03:57,  4.93it/s]
[1Aphase1 epoch 1:   6%|▋         | 79/1250 [00:16<03:59,  4.90it/s]
[1Aphase1 epoch 1:   6%|▋         | 80/1250 [00:16<03:59,  4.89it/s]
[1Aphase1 epoch 1:   6%|▋         | 81/1250 [00:16<04:00,  4.87it/s]
[1Aphase1 epoch 1:   7%|▋         | 82/1250 [00:16<03:59,  4.87it/s]
[1Aphase1 epoch 1:   7%|▋         | 83/1250 [00:16<03:56,  4.94it/s]
[1Aphase1 epoch 1:   7%|▋         | 84/1250 [00:17<03:57,  4.92it/s]
[1Aphase1 epoch 1:   7%|▋         | 85/1250 [00:17<03:56,  4.92it/s]
[1Aphase1 epoch 1:   7%|▋         | 86/1250 [00:17<03:56,  4.92it/s]
[1Aphase1 epoch 1:   7%|▋         | 87/1250 [00:17<03:53,  4.98it/s]
[1Aphase1 epoch 1:   7%|▋         | 88/1250 [00:17<03:54,  4.94it/s]
[1Aphase1 epoch 1:   7%|▋         | 89/1250 [00:18<03:55,  4.92it/s]
[1Aphase1 epoch 1:   7%|▋         | 90/1250 [00:18<03:58,  4.86it/s]
[1Aphase1 epoch 1:   7%|▋         | 91/1250 [00:18<03:59,  4.85it/s]
[1Aphase1 epoch 1:   7%|▋         | 92/1250 [00:18<03:55,  4.92it/s]
[1Aphase1 epoch 1:   7%|▋         | 93/1250 [00:18<03:55,  4.90it/s]
[1Aphase1 epoch 1:   8%|▊         | 94/1250 [00:19<03:57,  4.86it/s]
[1Aphase1 epoch 1:   8%|▊         | 95/1250 [00:19<03:59,  4.82it/s]
[1Aphase1 epoch 1:   8%|▊         | 96/1250 [00:19<03:58,  4.84it/s]
[1Aphase1 epoch 1:   8%|▊         | 97/1250 [00:19<03:57,  4.85it/s]
[1Aphase1 epoch 1:   8%|▊         | 98/1250 [00:20<03:58,  4.83it/s]
[1Aphase1 epoch 1:   8%|▊         | 99/1250 [00:20<03:56,  4.86it/s]
[1Aphase1 epoch 1:   8%|▊         | 100/1250 [00:20<03:53,  4.93it/s]
[1Aphase1 epoch 1:   8%|▊         | 101/1250 [00:20<03:54,  4.90it/s]
[1Aphase1 epoch 1:   8%|▊         | 102/1250 [00:20<03:54,  4.89it/s]
[1Aphase1 epoch 1:   8%|▊         | 103/1250 [00:21<03:54,  4.88it/s]
[1Aphase1 epoch 1:   8%|▊         | 104/1250 [00:21<03:56,  4.85it/s]
[1Aphase1 epoch 1:   8%|▊         | 105/1250 [00:21<03:56,  4.83it/s]
[1Aphase1 epoch 1:   8%|▊         | 106/1250 [00:21<03:55,  4.85it/s]
[1Aphase1 epoch 1:   9%|▊         | 107/1250 [00:21<03:55,  4.85it/s]
[1Aphase1 epoch 1:   9%|▊         | 108/1250 [00:22<03:55,  4.85it/s]
[1Aphase1 epoch 1:   9%|▊         | 109/1250 [00:22<03:56,  4.83it/s]
[1Aphase1 epoch 1:   9%|▉         | 110/1250 [00:22<03:55,  4.85it/s]
[1Aphase1 epoch 1:   9%|▉         | 111/1250 [00:22<03:54,  4.86it/s]
[1Aphase1 epoch 1:   9%|▉         | 112/1250 [00:22<03:54,  4.86it/s]
[1Aphase1 epoch 1:   9%|▉         | 113/1250 [00:23<03:54,  4.85it/s]
[1Aphase1 epoch 1:   9%|▉         | 114/1250 [00:23<03:55,  4.83it/s]
[1Aphase1 epoch 1:   9%|▉         | 115/1250 [00:23<03:55,  4.82it/s]
[1Aphase1 epoch 1:   9%|▉         | 116/1250 [00:23<03:54,  4.83it/s]
[1Aphase1 epoch 1:   9%|▉         | 117/1250 [00:23<03:53,  4.85it/s]
[1Aphase1 epoch 1:   9%|▉         | 118/1250 [00:24<03:55,  4.81it/s]
[1Aphase1 epoch 1:  10%|▉         | 119/1250 [00:24<03:51,  4.90it/s]
[1Aphase1 epoch 1:  10%|▉         | 120/1250 [00:24<03:51,  4.89it/s]
[1Aphase1 epoch 1:  10%|▉         | 121/1250 [00:24<03:47,  4.96it/s]
[1Aphase1 epoch 1:  10%|▉         | 122/1250 [00:24<03:48,  4.93it/s]
[1Aphase1 epoch 1:  10%|▉         | 123/1250 [00:25<03:49,  4.92it/s]
[1Aphase1 epoch 1:  10%|▉         | 124/1250 [00:25<03:49,  4.91it/s]
[1Aphase1 epoch 1:  10%|█         | 125/1250 [00:25<03:50,  4.89it/s]
[1Aphase1 epoch 1:  10%|█         | 126/1250 [00:25<03:46,  4.95it/s]
[1Aphase1 epoch 1:  10%|█         | 127/1250 [00:25<03:44,  4.99it/s]
[1Aphase1 epoch 1:  10%|█         | 128/1250 [00:26<03:43,  5.03it/s]
[1Aphase1 epoch 1:  10%|█         | 129/1250 [00:26<03:45,  4.97it/s]
[1Aphase1 epoch 1:  10%|█         | 130/1250 [00:26<03:49,  4.87it/s]
[1Aphase1 epoch 1:  10%|█         | 131/1250 [00:26<03:51,  4.83it/s]
[1Aphase1 epoch 1:  11%|█         | 132/1250 [00:26<03:47,  4.91it/s]
[1Aphase1 epoch 1:  11%|█         | 133/1250 [00:27<03:50,  4.85it/s]
[1Aphase1 epoch 1:  11%|█         | 134/1250 [00:27<03:46,  4.93it/s]
[1Aphase1 epoch 1:  11%|█         | 135/1250 [00:27<03:47,  4.91it/s]
[1Aphase1 epoch 1:  11%|█         | 136/1250 [00:27<03:47,  4.90it/s]
[1Aphase1 epoch 1:  11%|█         | 137/1250 [00:28<03:47,  4.89it/s]
[1Aphase1 epoch 1:  11%|█         | 138/1250 [00:28<03:48,  4.87it/s]
[1Aphase1 epoch 1:  11%|█         | 139/1250 [00:28<03:49,  4.84it/s]
[1Aphase1 epoch 1:  11%|█         | 140/1250 [00:28<03:50,  4.81it/s]
[1Aphase1 epoch 1:  11%|█▏        | 141/1250 [00:28<03:48,  4.84it/s]
[1Aphase1 epoch 1:  11%|█▏        | 142/1250 [00:29<03:48,  4.84it/s]
[1Aphase1 epoch 1:  11%|█▏        | 143/1250 [00:29<03:49,  4.83it/s]
[1Aphase1 epoch 1:  12%|█▏        | 144/1250 [00:29<03:48,  4.84it/s]
[1Aphase1 epoch 1:  12%|█▏        | 145/1250 [00:29<03:48,  4.84it/s]
[1Aphase1 epoch 1:  12%|█▏        | 146/1250 [00:29<03:47,  4.85it/s]
[1Aphase1 epoch 1:  12%|█▏        | 147/1250 [00:30<03:49,  4.82it/s]
[1Aphase1 epoch 1:  12%|█▏        | 148/1250 [00:30<03:49,  4.80it/s]
[1Aphase1 epoch 1:  12%|█▏        | 149/1250 [00:30<03:51,  4.76it/s]
[1Aphase1 epoch 1:  12%|█▏        | 150/1250 [00:30<03:50,  4.76it/s]
[1Aphase1 epoch 1:  12%|█▏        | 151/1250 [00:30<03:49,  4.78it/s]
[1Aphase1 epoch 1:  12%|█▏        | 152/1250 [00:31<03:45,  4.88it/s]
[1Aphase1 epoch 1:  12%|█▏        | 153/1250 [00:31<03:44,  4.89it/s]
[1Aphase1 epoch 1:  12%|█▏        | 154/1250 [00:31<03:44,  4.87it/s]
[1Aphase1 epoch 1:  12%|█▏        | 155/1250 [00:31<03:45,  4.85it/s]
[1Aphase1 epoch 1:  12%|█▏        | 156/1250 [00:31<03:44,  4.87it/s]
[1Aphase1 epoch 1:  13%|█▎        | 157/1250 [00:32<03:41,  4.94it/s]
[1Aphase1 epoch 1:  13%|█▎        | 158/1250 [00:32<03:38,  4.99it/s]
[1Aphase1 epoch 1:  13%|█▎        | 159/1250 [00:32<03:37,  5.02it/s]
[1Aphase1 epoch 1:  13%|█▎        | 160/1250 [00:32<03:38,  4.98it/s]
[1Aphase1 epoch 1:  13%|█▎        | 161/1250 [00:32<03:36,  5.02it/s]
[1Aphase1 epoch 1:  13%|█▎        | 162/1250 [00:33<03:40,  4.94it/s]
[1Aphase1 epoch 1:  13%|█▎        | 163/1250 [00:33<03:40,  4.92it/s]
[1Aphase1 epoch 1:  13%|█▎        | 164/1250 [00:33<03:42,  4.88it/s]
[1Aphase1 epoch 1:  13%|█▎        | 165/1250 [00:33<03:39,  4.95it/s]
[1Aphase1 epoch 1:  13%|█▎        | 166/1250 [00:33<03:37,  4.99it/s]
[1Aphase1 epoch 1:  13%|█▎        | 167/1250 [00:34<03:41,  4.89it/s]
[1Aphase1 epoch 1:  13%|█▎        | 168/1250 [00:34<03:41,  4.88it/s]
[1Aphase1 epoch 1:  14%|█▎        | 169/1250 [00:34<03:41,  4.88it/s]
[1Aphase1 epoch 1:  14%|█▎        | 170/1250 [00:34<03:40,  4.89it/s]
[1Aphase1 epoch 1:  14%|█▎        | 171/1250 [00:34<03:42,  4.85it/s]
[1Aphase1 epoch 1:  14%|█▍        | 172/1250 [00:35<03:43,  4.83it/s]
[1Aphase1 epoch 1:  14%|█▍        | 173/1250 [00:35<03:41,  4.86it/s]
[1Aphase1 epoch 1:  14%|█▍        | 174/1250 [00:35<03:41,  4.86it/s]
[1Aphase1 epoch 1:  14%|█▍        | 175/1250 [00:35<03:38,  4.93it/s]
[1Aphase1 epoch 1:  14%|█▍        | 176/1250 [00:35<03:38,  4.91it/s]
[1Aphase1 epoch 1:  14%|█▍        | 177/1250 [00:36<03:39,  4.90it/s]
[1Aphase1 epoch 1:  14%|█▍        | 178/1250 [00:36<03:39,  4.89it/s]
[1Aphase1 epoch 1:  14%|█▍        | 179/1250 [00:36<03:38,  4.90it/s]
[1Aphase1 epoch 1:  14%|█▍        | 180/1250 [00:36<03:38,  4.90it/s]
[1Aphase1 epoch 1:  14%|█▍        | 181/1250 [00:37<03:39,  4.87it/s]
[1Aphase1 epoch 1:  15%|█▍        | 182/1250 [00:37<03:40,  4.85it/s]
[1Aphase1 epoch 1:  15%|█▍        | 183/1250 [00:37<03:36,  4.92it/s]
[1Aphase1 epoch 1:  15%|█▍        | 184/1250 [00:37<03:36,  4.92it/s]
[1Aphase1 epoch 1:  15%|█▍        | 185/1250 [00:37<03:39,  4.85it/s]
[1Aphase1 epoch 1:  15%|█▍        | 186/1250 [00:38<03:39,  4.84it/s]
[1Aphase1 epoch 1:  15%|█▍        | 187/1250 [00:38<03:39,  4.85it/s]
[1Aphase1 epoch 1:  15%|█▌        | 188/1250 [00:38<03:38,  4.86it/s]
[1Aphase1 epoch 1:  15%|█▌        | 189/1250 [00:38<03:37,  4.87it/s]
[1Aphase1 epoch 1:  15%|█▌        | 190/1250 [00:38<03:39,  4.83it/s]
[1Aphase1 epoch 1:  15%|█▌        | 191/1250 [00:39<03:39,  4.83it/s]
[1Aphase1 epoch 1:  15%|█▌        | 192/1250 [00:39<03:37,  4.86it/s]
[1Aphase1 epoch 1:  15%|█▌        | 193/1250 [00:39<03:34,  4.92it/s]
[1Aphase1 epoch 1:  16%|█▌        | 194/1250 [00:39<03:36,  4.87it/s]
[1Aphase1 epoch 1:  16%|█▌        | 195/1250 [00:39<03:33,  4.94it/s]
[1Aphase1 epoch 1:  16%|█▌        | 196/1250 [00:40<03:31,  4.99it/s]
[1Aphase1 epoch 1:  16%|█▌        | 197/1250 [00:40<03:29,  5.03it/s]
[1Aphase1 epoch 1:  16%|█▌        | 198/1250 [00:40<03:28,  5.05it/s]
[1Aphase1 epoch 1:  16%|█▌        | 199/1250 [00:40<03:27,  5.06it/s]
[1Aphase1 epoch 1:  16%|█▌        | 200/1250 [00:40<03:31,  4.96it/s]
[1Aphase1 epoch 1:  16%|█▌        | 201/1250 [00:41<03:29,  5.00it/s]
[1Aphase1 epoch 1:  16%|█▌        | 202/1250 [00:41<03:31,  4.94it/s]
[1Aphase1 epoch 1:  16%|█▌        | 203/1250 [00:41<03:32,  4.93it/s]
[1Aphase1 epoch 1:  16%|█▋        | 204/1250 [00:41<03:32,  4.92it/s]
[1Aphase1 epoch 1:  16%|█▋        | 205/1250 [00:41<03:33,  4.89it/s]
[1Aphase1 epoch 1:  16%|█▋        | 206/1250 [00:42<03:34,  4.86it/s]
[1Aphase1 epoch 1:  17%|█▋        | 207/1250 [00:42<03:33,  4.88it/s]
[1Aphase1 epoch 1:  17%|█▋        | 208/1250 [00:42<03:30,  4.94it/s]
[1Aphase1 epoch 1:  17%|█▋        | 209/1250 [00:42<03:33,  4.88it/s]
[1Aphase1 epoch 1:  17%|█▋        | 210/1250 [00:42<03:33,  4.88it/s]
[1Aphase1 epoch 1:  17%|█▋        | 211/1250 [00:43<03:36,  4.80it/s]
[1Aphase1 epoch 1:  17%|█▋        | 212/1250 [00:43<03:34,  4.84it/s]
[1Aphase1 epoch 1:  17%|█▋        | 213/1250 [00:43<03:30,  4.93it/s]
[1Aphase1 epoch 1:  17%|█▋        | 214/1250 [00:43<03:30,  4.91it/s]
[1Aphase1 epoch 1:  17%|█▋        | 215/1250 [00:43<03:31,  4.90it/s]
[1Aphase1 epoch 1:  17%|█▋        | 216/1250 [00:44<03:31,  4.89it/s]
[1Aphase1 epoch 1:  17%|█▋        | 217/1250 [00:44<03:31,  4.88it/s]
[1Aphase1 epoch 1:  17%|█▋        | 218/1250 [00:44<03:31,  4.88it/s]
[1Aphase1 epoch 1:  18%|█▊        | 219/1250 [00:44<03:34,  4.80it/s]
[1Aphase1 epoch 1:  18%|█▊        | 220/1250 [00:44<03:33,  4.82it/s]
[1Aphase1 epoch 1:  18%|█▊        | 221/1250 [00:45<03:32,  4.83it/s]
[1Aphase1 epoch 1:  18%|█▊        | 222/1250 [00:45<03:32,  4.84it/s]
[1Aphase1 epoch 1:  18%|█▊        | 223/1250 [00:45<03:28,  4.92it/s]
[1Aphase1 epoch 1:  18%|█▊        | 224/1250 [00:45<03:31,  4.85it/s]
[1Aphase1 epoch 1:  18%|█▊        | 225/1250 [00:46<03:30,  4.86it/s]
[1Aphase1 epoch 1:  18%|█▊        | 226/1250 [00:46<03:30,  4.86it/s]
[1Aphase1 epoch 1:  18%|█▊        | 227/1250 [00:46<03:30,  4.86it/s]
[1Aphase1 epoch 1:  18%|█▊        | 228/1250 [00:46<03:29,  4.87it/s]
[1Aphase1 epoch 1:  18%|█▊        | 229/1250 [00:46<03:29,  4.88it/s]
[1Aphase1 epoch 1:  18%|█▊        | 230/1250 [00:47<03:28,  4.89it/s]
[1Aphase1 epoch 1:  18%|█▊        | 231/1250 [00:47<03:28,  4.89it/s]
[1Aphase1 epoch 1:  19%|█▊        | 232/1250 [00:47<03:28,  4.89it/s]
[1Aphase1 epoch 1:  19%|█▊        | 233/1250 [00:47<03:25,  4.95it/s]
[1Aphase1 epoch 1:  19%|█▊        | 234/1250 [00:47<03:25,  4.94it/s]
[1Aphase1 epoch 1:  19%|█▉        | 235/1250 [00:48<03:25,  4.93it/s]
[1Aphase1 epoch 1:  19%|█▉        | 236/1250 [00:48<03:26,  4.91it/s]
[1Aphase1 epoch 1:  19%|█▉        | 237/1250 [00:48<03:28,  4.86it/s]
[1Aphase1 epoch 1:  19%|█▉        | 238/1250 [00:48<03:29,  4.84it/s]
[1Aphase1 epoch 1:  19%|█▉        | 239/1250 [00:48<03:29,  4.82it/s]
[1Aphase1 epoch 1:  19%|█▉        | 240/1250 [00:49<03:28,  4.83it/s]
[1Aphase1 epoch 1:  19%|█▉        | 241/1250 [00:49<03:29,  4.81it/s]
[1Aphase1 epoch 1:  19%|█▉        | 242/1250 [00:49<03:25,  4.90it/s]
[1Aphase1 epoch 1:  19%|█▉        | 243/1250 [00:49<03:26,  4.88it/s]
[1Aphase1 epoch 1:  20%|█▉        | 244/1250 [00:49<03:27,  4.85it/s]
[1Aphase1 epoch 1:  20%|█▉        | 245/1250 [00:50<03:24,  4.92it/s]
[1Aphase1 epoch 1:  20%|█▉        | 246/1250 [00:50<03:26,  4.87it/s]
[1Aphase1 epoch 1:  20%|█▉        | 247/1250 [00:50<03:22,  4.96it/s]
[1Aphase1 epoch 1:  20%|█▉        | 248/1250 [00:50<03:22,  4.95it/s]
[1Aphase1 epoch 1:  20%|█▉        | 249/1250 [00:50<03:25,  4.88it/s]
[1Aphase1 epoch 1:  20%|██        | 250/1250 [00:51<03:24,  4.89it/s]
[1Aphase1 epoch 1:  20%|██        | 251/1250 [00:51<03:25,  4.87it/s]
[1Aphase1 epoch 1:  20%|██        | 252/1250 [00:51<03:25,  4.85it/s]
[1Aphase1 epoch 1:  20%|██        | 253/1250 [00:51<03:26,  4.84it/s]
[1Aphase1 epoch 1:  20%|██        | 254/1250 [00:51<03:26,  4.82it/s]
[1Aphase1 epoch 1:  20%|██        | 255/1250 [00:52<03:25,  4.84it/s]
[1Aphase1 epoch 1:  20%|██        | 256/1250 [00:52<03:28,  4.78it/s]
[1Aphase1 epoch 1:  21%|██        | 257/1250 [00:52<03:26,  4.81it/s]
[1Aphase1 epoch 1:  21%|██        | 258/1250 [00:52<03:22,  4.90it/s]
[1Aphase1 epoch 1:  21%|██        | 259/1250 [00:52<03:19,  4.97it/s]
[1Aphase1 epoch 1:  21%|██        | 260/1250 [00:53<03:21,  4.91it/s]
[1Aphase1 epoch 1:  21%|██        | 261/1250 [00:53<03:21,  4.92it/s]
[1Aphase1 epoch 1:  21%|██        | 262/1250 [00:53<03:18,  4.97it/s]
[1Aphase1 epoch 1:  21%|██        | 263/1250 [00:53<03:20,  4.93it/s]
[1Aphase1 epoch 1:  21%|██        | 264/1250 [00:53<03:20,  4.92it/s]
[1Aphase1 epoch 1:  21%|██        | 265/1250 [00:54<03:22,  4.87it/s]
[1Aphase1 epoch 1:  21%|██▏       | 266/1250 [00:54<03:23,  4.83it/s]
[1Aphase1 epoch 1:  21%|██▏       | 267/1250 [00:54<03:23,  4.83it/s]
[1Aphase1 epoch 1:  21%|██▏       | 268/1250 [00:54<03:23,  4.84it/s]
[1Aphase1 epoch 1:  22%|██▏       | 269/1250 [00:55<03:25,  4.77it/s]
[1Aphase1 epoch 1:  22%|██▏       | 270/1250 [00:55<03:24,  4.80it/s]
[1Aphase1 epoch 1:  22%|██▏       | 271/1250 [00:55<03:23,  4.80it/s]
[1Aphase1 epoch 1:  22%|██▏       | 272/1250 [00:55<03:19,  4.89it/s]
[1Aphase1 epoch 1:  22%|██▏       | 273/1250 [00:55<03:20,  4.87it/s]
[1Aphase1 epoch 1:  22%|██▏       | 274/1250 [00:56<03:21,  4.83it/s]
[1Aphase1 epoch 1:  22%|██▏       | 275/1250 [00:56<03:21,  4.84it/s]
[1Aphase1 epoch 1:  22%|██▏       | 276/1250 [00:56<03:21,  4.83it/s]
[1Aphase1 epoch 1:  22%|██▏       | 277/1250 [00:56<03:21,  4.84it/s]
[1Aphase1 epoch 1:  22%|██▏       | 278/1250 [00:56<03:17,  4.92it/s]
[1Aphase1 epoch 1:  22%|██▏       | 279/1250 [00:57<03:19,  4.88it/s]
[1Aphase1 epoch 1:  22%|██▏       | 280/1250 [00:57<03:18,  4.88it/s]
[1Aphase1 epoch 1:  22%|██▏       | 281/1250 [00:57<03:18,  4.87it/s]
[1Aphase1 epoch 1:  23%|██▎       | 282/1250 [00:57<03:16,  4.94it/s]
[1Aphase1 epoch 1:  23%|██▎       | 283/1250 [00:57<03:13,  4.99it/s]
[1Aphase1 epoch 1:  23%|██▎       | 284/1250 [00:58<03:14,  4.96it/s]
[1Aphase1 epoch 1:  23%|██▎       | 285/1250 [00:58<03:15,  4.94it/s]
[1Aphase1 epoch 1:  23%|██▎       | 286/1250 [00:58<03:15,  4.93it/s]
[1Aphase1 epoch 1:  23%|██▎       | 287/1250 [00:58<03:13,  4.98it/s]
[1Aphase1 epoch 1:  23%|██▎       | 288/1250 [00:58<03:14,  4.95it/s]
[1Aphase1 epoch 1:  23%|██▎       | 289/1250 [00:59<03:14,  4.94it/s]
[1Aphase1 epoch 1:  23%|██▎       | 290/1250 [00:59<03:14,  4.93it/s]
[1Aphase1 epoch 1:  23%|██▎       | 291/1250 [00:59<03:15,  4.90it/s]
[1Aphase1 epoch 1:  23%|██▎       | 292/1250 [00:59<03:15,  4.90it/s]
[1Aphase1 epoch 1:  23%|██▎       | 293/1250 [00:59<03:15,  4.88it/s]
[1Aphase1 epoch 1:  24%|██▎       | 294/1250 [01:00<03:15,  4.88it/s]
[1Aphase1 epoch 1:  24%|██▎       | 295/1250 [01:00<03:16,  4.87it/s]
[1Aphase1 epoch 1:  24%|██▎       | 296/1250 [01:00<03:16,  4.86it/s]
[1Aphase1 epoch 1:  24%|██▍       | 297/1250 [01:00<03:16,  4.86it/s]
[1Aphase1 epoch 1:  24%|██▍       | 298/1250 [01:00<03:15,  4.88it/s]
[1Aphase1 epoch 1:  24%|██▍       | 299/1250 [01:01<03:16,  4.83it/s]
[1Aphase1 epoch 1:  24%|██▍       | 300/1250 [01:01<03:16,  4.83it/s]
[1Aphase1 epoch 1:  24%|██▍       | 301/1250 [01:01<03:15,  4.84it/s]
[1Aphase1 epoch 1:  24%|██▍       | 302/1250 [01:01<03:15,  4.85it/s]
[1Aphase1 epoch 1:  24%|██▍       | 303/1250 [01:02<03:15,  4.84it/s]
[1Aphase1 epoch 1:  24%|██▍       | 304/1250 [01:02<03:15,  4.85it/s]
[1Aphase1 epoch 1:  24%|██▍       | 305/1250 [01:02<03:16,  4.82it/s]
[1Aphase1 epoch 1:  24%|██▍       | 306/1250 [01:02<03:12,  4.91it/s]
[1Aphase1 epoch 1:  25%|██▍       | 307/1250 [01:02<03:12,  4.89it/s]
[1Aphase1 epoch 1:  25%|██▍       | 308/1250 [01:03<03:13,  4.87it/s]
[1Aphase1 epoch 1:  25%|██▍       | 309/1250 [01:03<03:13,  4.86it/s]
[1Aphase1 epoch 1:  25%|██▍       | 310/1250 [01:03<03:14,  4.83it/s]
[1Aphase1 epoch 1:  25%|██▍       | 311/1250 [01:03<03:11,  4.91it/s]
[1Aphase1 epoch 1:  25%|██▍       | 312/1250 [01:03<03:12,  4.88it/s]
[1Aphase1 epoch 1:  25%|██▌       | 313/1250 [01:04<03:14,  4.81it/s]
[1Aphase1 epoch 1:  25%|██▌       | 314/1250 [01:04<03:14,  4.82it/s]
[1Aphase1 epoch 1:  25%|██▌       | 315/1250 [01:04<03:13,  4.84it/s]
[1Aphase1 epoch 1:  25%|██▌       | 316/1250 [01:04<03:12,  4.85it/s]
[1Aphase1 epoch 1:  25%|██▌       | 317/1250 [01:04<03:12,  4.86it/s]
[1Aphase1 epoch 1:  25%|██▌       | 318/1250 [01:05<03:13,  4.83it/s]
[1Aphase1 epoch 1:  26%|██▌       | 319/1250 [01:05<03:12,  4.84it/s]
[1Aphase1 epoch 1:  26%|██▌       | 320/1250 [01:05<03:12,  4.83it/s]
[1Aphase1 epoch 1:  26%|██▌       | 321/1250 [01:05<03:09,  4.90it/s]
[1Aphase1 epoch 1:  26%|██▌       | 322/1250 [01:05<03:09,  4.90it/s]
[1Aphase1 epoch 1:  26%|██▌       | 323/1250 [01:06<03:11,  4.83it/s]
[1Aphase1 epoch 1:  26%|██▌       | 324/1250 [01:06<03:10,  4.85it/s]
[1Aphase1 epoch 1:  26%|██▌       | 325/1250 [01:06<03:12,  4.81it/s]
[1Aphase1 epoch 1:  26%|██▌       | 326/1250 [01:06<03:11,  4.82it/s]
[1Aphase1 epoch 1:  26%|██▌       | 327/1250 [01:06<03:10,  4.84it/s]
[1Aphase1 epoch 1:  26%|██▌       | 328/1250 [01:07<03:06,  4.95it/s]
[1Aphase1 epoch 1:  26%|██▋       | 329/1250 [01:07<03:06,  4.94it/s]
[1Aphase1 epoch 1:  26%|██▋       | 330/1250 [01:07<03:08,  4.89it/s]
[1Aphase1 epoch 1:  26%|██▋       | 331/1250 [01:07<03:08,  4.89it/s]
[1Aphase1 epoch 1:  27%|██▋       | 332/1250 [01:07<03:09,  4.86it/s]
[1Aphase1 epoch 1:  27%|██▋       | 333/1250 [01:08<03:06,  4.93it/s]
[1Aphase1 epoch 1:  27%|██▋       | 334/1250 [01:08<03:05,  4.93it/s]
[1Aphase1 epoch 1:  27%|██▋       | 335/1250 [01:08<03:03,  4.97it/s]
[1Aphase1 epoch 1:  27%|██▋       | 336/1250 [01:08<03:02,  5.01it/s]
[1Aphase1 epoch 1:  27%|██▋       | 337/1250 [01:08<03:00,  5.05it/s]
[1Aphase1 epoch 1:  27%|██▋       | 338/1250 [01:09<03:01,  5.01it/s]
[1Aphase1 epoch 1:  27%|██▋       | 339/1250 [01:09<03:04,  4.94it/s]
[1Aphase1 epoch 1:  27%|██▋       | 340/1250 [01:09<03:05,  4.89it/s]
[1Aphase1 epoch 1:  27%|██▋       | 341/1250 [01:09<03:03,  4.96it/s]
[1Aphase1 epoch 1:  27%|██▋       | 342/1250 [01:09<03:05,  4.89it/s]
[1Aphase1 epoch 1:  27%|██▋       | 343/1250 [01:10<03:05,  4.89it/s]
[1Aphase1 epoch 1:  28%|██▊       | 344/1250 [01:10<03:06,  4.86it/s]
[1Aphase1 epoch 1:  28%|██▊       | 345/1250 [01:10<03:05,  4.87it/s]
[1Aphase1 epoch 1:  28%|██▊       | 346/1250 [01:10<03:02,  4.95it/s]
[1Aphase1 epoch 1:  28%|██▊       | 347/1250 [01:11<03:02,  4.94it/s]
[1Aphase1 epoch 1:  28%|██▊       | 348/1250 [01:11<03:03,  4.92it/s]
[1Aphase1 epoch 1:  28%|██▊       | 349/1250 [01:11<03:03,  4.91it/s]
[1Aphase1 epoch 1:  28%|██▊       | 350/1250 [01:11<03:03,  4.91it/s]
[1Aphase1 epoch 1:  28%|██▊       | 351/1250 [01:11<03:03,  4.91it/s]
[1Aphase1 epoch 1:  28%|██▊       | 352/1250 [01:12<03:03,  4.88it/s]
[1Aphase1 epoch 1:  28%|██▊       | 353/1250 [01:12<03:03,  4.89it/s]
[1Aphase1 epoch 1:  28%|██▊       | 354/1250 [01:12<03:04,  4.86it/s]
[1Aphase1 epoch 1:  28%|██▊       | 355/1250 [01:12<03:01,  4.93it/s]
[1Aphase1 epoch 1:  28%|██▊       | 356/1250 [01:12<02:59,  4.98it/s]
[1Aphase1 epoch 1:  29%|██▊       | 357/1250 [01:13<02:59,  4.96it/s]
[1Aphase1 epoch 1:  29%|██▊       | 358/1250 [01:13<03:00,  4.94it/s]
[1Aphase1 epoch 1:  29%|██▊       | 359/1250 [01:13<03:01,  4.92it/s]
[1Aphase1 epoch 1:  29%|██▉       | 360/1250 [01:13<03:01,  4.89it/s]
[1Aphase1 epoch 1:  29%|██▉       | 361/1250 [01:13<03:02,  4.88it/s]
[1Aphase1 epoch 1:  29%|██▉       | 362/1250 [01:14<03:01,  4.89it/s]
[1Aphase1 epoch 1:  29%|██▉       | 363/1250 [01:14<03:01,  4.89it/s]
[1Aphase1 epoch 1:  29%|██▉       | 364/1250 [01:14<03:00,  4.90it/s]
[1Aphase1 epoch 1:  29%|██▉       | 365/1250 [01:14<03:02,  4.86it/s]
[1Aphase1 epoch 1:  29%|██▉       | 366/1250 [01:14<03:01,  4.88it/s]
[1Aphase1 epoch 1:  29%|██▉       | 367/1250 [01:15<03:01,  4.88it/s]
[1Aphase1 epoch 1:  29%|██▉       | 368/1250 [01:15<03:00,  4.88it/s]
[1Aphase1 epoch 1:  30%|██▉       | 369/1250 [01:15<02:58,  4.95it/s]
[1Aphase1 epoch 1:  30%|██▉       | 370/1250 [01:15<02:59,  4.91it/s]
[1Aphase1 epoch 1:  30%|██▉       | 371/1250 [01:15<03:01,  4.84it/s]
[1Aphase1 epoch 1:  30%|██▉       | 372/1250 [01:16<03:02,  4.81it/s]
[1Aphase1 epoch 1:  30%|██▉       | 373/1250 [01:16<03:00,  4.85it/s]
[1Aphase1 epoch 1:  30%|██▉       | 374/1250 [01:16<03:00,  4.86it/s]
[1Aphase1 epoch 1:  30%|███       | 375/1250 [01:16<02:57,  4.93it/s]
[1Aphase1 epoch 1:  30%|███       | 376/1250 [01:16<02:57,  4.92it/s]
[1Aphase1 epoch 1:  30%|███       | 377/1250 [01:17<02:59,  4.86it/s]
[1Aphase1 epoch 1:  30%|███       | 378/1250 [01:17<03:00,  4.83it/s]
[1Aphase1 epoch 1:  30%|███       | 379/1250 [01:17<03:02,  4.78it/s]
[1Aphase1 epoch 1:  30%|███       | 380/1250 [01:17<03:01,  4.79it/s]
[1Aphase1 epoch 1:  30%|███       | 381/1250 [01:17<03:01,  4.79it/s]
[1Aphase1 epoch 1:  31%|███       | 382/1250 [01:18<02:57,  4.88it/s]
[1Aphase1 epoch 1:  31%|███       | 383/1250 [01:18<02:57,  4.89it/s]
[1Aphase1 epoch 1:  31%|███       | 384/1250 [01:18<02:54,  4.96it/s]
[1Aphase1 epoch 1:  31%|███       | 385/1250 [01:18<02:54,  4.95it/s]
[1Aphase1 epoch 1:  31%|███       | 386/1250 [01:18<02:55,  4.93it/s]
[1Aphase1 epoch 1:  31%|███       | 387/1250 [01:19<02:55,  4.92it/s]
[1Aphase1 epoch 1:  31%|███       | 388/1250 [01:19<02:55,  4.91it/s]
[1Aphase1 epoch 1:  31%|███       | 389/1250 [01:19<02:55,  4.91it/s]
[1Aphase1 epoch 1:  31%|███       | 390/1250 [01:19<02:55,  4.91it/s]
[1Aphase1 epoch 1:  31%|███▏      | 391/1250 [01:20<02:55,  4.90it/s]
[1Aphase1 epoch 1:  31%|███▏      | 392/1250 [01:20<02:52,  4.96it/s]
[1Aphase1 epoch 1:  31%|███▏      | 393/1250 [01:20<02:53,  4.94it/s]
[1Aphase1 epoch 1:  32%|███▏      | 394/1250 [01:20<02:55,  4.88it/s]
[1Aphase1 epoch 1:  32%|███▏      | 395/1250 [01:20<02:54,  4.89it/s]
[1Aphase1 epoch 1:  32%|███▏      | 396/1250 [01:21<02:54,  4.88it/s]
[1Aphase1 epoch 1:  32%|███▏      | 397/1250 [01:21<02:56,  4.83it/s]
[1Aphase1 epoch 1:  32%|███▏      | 398/1250 [01:21<02:52,  4.94it/s]
[1Aphase1 epoch 1:  32%|███▏      | 399/1250 [01:21<02:52,  4.93it/s]
[1Aphase1 epoch 1:  32%|███▏      | 400/1250 [01:21<02:52,  4.93it/s]
[1Aphase1 epoch 1:  32%|███▏      | 401/1250 [01:22<02:50,  4.98it/s]
[1Aphase1 epoch 1:  32%|███▏      | 402/1250 [01:22<02:50,  4.96it/s]
[1Aphase1 epoch 1:  32%|███▏      | 403/1250 [01:22<02:48,  5.02it/s]
[1Aphase1 epoch 1:  32%|███▏      | 404/1250 [01:22<02:47,  5.04it/s]
[1Aphase1 epoch 1:  32%|███▏      | 405/1250 [01:22<02:49,  4.99it/s]
[1Aphase1 epoch 1:  32%|███▏      | 406/1250 [01:23<02:50,  4.95it/s]
[1Aphase1 epoch 1:  33%|███▎      | 407/1250 [01:23<02:51,  4.93it/s]
[1Aphase1 epoch 1:  33%|███▎      | 408/1250 [01:23<02:49,  4.98it/s]
[1Aphase1 epoch 1:  33%|███▎      | 409/1250 [01:23<02:47,  5.02it/s]
[1Aphase1 epoch 1:  33%|███▎      | 410/1250 [01:23<02:50,  4.93it/s]
[1Aphase1 epoch 1:  33%|███▎      | 411/1250 [01:24<02:50,  4.92it/s]
[1Aphase1 epoch 1:  33%|███▎      | 412/1250 [01:24<02:51,  4.89it/s]
[1Aphase1 epoch 1:  33%|███▎      | 413/1250 [01:24<02:51,  4.88it/s]
[1Aphase1 epoch 1:  33%|███▎      | 414/1250 [01:24<02:51,  4.88it/s]
[1Aphase1 epoch 1:  33%|███▎      | 415/1250 [01:24<02:48,  4.94it/s]
[1Aphase1 epoch 1:  33%|███▎      | 416/1250 [01:25<02:49,  4.93it/s]
[1Aphase1 epoch 1:  33%|███▎      | 417/1250 [01:25<02:49,  4.93it/s]
[1Aphase1 epoch 1:  33%|███▎      | 418/1250 [01:25<02:50,  4.89it/s]
[1Aphase1 epoch 1:  34%|███▎      | 419/1250 [01:25<02:47,  4.95it/s]
[1Aphase1 epoch 1:  34%|███▎      | 420/1250 [01:25<02:50,  4.87it/s]
[1Aphase1 epoch 1:  34%|███▎      | 421/1250 [01:26<02:50,  4.86it/s]
[1Aphase1 epoch 1:  34%|███▍      | 422/1250 [01:26<02:50,  4.86it/s]
[1Aphase1 epoch 1:  34%|███▍      | 423/1250 [01:26<02:49,  4.87it/s]
[1Aphase1 epoch 1:  34%|███▍      | 424/1250 [01:26<02:47,  4.93it/s]
[1Aphase1 epoch 1:  34%|███▍      | 425/1250 [01:26<02:45,  4.99it/s]
[1Aphase1 epoch 1:  34%|███▍      | 426/1250 [01:27<02:44,  5.02it/s]
[1Aphase1 epoch 1:  34%|███▍      | 427/1250 [01:27<02:44,  4.99it/s]
[1Aphase1 epoch 1:  34%|███▍      | 428/1250 [01:27<02:47,  4.91it/s]
[1Aphase1 epoch 1:  34%|███▍      | 429/1250 [01:27<02:47,  4.90it/s]
[1Aphase1 epoch 1:  34%|███▍      | 430/1250 [01:27<02:48,  4.87it/s]
[1Aphase1 epoch 1:  34%|███▍      | 431/1250 [01:28<02:45,  4.94it/s]
[1Aphase1 epoch 1:  35%|███▍      | 432/1250 [01:28<02:48,  4.86it/s]
[1Aphase1 epoch 1:  35%|███▍      | 433/1250 [01:28<02:47,  4.87it/s]
[1Aphase1 epoch 1:  35%|███▍      | 434/1250 [01:28<02:44,  4.97it/s]
[1Aphase1 epoch 1:  35%|███▍      | 435/1250 [01:28<02:45,  4.93it/s]
[1Aphase1 epoch 1:  35%|███▍      | 436/1250 [01:29<02:43,  4.98it/s]
[1Aphase1 epoch 1:  35%|███▍      | 437/1250 [01:29<02:41,  5.02it/s]
[1Aphase1 epoch 1:  35%|███▌      | 438/1250 [01:29<02:40,  5.05it/s]
[1Aphase1 epoch 1:  35%|███▌      | 439/1250 [01:29<02:42,  5.00it/s]
[1Aphase1 epoch 1:  35%|███▌      | 440/1250 [01:29<02:43,  4.96it/s]
[1Aphase1 epoch 1:  35%|███▌      | 441/1250 [01:30<02:41,  5.00it/s]
[1Aphase1 epoch 1:  35%|███▌      | 442/1250 [01:30<02:43,  4.93it/s]
[1Aphase1 epoch 1:  35%|███▌      | 443/1250 [01:30<02:42,  4.98it/s]
[1Aphase1 epoch 1:  36%|███▌      | 444/1250 [01:30<02:40,  5.02it/s]
[1Aphase1 epoch 1:  36%|███▌      | 445/1250 [01:30<02:39,  5.04it/s]
[1Aphase1 epoch 1:  36%|███▌      | 446/1250 [01:31<02:41,  4.97it/s]
[1Aphase1 epoch 1:  36%|███▌      | 447/1250 [01:31<02:43,  4.90it/s]
[1Aphase1 epoch 1:  36%|███▌      | 448/1250 [01:31<02:44,  4.87it/s]
[1Aphase1 epoch 1:  36%|███▌      | 449/1250 [01:31<02:42,  4.93it/s]
[1Aphase1 epoch 1:  36%|███▌      | 450/1250 [01:31<02:44,  4.87it/s]
[1Aphase1 epoch 1:  36%|███▌      | 451/1250 [01:32<02:44,  4.84it/s]
[1Aphase1 epoch 1:  36%|███▌      | 452/1250 [01:32<02:42,  4.91it/s]
[1Aphase1 epoch 1:  36%|███▌      | 453/1250 [01:32<02:42,  4.90it/s]
[1Aphase1 epoch 1:  36%|███▋      | 454/1250 [01:32<02:42,  4.89it/s]
[1Aphase1 epoch 1:  36%|███▋      | 455/1250 [01:32<02:42,  4.90it/s]
[1Aphase1 epoch 1:  36%|███▋      | 456/1250 [01:33<02:43,  4.85it/s]
[1Aphase1 epoch 1:  37%|███▋      | 457/1250 [01:33<02:43,  4.86it/s]
[1Aphase1 epoch 1:  37%|███▋      | 458/1250 [01:33<02:42,  4.87it/s]
[1Aphase1 epoch 1:  37%|███▋      | 459/1250 [01:33<02:42,  4.88it/s]
[1Aphase1 epoch 1:  37%|███▋      | 460/1250 [01:33<02:39,  4.94it/s]
[1Aphase1 epoch 1:  37%|███▋      | 461/1250 [01:34<02:40,  4.93it/s]
[1Aphase1 epoch 1:  37%|███▋      | 462/1250 [01:34<02:38,  4.98it/s]
[1Aphase1 epoch 1:  37%|███▋      | 463/1250 [01:34<02:38,  4.95it/s]
[1Aphase1 epoch 1:  37%|███▋      | 464/1250 [01:34<02:39,  4.94it/s]
[1Aphase1 epoch 1:  37%|███▋      | 465/1250 [01:34<02:37,  4.99it/s]
[1Aphase1 epoch 1:  37%|███▋      | 466/1250 [01:35<02:38,  4.94it/s]
[1Aphase1 epoch 1:  37%|███▋      | 467/1250 [01:35<02:39,  4.91it/s]
[1Aphase1 epoch 1:  37%|███▋      | 468/1250 [01:35<02:39,  4.91it/s]
[1Aphase1 epoch 1:  38%|███▊      | 469/1250 [01:35<02:40,  4.88it/s]
[1Aphase1 epoch 1:  38%|███▊      | 470/1250 [01:36<02:37,  4.95it/s]
[1Aphase1 epoch 1:  38%|███▊      | 471/1250 [01:36<02:38,  4.91it/s]
[1Aphase1 epoch 1:  38%|███▊      | 472/1250 [01:36<02:39,  4.89it/s]
[1Aphase1 epoch 1:  38%|███▊      | 473/1250 [01:36<02:41,  4.82it/s]
[1Aphase1 epoch 1:  38%|███▊      | 474/1250 [01:36<02:38,  4.91it/s]
[1Aphase1 epoch 1:  38%|███▊      | 475/1250 [01:37<02:38,  4.89it/s]
[1Aphase1 epoch 1:  38%|███▊      | 476/1250 [01:37<02:39,  4.87it/s]
[1Aphase1 epoch 1:  38%|███▊      | 477/1250 [01:37<02:38,  4.86it/s]
[1Aphase1 epoch 1:  38%|███▊      | 478/1250 [01:37<02:38,  4.87it/s]
[1Aphase1 epoch 1:  38%|███▊      | 479/1250 [01:37<02:36,  4.94it/s]
[1Aphase1 epoch 1:  38%|███▊      | 480/1250 [01:38<02:36,  4.92it/s]
[1Aphase1 epoch 1:  38%|███▊      | 481/1250 [01:38<02:36,  4.90it/s]
[1Aphase1 epoch 1:  39%|███▊      | 482/1250 [01:38<02:36,  4.91it/s]
[1Aphase1 epoch 1:  39%|███▊      | 483/1250 [01:38<02:36,  4.91it/s]
[1Aphase1 epoch 1:  39%|███▊      | 484/1250 [01:38<02:36,  4.89it/s]
[1Aphase1 epoch 1:  39%|███▉      | 485/1250 [01:39<02:36,  4.89it/s]
[1Aphase1 epoch 1:  39%|███▉      | 486/1250 [01:39<02:36,  4.88it/s]
[1Aphase1 epoch 1:  39%|███▉      | 487/1250 [01:39<02:34,  4.94it/s]
[1Aphase1 epoch 1:  39%|███▉      | 488/1250 [01:39<02:34,  4.93it/s]
[1Aphase1 epoch 1:  39%|███▉      | 489/1250 [01:39<02:35,  4.89it/s]
[1Aphase1 epoch 1:  39%|███▉      | 490/1250 [01:40<02:35,  4.89it/s]
[1Aphase1 epoch 1:  39%|███▉      | 491/1250 [01:40<02:33,  4.95it/s]
[1Aphase1 epoch 1:  39%|███▉      | 492/1250 [01:40<02:34,  4.90it/s]
[1Aphase1 epoch 1:  39%|███▉      | 493/1250 [01:40<02:32,  4.96it/s]
[1Aphase1 epoch 1:  40%|███▉      | 494/1250 [01:40<02:33,  4.92it/s]
[1Aphase1 epoch 1:  40%|███▉      | 495/1250 [01:41<02:31,  4.97it/s]
[1Aphase1 epoch 1:  40%|███▉      | 496/1250 [01:41<02:30,  5.01it/s]
[1Aphase1 epoch 1:  40%|███▉      | 497/1250 [01:41<02:30,  4.99it/s]
[1Aphase1 epoch 1:  40%|███▉      | 498/1250 [01:41<02:31,  4.97it/s]
[1Aphase1 epoch 1:  40%|███▉      | 499/1250 [01:41<02:32,  4.94it/s]
[1Aphase1 epoch 1:  40%|████      | 500/1250 [01:42<02:33,  4.89it/s]
[1Aphase1 epoch 1:  40%|████      | 501/1250 [01:42<02:31,  4.95it/s]
[1Aphase1 epoch 1:  40%|████      | 502/1250 [01:42<02:33,  4.88it/s]
[1Aphase1 epoch 1:  40%|████      | 503/1250 [01:42<02:33,  4.88it/s]
[1Aphase1 epoch 1:  40%|████      | 504/1250 [01:42<02:30,  4.94it/s]
[1Aphase1 epoch 1:  40%|████      | 505/1250 [01:43<02:31,  4.93it/s]
[1Aphase1 epoch 1:  40%|████      | 506/1250 [01:43<02:32,  4.89it/s]
[1Aphase1 epoch 1:  41%|████      | 507/1250 [01:43<02:29,  4.96it/s]
[1Aphase1 epoch 1:  41%|████      | 508/1250 [01:43<02:30,  4.92it/s]
[1Aphase1 epoch 1:  41%|████      | 509/1250 [01:43<02:32,  4.87it/s]
[1Aphase1 epoch 1:  41%|████      | 510/1250 [01:44<02:31,  4.88it/s]
[1Aphase1 epoch 1:  41%|████      | 511/1250 [01:44<02:29,  4.95it/s]
[1Aphase1 epoch 1:  41%|████      | 512/1250 [01:44<02:29,  4.93it/s]
[1Aphase1 epoch 1:  41%|████      | 513/1250 [01:44<02:27,  4.98it/s]
[1Aphase1 epoch 1:  41%|████      | 514/1250 [01:44<02:29,  4.91it/s]
[1Aphase1 epoch 1:  41%|████      | 515/1250 [01:45<02:29,  4.90it/s]
[1Aphase1 epoch 1:  41%|████▏     | 516/1250 [01:45<02:30,  4.87it/s]
[1Aphase1 epoch 1:  41%|████▏     | 517/1250 [01:45<02:31,  4.84it/s]
[1Aphase1 epoch 1:  41%|████▏     | 518/1250 [01:45<02:29,  4.91it/s]
[1Aphase1 epoch 1:  42%|████▏     | 519/1250 [01:45<02:27,  4.96it/s]
[1Aphase1 epoch 1:  42%|████▏     | 520/1250 [01:46<02:28,  4.90it/s]
[1Aphase1 epoch 1:  42%|████▏     | 521/1250 [01:46<02:28,  4.90it/s]
[1Aphase1 epoch 1:  42%|████▏     | 522/1250 [01:46<02:28,  4.89it/s]
[1Aphase1 epoch 1:  42%|████▏     | 523/1250 [01:46<02:28,  4.88it/s]
[1Aphase1 epoch 1:  42%|████▏     | 524/1250 [01:47<02:26,  4.95it/s]
[1Aphase1 epoch 1:  42%|████▏     | 525/1250 [01:47<02:24,  5.00it/s]
[1Aphase1 epoch 1:  42%|████▏     | 526/1250 [01:47<02:26,  4.96it/s]
[1Aphase1 epoch 1:  42%|████▏     | 527/1250 [01:47<02:24,  5.00it/s]
[1Aphase1 epoch 1:  42%|████▏     | 528/1250 [01:47<02:25,  4.97it/s]
[1Aphase1 epoch 1:  42%|████▏     | 529/1250 [01:48<02:27,  4.89it/s]
[1Aphase1 epoch 1:  42%|████▏     | 530/1250 [01:48<02:25,  4.95it/s]
[1Aphase1 epoch 1:  42%|████▏     | 531/1250 [01:48<02:26,  4.89it/s]
[1Aphase1 epoch 1:  43%|████▎     | 532/1250 [01:48<02:26,  4.90it/s]
[1Aphase1 epoch 1:  43%|████▎     | 533/1250 [01:48<02:27,  4.86it/s]
[1Aphase1 epoch 1:  43%|████▎     | 534/1250 [01:49<02:26,  4.88it/s]
[1Aphase1 epoch 1:  43%|████▎     | 535/1250 [01:49<02:24,  4.95it/s]
[1Aphase1 epoch 1:  43%|████▎     | 536/1250 [01:49<02:22,  5.00it/s]
[1Aphase1 epoch 1:  43%|████▎     | 537/1250 [01:49<02:23,  4.97it/s]
[1Aphase1 epoch 1:  43%|████▎     | 538/1250 [01:49<02:24,  4.94it/s]
[1Aphase1 epoch 1:  43%|████▎     | 539/1250 [01:50<02:26,  4.84it/s]
[1Aphase1 epoch 1:  43%|████▎     | 540/1250 [01:50<02:26,  4.85it/s]
[1Aphase1 epoch 1:  43%|████▎     | 541/1250 [01:50<02:25,  4.87it/s]
[1Aphase1 epoch 1:  43%|████▎     | 542/1250 [01:50<02:25,  4.86it/s]
[1Aphase1 epoch 1:  43%|████▎     | 543/1250 [01:50<02:23,  4.93it/s]
[1Aphase1 epoch 1:  44%|████▎     | 544/1250 [01:51<02:25,  4.84it/s]
[1Aphase1 epoch 1:  44%|████▎     | 545/1250 [01:51<02:26,  4.82it/s]
[1Aphase1 epoch 1:  44%|████▎     | 546/1250 [01:51<02:25,  4.85it/s]
[1Aphase1 epoch 1:  44%|████▍     | 547/1250 [01:51<02:22,  4.93it/s]
[1Aphase1 epoch 1:  44%|████▍     | 548/1250 [01:51<02:23,  4.90it/s]
[1Aphase1 epoch 1:  44%|████▍     | 549/1250 [01:52<02:21,  4.96it/s]
[1Aphase1 epoch 1:  44%|████▍     | 550/1250 [01:52<02:21,  4.93it/s]
[1Aphase1 epoch 1:  44%|████▍     | 551/1250 [01:52<02:20,  4.99it/s]
[1Aphase1 epoch 1:  44%|████▍     | 552/1250 [01:52<02:21,  4.93it/s]
[1Aphase1 epoch 1:  44%|████▍     | 553/1250 [01:52<02:21,  4.92it/s]
[1Aphase1 epoch 1:  44%|████▍     | 554/1250 [01:53<02:21,  4.91it/s]
[1Aphase1 epoch 1:  44%|████▍     | 555/1250 [01:53<02:21,  4.91it/s]
[1Aphase1 epoch 1:  44%|████▍     | 556/1250 [01:53<02:21,  4.89it/s]
[1Aphase1 epoch 1:  45%|████▍     | 557/1250 [01:53<02:19,  4.96it/s]
[1Aphase1 epoch 1:  45%|████▍     | 558/1250 [01:53<02:20,  4.94it/s]
[1Aphase1 epoch 1:  45%|████▍     | 559/1250 [01:54<02:18,  4.99it/s]
[1Aphase1 epoch 1:  45%|████▍     | 560/1250 [01:54<02:19,  4.93it/s]
[1Aphase1 epoch 1:  45%|████▍     | 561/1250 [01:54<02:20,  4.91it/s]
[1Aphase1 epoch 1:  45%|████▍     | 562/1250 [01:54<02:21,  4.85it/s]
[1Aphase1 epoch 1:  45%|████▌     | 563/1250 [01:54<02:21,  4.86it/s]
[1Aphase1 epoch 1:  45%|████▌     | 564/1250 [01:55<02:21,  4.85it/s]
[1Aphase1 epoch 1:  45%|████▌     | 565/1250 [01:55<02:22,  4.82it/s]
[1Aphase1 epoch 1:  45%|████▌     | 566/1250 [01:55<02:22,  4.81it/s]
[1Aphase1 epoch 1:  45%|████▌     | 567/1250 [01:55<02:19,  4.90it/s]
[1Aphase1 epoch 1:  45%|████▌     | 568/1250 [01:55<02:19,  4.88it/s]
[1Aphase1 epoch 1:  46%|████▌     | 569/1250 [01:56<02:19,  4.88it/s]
[1Aphase1 epoch 1:  46%|████▌     | 570/1250 [01:56<02:20,  4.85it/s]
[1Aphase1 epoch 1:  46%|████▌     | 571/1250 [01:56<02:20,  4.82it/s]
[1Aphase1 epoch 1:  46%|████▌     | 572/1250 [01:56<02:19,  4.84it/s]
[1Aphase1 epoch 1:  46%|████▌     | 573/1250 [01:57<02:20,  4.82it/s]
[1Aphase1 epoch 1:  46%|████▌     | 574/1250 [01:57<02:20,  4.82it/s]
[1Aphase1 epoch 1:  46%|████▌     | 575/1250 [01:57<02:19,  4.84it/s]
[1Aphase1 epoch 1:  46%|████▌     | 576/1250 [01:57<02:17,  4.91it/s]
[1Aphase1 epoch 1:  46%|████▌     | 577/1250 [01:57<02:17,  4.91it/s]
[1Aphase1 epoch 1:  46%|████▌     | 578/1250 [01:58<02:15,  4.96it/s]
[1Aphase1 epoch 1:  46%|████▋     | 579/1250 [01:58<02:14,  5.00it/s]
[1Aphase1 epoch 1:  46%|████▋     | 580/1250 [01:58<02:14,  4.97it/s]
[1Aphase1 epoch 1:  46%|████▋     | 581/1250 [01:58<02:15,  4.93it/s]
[1Aphase1 epoch 1:  47%|████▋     | 582/1250 [01:58<02:16,  4.89it/s]
[1Aphase1 epoch 1:  47%|████▋     | 583/1250 [01:59<02:17,  4.87it/s]
[1Aphase1 epoch 1:  47%|████▋     | 584/1250 [01:59<02:17,  4.84it/s]
[1Aphase1 epoch 1:  47%|████▋     | 585/1250 [01:59<02:15,  4.92it/s]
[1Aphase1 epoch 1:  47%|████▋     | 586/1250 [01:59<02:13,  4.98it/s]
[1Aphase1 epoch 1:  47%|████▋     | 587/1250 [01:59<02:15,  4.90it/s]
[1Aphase1 epoch 1:  47%|████▋     | 588/1250 [02:00<02:16,  4.84it/s]
[1Aphase1 epoch 1:  47%|████▋     | 589/1250 [02:00<02:14,  4.92it/s]
[1Aphase1 epoch 1:  47%|████▋     | 590/1250 [02:00<02:12,  4.96it/s]
[1Aphase1 epoch 1:  47%|████▋     | 591/1250 [02:00<02:13,  4.92it/s]
[1Aphase1 epoch 1:  47%|████▋     | 592/1250 [02:00<02:13,  4.92it/s]
[1Aphase1 epoch 1:  47%|████▋     | 593/1250 [02:01<02:14,  4.90it/s]
[1Aphase1 epoch 1:  48%|████▊     | 594/1250 [02:01<02:13,  4.90it/s]
[1Aphase1 epoch 1:  48%|████▊     | 595/1250 [02:01<02:14,  4.89it/s]
[1Aphase1 epoch 1:  48%|████▊     | 596/1250 [02:01<02:14,  4.88it/s]
[1Aphase1 epoch 1:  48%|████▊     | 597/1250 [02:01<02:14,  4.87it/s]
[1Aphase1 epoch 1:  48%|████▊     | 598/1250 [02:02<02:13,  4.88it/s]
[1Aphase1 epoch 1:  48%|████▊     | 599/1250 [02:02<02:13,  4.87it/s]
[1Aphase1 epoch 1:  48%|████▊     | 600/1250 [02:02<02:13,  4.86it/s]
[1Aphase1 epoch 1:  48%|████▊     | 601/1250 [02:02<02:11,  4.93it/s]
[1Aphase1 epoch 1:  48%|████▊     | 602/1250 [02:02<02:09,  4.99it/s]
[1Aphase1 epoch 1:  48%|████▊     | 603/1250 [02:03<02:08,  5.03it/s]
[1Aphase1 epoch 1:  48%|████▊     | 604/1250 [02:03<02:09,  4.98it/s]
[1Aphase1 epoch 1:  48%|████▊     | 605/1250 [02:03<02:10,  4.93it/s]
[1Aphase1 epoch 1:  48%|████▊     | 606/1250 [02:03<02:11,  4.91it/s]
[1Aphase1 epoch 1:  49%|████▊     | 607/1250 [02:03<02:09,  4.95it/s]
[1Aphase1 epoch 1:  49%|████▊     | 608/1250 [02:04<02:10,  4.92it/s]
[1Aphase1 epoch 1:  49%|████▊     | 609/1250 [02:04<02:10,  4.90it/s]
[1Aphase1 epoch 1:  49%|████▉     | 610/1250 [02:04<02:08,  4.97it/s]
[1Aphase1 epoch 1:  49%|████▉     | 611/1250 [02:04<02:09,  4.93it/s]
[1Aphase1 epoch 1:  49%|████▉     | 612/1250 [02:04<02:09,  4.92it/s]
[1Aphase1 epoch 1:  49%|████▉     | 613/1250 [02:05<02:10,  4.89it/s]
[1Aphase1 epoch 1:  49%|████▉     | 614/1250 [02:05<02:10,  4.88it/s]
[1Aphase1 epoch 1:  49%|████▉     | 615/1250 [02:05<02:11,  4.83it/s]
[1Aphase1 epoch 1:  49%|████▉     | 616/1250 [02:05<02:09,  4.91it/s]
[1Aphase1 epoch 1:  49%|████▉     | 617/1250 [02:05<02:07,  4.96it/s]
[1Aphase1 epoch 1:  49%|████▉     | 618/1250 [02:06<02:06,  5.01it/s]
[1Aphase1 epoch 1:  50%|████▉     | 619/1250 [02:06<02:07,  4.96it/s]
[1Aphase1 epoch 1:  50%|████▉     | 620/1250 [02:06<02:08,  4.89it/s]
[1Aphase1 epoch 1:  50%|████▉     | 621/1250 [02:06<02:06,  4.96it/s]
[1Aphase1 epoch 1:  50%|████▉     | 622/1250 [02:06<02:05,  5.00it/s]
[1Aphase1 epoch 1:  50%|████▉     | 623/1250 [02:07<02:04,  5.03it/s]
[1Aphase1 epoch 1:  50%|████▉     | 624/1250 [02:07<02:05,  5.00it/s]
[1Aphase1 epoch 1:  50%|█████     | 625/1250 [02:07<02:06,  4.95it/s]
[1Aphase1 epoch 1:  50%|█████     | 626/1250 [02:07<02:04,  5.00it/s]
[1Aphase1 epoch 1:  50%|█████     | 627/1250 [02:07<02:06,  4.92it/s]
[1Aphase1 epoch 1:  50%|█████     | 628/1250 [02:08<02:04,  4.98it/s]
[1Aphase1 epoch 1:  50%|█████     | 629/1250 [02:08<02:05,  4.94it/s]
[1Aphase1 epoch 1:  50%|█████     | 630/1250 [02:08<02:06,  4.92it/s]
[1Aphase1 epoch 1:  50%|█████     | 631/1250 [02:08<02:06,  4.90it/s]
[1Aphase1 epoch 1:  51%|█████     | 632/1250 [02:08<02:06,  4.90it/s]
[1Aphase1 epoch 1:  51%|█████     | 633/1250 [02:09<02:04,  4.96it/s]
[1Aphase1 epoch 1:  51%|█████     | 634/1250 [02:09<02:04,  4.94it/s]
[1Aphase1 epoch 1:  51%|█████     | 635/1250 [02:09<02:05,  4.90it/s]
[1Aphase1 epoch 1:  51%|█████     | 636/1250 [02:09<02:05,  4.89it/s]
[1Aphase1 epoch 1:  51%|█████     | 637/1250 [02:10<02:06,  4.86it/s]
[1Aphase1 epoch 1:  51%|█████     | 638/1250 [02:10<02:06,  4.85it/s]
[1Aphase1 epoch 1:  51%|█████     | 639/1250 [02:10<02:05,  4.86it/s]
[1Aphase1 epoch 1:  51%|█████     | 640/1250 [02:10<02:05,  4.87it/s]
[1Aphase1 epoch 1:  51%|█████▏    | 641/1250 [02:10<02:03,  4.94it/s]
[1Aphase1 epoch 1:  51%|█████▏    | 642/1250 [02:11<02:03,  4.93it/s]
[1Aphase1 epoch 1:  51%|█████▏    | 643/1250 [02:11<02:03,  4.91it/s]
[1Aphase1 epoch 1:  52%|█████▏    | 644/1250 [02:11<02:03,  4.92it/s]
[1Aphase1 epoch 1:  52%|█████▏    | 645/1250 [02:11<02:03,  4.90it/s]
[1Aphase1 epoch 1:  52%|█████▏    | 646/1250 [02:11<02:04,  4.84it/s]
[1Aphase1 epoch 1:  52%|█████▏    | 647/1250 [02:12<02:02,  4.91it/s]
[1Aphase1 epoch 1:  52%|█████▏    | 648/1250 [02:12<02:01,  4.97it/s]
[1Aphase1 epoch 1:  52%|█████▏    | 649/1250 [02:12<01:59,  5.02it/s]
[1Aphase1 epoch 1:  52%|█████▏    | 650/1250 [02:12<02:01,  4.94it/s]
[1Aphase1 epoch 1:  52%|█████▏    | 651/1250 [02:12<02:01,  4.94it/s]
[1Aphase1 epoch 1:  52%|█████▏    | 652/1250 [02:13<02:01,  4.91it/s]
[1Aphase1 epoch 1:  52%|█████▏    | 653/1250 [02:13<02:02,  4.86it/s]
[1Aphase1 epoch 1:  52%|█████▏    | 654/1250 [02:13<02:04,  4.81it/s]
[1Aphase1 epoch 1:  52%|█████▏    | 655/1250 [02:13<02:01,  4.90it/s]
[1Aphase1 epoch 1:  52%|█████▏    | 656/1250 [02:13<01:59,  4.96it/s]
[1Aphase1 epoch 1:  53%|█████▎    | 657/1250 [02:14<02:00,  4.93it/s]
[1Aphase1 epoch 1:  53%|█████▎    | 658/1250 [02:14<02:01,  4.89it/s]
[1Aphase1 epoch 1:  53%|█████▎    | 659/1250 [02:14<02:01,  4.86it/s]
[1Aphase1 epoch 1:  53%|█████▎    | 660/1250 [02:14<02:01,  4.86it/s]
[1Aphase1 epoch 1:  53%|█████▎    | 661/1250 [02:14<02:01,  4.85it/s]
[1Aphase1 epoch 1:  53%|█████▎    | 662/1250 [02:15<02:00,  4.86it/s]
[1Aphase1 epoch 1:  53%|█████▎    | 663/1250 [02:15<02:00,  4.85it/s]
[1Aphase1 epoch 1:  53%|█████▎    | 664/1250 [02:15<02:00,  4.86it/s]
[1Aphase1 epoch 1:  53%|█████▎    | 665/1250 [02:15<02:00,  4.85it/s]
[1Aphase1 epoch 1:  53%|█████▎    | 666/1250 [02:15<01:58,  4.93it/s]
[1Aphase1 epoch 1:  53%|█████▎    | 667/1250 [02:16<01:59,  4.87it/s]
[1Aphase1 epoch 1:  53%|█████▎    | 668/1250 [02:16<01:59,  4.85it/s]
[1Aphase1 epoch 1:  54%|█████▎    | 669/1250 [02:16<01:59,  4.86it/s]
[1Aphase1 epoch 1:  54%|█████▎    | 670/1250 [02:16<01:57,  4.94it/s]
[1Aphase1 epoch 1:  54%|█████▎    | 671/1250 [02:16<01:55,  4.99it/s]
[1Aphase1 epoch 1:  54%|█████▍    | 672/1250 [02:17<01:57,  4.91it/s]
[1Aphase1 epoch 1:  54%|█████▍    | 673/1250 [02:17<01:57,  4.90it/s]
[1Aphase1 epoch 1:  54%|█████▍    | 674/1250 [02:17<01:57,  4.89it/s]
[1Aphase1 epoch 1:  54%|█████▍    | 675/1250 [02:17<01:57,  4.88it/s]
[1Aphase1 epoch 1:  54%|█████▍    | 676/1250 [02:17<01:57,  4.89it/s]
[1Aphase1 epoch 1:  54%|█████▍    | 677/1250 [02:18<01:57,  4.89it/s]
[1Aphase1 epoch 1:  54%|█████▍    | 678/1250 [02:18<01:55,  4.95it/s]
[1Aphase1 epoch 1:  54%|█████▍    | 679/1250 [02:18<01:55,  4.94it/s]
[1Aphase1 epoch 1:  54%|█████▍    | 680/1250 [02:18<01:56,  4.90it/s]
[1Aphase1 epoch 1:  54%|█████▍    | 681/1250 [02:18<01:56,  4.87it/s]
[1Aphase1 epoch 1:  55%|█████▍    | 682/1250 [02:19<01:54,  4.94it/s]
[1Aphase1 epoch 1:  55%|█████▍    | 683/1250 [02:19<01:53,  4.99it/s]
[1Aphase1 epoch 1:  55%|█████▍    | 684/1250 [02:19<01:54,  4.95it/s]
[1Aphase1 epoch 1:  55%|█████▍    | 685/1250 [02:19<01:53,  5.00it/s]
[1Aphase1 epoch 1:  55%|█████▍    | 686/1250 [02:19<01:53,  4.97it/s]
[1Aphase1 epoch 1:  55%|█████▍    | 687/1250 [02:20<01:53,  4.95it/s]
[1Aphase1 epoch 1:  55%|█████▌    | 688/1250 [02:20<01:55,  4.88it/s]
[1Aphase1 epoch 1:  55%|█████▌    | 689/1250 [02:20<01:54,  4.89it/s]
[1Aphase1 epoch 1:  55%|█████▌    | 690/1250 [02:20<01:53,  4.95it/s]
[1Aphase1 epoch 1:  55%|█████▌    | 691/1250 [02:21<01:51,  5.00it/s]
[1Aphase1 epoch 1:  55%|█████▌    | 692/1250 [02:21<01:52,  4.94it/s]
[1Aphase1 epoch 1:  55%|█████▌    | 693/1250 [02:21<01:51,  4.99it/s]
[1Aphase1 epoch 1:  56%|█████▌    | 694/1250 [02:21<01:52,  4.94it/s]
[1Aphase1 epoch 1:  56%|█████▌    | 695/1250 [02:21<01:52,  4.91it/s]
[1Aphase1 epoch 1:  56%|█████▌    | 696/1250 [02:22<01:51,  4.97it/s]
[1Aphase1 epoch 1:  56%|█████▌    | 697/1250 [02:22<01:51,  4.95it/s]
[1Aphase1 epoch 1:  56%|█████▌    | 698/1250 [02:22<01:52,  4.91it/s]
[1Aphase1 epoch 1:  56%|█████▌    | 699/1250 [02:22<01:52,  4.92it/s]
[1Aphase1 epoch 1:  56%|█████▌    | 700/1250 [02:22<01:51,  4.92it/s]
[1Aphase1 epoch 1:  56%|█████▌    | 701/1250 [02:23<01:51,  4.91it/s]
[1Aphase1 epoch 1:  56%|█████▌    | 702/1250 [02:23<01:49,  5.00it/s]
[1Aphase1 epoch 1:  56%|█████▌    | 703/1250 [02:23<01:50,  4.97it/s]
[1Aphase1 epoch 1:  56%|█████▋    | 704/1250 [02:23<01:50,  4.95it/s]
[1Aphase1 epoch 1:  56%|█████▋    | 705/1250 [02:23<01:50,  4.94it/s]
[1Aphase1 epoch 1:  56%|█████▋    | 706/1250 [02:24<01:50,  4.91it/s]
[1Aphase1 epoch 1:  57%|█████▋    | 707/1250 [02:24<01:49,  4.97it/s]
[1Aphase1 epoch 1:  57%|█████▋    | 708/1250 [02:24<01:49,  4.93it/s]
[1Aphase1 epoch 1:  57%|█████▋    | 709/1250 [02:24<01:49,  4.92it/s]
[1Aphase1 epoch 1:  57%|█████▋    | 710/1250 [02:24<01:50,  4.90it/s]
[1Aphase1 epoch 1:  57%|█████▋    | 711/1250 [02:25<01:50,  4.88it/s]
[1Aphase1 epoch 1:  57%|█████▋    | 712/1250 [02:25<01:50,  4.88it/s]
[1Aphase1 epoch 1:  57%|█████▋    | 713/1250 [02:25<01:48,  4.95it/s]
[1Aphase1 epoch 1:  57%|█████▋    | 714/1250 [02:25<01:47,  5.00it/s]
[1Aphase1 epoch 1:  57%|█████▋    | 715/1250 [02:25<01:47,  4.97it/s]
[1Aphase1 epoch 1:  57%|█████▋    | 716/1250 [02:26<01:46,  5.01it/s]
[1Aphase1 epoch 1:  57%|█████▋    | 717/1250 [02:26<01:48,  4.92it/s]
[1Aphase1 epoch 1:  57%|█████▋    | 718/1250 [02:26<01:48,  4.89it/s]
[1Aphase1 epoch 1:  58%|█████▊    | 719/1250 [02:26<01:47,  4.95it/s]
[1Aphase1 epoch 1:  58%|█████▊    | 720/1250 [02:26<01:46,  4.99it/s]
[1Aphase1 epoch 1:  58%|█████▊    | 721/1250 [02:27<01:46,  4.95it/s]
[1Aphase1 epoch 1:  58%|█████▊    | 722/1250 [02:27<01:45,  5.00it/s]
[1Aphase1 epoch 1:  58%|█████▊    | 723/1250 [02:27<01:45,  4.98it/s]
[1Aphase1 epoch 1:  58%|█████▊    | 724/1250 [02:27<01:44,  5.02it/s]
[1Aphase1 epoch 1:  58%|█████▊    | 725/1250 [02:27<01:43,  5.08it/s]
[1Aphase1 epoch 1:  58%|█████▊    | 726/1250 [02:28<01:43,  5.09it/s]
[1Aphase1 epoch 1:  58%|█████▊    | 727/1250 [02:28<01:42,  5.09it/s]
[1Aphase1 epoch 1:  58%|█████▊    | 728/1250 [02:28<01:42,  5.09it/s]
[1Aphase1 epoch 1:  58%|█████▊    | 729/1250 [02:28<01:44,  4.97it/s]
[1Aphase1 epoch 1:  58%|█████▊    | 730/1250 [02:28<01:45,  4.95it/s]
[1Aphase1 epoch 1:  58%|█████▊    | 731/1250 [02:29<01:43,  5.02it/s]
[1Aphase1 epoch 1:  59%|█████▊    | 732/1250 [02:29<01:42,  5.08it/s]
[1Aphase1 epoch 1:  59%|█████▊    | 733/1250 [02:29<01:43,  5.01it/s]
[1Aphase1 epoch 1:  59%|█████▊    | 734/1250 [02:29<01:43,  4.98it/s]
[1Aphase1 epoch 1:  59%|█████▉    | 735/1250 [02:29<01:44,  4.95it/s]
[1Aphase1 epoch 1:  59%|█████▉    | 736/1250 [02:30<01:45,  4.86it/s]
[1Aphase1 epoch 1:  59%|█████▉    | 737/1250 [02:30<01:45,  4.86it/s]
[1Aphase1 epoch 1:  59%|█████▉    | 738/1250 [02:30<01:45,  4.87it/s]
[1Aphase1 epoch 1:  59%|█████▉    | 739/1250 [02:30<01:45,  4.83it/s]
[1Aphase1 epoch 1:  59%|█████▉    | 740/1250 [02:30<01:43,  4.91it/s]
[1Aphase1 epoch 1:  59%|█████▉    | 741/1250 [02:31<01:44,  4.89it/s]
[1Aphase1 epoch 1:  59%|█████▉    | 742/1250 [02:31<01:42,  4.95it/s]
[1Aphase1 epoch 1:  59%|█████▉    | 743/1250 [02:31<01:41,  5.00it/s]
[1Aphase1 epoch 1:  60%|█████▉    | 744/1250 [02:31<01:40,  5.03it/s]
[1Aphase1 epoch 1:  60%|█████▉    | 745/1250 [02:31<01:41,  5.00it/s]
[1Aphase1 epoch 1:  60%|█████▉    | 746/1250 [02:32<01:42,  4.91it/s]
[1Aphase1 epoch 1:  60%|█████▉    | 747/1250 [02:32<01:43,  4.85it/s]
[1Aphase1 epoch 1:  60%|█████▉    | 748/1250 [02:32<01:43,  4.85it/s]
[1Aphase1 epoch 1:  60%|█████▉    | 749/1250 [02:32<01:43,  4.82it/s]
[1Aphase1 epoch 1:  60%|██████    | 750/1250 [02:32<01:43,  4.81it/s]
[1Aphase1 epoch 1:  60%|██████    | 751/1250 [02:33<01:42,  4.85it/s]
[1Aphase1 epoch 1:  60%|██████    | 752/1250 [02:33<01:41,  4.92it/s]
[1Aphase1 epoch 1:  60%|██████    | 753/1250 [02:33<01:39,  4.98it/s]
[1Aphase1 epoch 1:  60%|██████    | 754/1250 [02:33<01:38,  5.01it/s]
[1Aphase1 epoch 1:  60%|██████    | 755/1250 [02:33<01:38,  5.03it/s]
[1Aphase1 epoch 1:  60%|██████    | 756/1250 [02:34<01:38,  4.99it/s]
[1Aphase1 epoch 1:  61%|██████    | 757/1250 [02:34<01:39,  4.96it/s]
[1Aphase1 epoch 1:  61%|██████    | 758/1250 [02:34<01:40,  4.92it/s]
[1Aphase1 epoch 1:  61%|██████    | 759/1250 [02:34<01:41,  4.86it/s]
[1Aphase1 epoch 1:  61%|██████    | 760/1250 [02:34<01:40,  4.87it/s]
[1Aphase1 epoch 1:  61%|██████    | 761/1250 [02:35<01:40,  4.86it/s]
[1Aphase1 epoch 1:  61%|██████    | 762/1250 [02:35<01:40,  4.86it/s]
[1Aphase1 epoch 1:  61%|██████    | 763/1250 [02:35<01:38,  4.93it/s]
[1Aphase1 epoch 1:  61%|██████    | 764/1250 [02:35<01:38,  4.92it/s]
[1Aphase1 epoch 1:  61%|██████    | 765/1250 [02:35<01:39,  4.89it/s]
[1Aphase1 epoch 1:  61%|██████▏   | 766/1250 [02:36<01:38,  4.89it/s]
[1Aphase1 epoch 1:  61%|██████▏   | 767/1250 [02:36<01:39,  4.88it/s]
[1Aphase1 epoch 1:  61%|██████▏   | 768/1250 [02:36<01:37,  4.94it/s]
[1Aphase1 epoch 1:  62%|██████▏   | 769/1250 [02:36<01:38,  4.88it/s]
[1Aphase1 epoch 1:  62%|██████▏   | 770/1250 [02:37<01:38,  4.87it/s]
[1Aphase1 epoch 1:  62%|██████▏   | 771/1250 [02:37<01:36,  4.94it/s]
[1Aphase1 epoch 1:  62%|██████▏   | 772/1250 [02:37<01:37,  4.91it/s]
[1Aphase1 epoch 1:  62%|██████▏   | 773/1250 [02:37<01:37,  4.90it/s]
[1Aphase1 epoch 1:  62%|██████▏   | 774/1250 [02:37<01:35,  4.96it/s]
[1Aphase1 epoch 1:  62%|██████▏   | 775/1250 [02:38<01:34,  5.00it/s]
[1Aphase1 epoch 1:  62%|██████▏   | 776/1250 [02:38<01:36,  4.93it/s]
[1Aphase1 epoch 1:  62%|██████▏   | 777/1250 [02:38<01:36,  4.92it/s]
[1Aphase1 epoch 1:  62%|██████▏   | 778/1250 [02:38<01:34,  4.98it/s]
[1Aphase1 epoch 1:  62%|██████▏   | 779/1250 [02:38<01:35,  4.93it/s]
[1Aphase1 epoch 1:  62%|██████▏   | 780/1250 [02:39<01:35,  4.91it/s]
[1Aphase1 epoch 1:  62%|██████▏   | 781/1250 [02:39<01:35,  4.92it/s]
[1Aphase1 epoch 1:  63%|██████▎   | 782/1250 [02:39<01:35,  4.91it/s]
[1Aphase1 epoch 1:  63%|██████▎   | 783/1250 [02:39<01:35,  4.89it/s]
[1Aphase1 epoch 1:  63%|██████▎   | 784/1250 [02:39<01:33,  4.96it/s]
[1Aphase1 epoch 1:  63%|██████▎   | 785/1250 [02:40<01:34,  4.94it/s]
[1Aphase1 epoch 1:  63%|██████▎   | 786/1250 [02:40<01:34,  4.93it/s]
[1Aphase1 epoch 1:  63%|██████▎   | 787/1250 [02:40<01:34,  4.92it/s]
[1Aphase1 epoch 1:  63%|██████▎   | 788/1250 [02:40<01:34,  4.90it/s]
[1Aphase1 epoch 1:  63%|██████▎   | 789/1250 [02:40<01:34,  4.86it/s]
[1Aphase1 epoch 1:  63%|██████▎   | 790/1250 [02:41<01:33,  4.94it/s]
[1Aphase1 epoch 1:  63%|██████▎   | 791/1250 [02:41<01:33,  4.94it/s]
[1Aphase1 epoch 1:  63%|██████▎   | 792/1250 [02:41<01:33,  4.92it/s]
[1Aphase1 epoch 1:  63%|██████▎   | 793/1250 [02:41<01:33,  4.91it/s]
[1Aphase1 epoch 1:  64%|██████▎   | 794/1250 [02:41<01:31,  4.97it/s]
[1Aphase1 epoch 1:  64%|██████▎   | 795/1250 [02:42<01:30,  5.01it/s]
[1Aphase1 epoch 1:  64%|██████▎   | 796/1250 [02:42<01:30,  5.04it/s]
[1Aphase1 epoch 1:  64%|██████▍   | 797/1250 [02:42<01:31,  4.95it/s]
[1Aphase1 epoch 1:  64%|██████▍   | 798/1250 [02:42<01:32,  4.91it/s]
[1Aphase1 epoch 1:  64%|██████▍   | 799/1250 [02:42<01:32,  4.88it/s]
[1Aphase1 epoch 1:  64%|██████▍   | 800/1250 [02:43<01:32,  4.88it/s]
[1Aphase1 epoch 1:  64%|██████▍   | 801/1250 [02:43<01:31,  4.89it/s]
[1Aphase1 epoch 1:  64%|██████▍   | 802/1250 [02:43<01:31,  4.89it/s]
[1Aphase1 epoch 1:  64%|██████▍   | 803/1250 [02:43<01:31,  4.88it/s]
[1Aphase1 epoch 1:  64%|██████▍   | 804/1250 [02:43<01:31,  4.87it/s]
[1Aphase1 epoch 1:  64%|██████▍   | 805/1250 [02:44<01:30,  4.94it/s]
[1Aphase1 epoch 1:  64%|██████▍   | 806/1250 [02:44<01:28,  4.99it/s]
[1Aphase1 epoch 1:  65%|██████▍   | 807/1250 [02:44<01:29,  4.96it/s]
[1Aphase1 epoch 1:  65%|██████▍   | 808/1250 [02:44<01:29,  4.95it/s]
[1Aphase1 epoch 1:  65%|██████▍   | 809/1250 [02:44<01:29,  4.93it/s]
[1Aphase1 epoch 1:  65%|██████▍   | 810/1250 [02:45<01:29,  4.89it/s]
[1Aphase1 epoch 1:  65%|██████▍   | 811/1250 [02:45<01:30,  4.86it/s]
[1Aphase1 epoch 1:  65%|██████▍   | 812/1250 [02:45<01:31,  4.79it/s]
[1Aphase1 epoch 1:  65%|██████▌   | 813/1250 [02:45<01:30,  4.82it/s]
[1Aphase1 epoch 1:  65%|██████▌   | 814/1250 [02:45<01:30,  4.84it/s]
[1Aphase1 epoch 1:  65%|██████▌   | 815/1250 [02:46<01:29,  4.85it/s]
[1Aphase1 epoch 1:  65%|██████▌   | 816/1250 [02:46<01:29,  4.85it/s]
[1Aphase1 epoch 1:  65%|██████▌   | 817/1250 [02:46<01:29,  4.86it/s]
[1Aphase1 epoch 1:  65%|██████▌   | 818/1250 [02:46<01:27,  4.93it/s]
[1Aphase1 epoch 1:  66%|██████▌   | 819/1250 [02:46<01:27,  4.91it/s]
[1Aphase1 epoch 1:  66%|██████▌   | 820/1250 [02:47<01:26,  4.96it/s]
[1Aphase1 epoch 1:  66%|██████▌   | 821/1250 [02:47<01:27,  4.93it/s]
[1Aphase1 epoch 1:  66%|██████▌   | 822/1250 [02:47<01:27,  4.91it/s]
[1Aphase1 epoch 1:  66%|██████▌   | 823/1250 [02:47<01:26,  4.91it/s]
[1Aphase1 epoch 1:  66%|██████▌   | 824/1250 [02:47<01:26,  4.91it/s]
[1Aphase1 epoch 1:  66%|██████▌   | 825/1250 [02:48<01:26,  4.90it/s]
[1Aphase1 epoch 1:  66%|██████▌   | 826/1250 [02:48<01:27,  4.85it/s]
[1Aphase1 epoch 1:  66%|██████▌   | 827/1250 [02:48<01:27,  4.85it/s]
[1Aphase1 epoch 1:  66%|██████▌   | 828/1250 [02:48<01:25,  4.93it/s]
[1Aphase1 epoch 1:  66%|██████▋   | 829/1250 [02:49<01:24,  4.98it/s]
[1Aphase1 epoch 1:  66%|██████▋   | 830/1250 [02:49<01:24,  4.96it/s]
[1Aphase1 epoch 1:  66%|██████▋   | 831/1250 [02:49<01:23,  5.00it/s]
[1Aphase1 epoch 1:  67%|██████▋   | 832/1250 [02:49<01:24,  4.97it/s]
[1Aphase1 epoch 1:  67%|██████▋   | 833/1250 [02:49<01:24,  4.94it/s]
[1Aphase1 epoch 1:  67%|██████▋   | 834/1250 [02:50<01:23,  4.98it/s]
[1Aphase1 epoch 1:  67%|██████▋   | 835/1250 [02:50<01:24,  4.91it/s]
[1Aphase1 epoch 1:  67%|██████▋   | 836/1250 [02:50<01:25,  4.86it/s]
[1Aphase1 epoch 1:  67%|██████▋   | 837/1250 [02:50<01:25,  4.83it/s]
[1Aphase1 epoch 1:  67%|██████▋   | 838/1250 [02:50<01:25,  4.82it/s]
[1Aphase1 epoch 1:  67%|██████▋   | 839/1250 [02:51<01:23,  4.90it/s]
[1Aphase1 epoch 1:  67%|██████▋   | 840/1250 [02:51<01:22,  4.96it/s]
[1Aphase1 epoch 1:  67%|██████▋   | 841/1250 [02:51<01:22,  4.94it/s]
[1Aphase1 epoch 1:  67%|██████▋   | 842/1250 [02:51<01:22,  4.94it/s]
[1Aphase1 epoch 1:  67%|██████▋   | 843/1250 [02:51<01:21,  4.99it/s]
[1Aphase1 epoch 1:  68%|██████▊   | 844/1250 [02:52<01:21,  4.97it/s]
[1Aphase1 epoch 1:  68%|██████▊   | 845/1250 [02:52<01:20,  5.01it/s]
[1Aphase1 epoch 1:  68%|██████▊   | 846/1250 [02:52<01:21,  4.98it/s]
[1Aphase1 epoch 1:  68%|██████▊   | 847/1250 [02:52<01:21,  4.92it/s]
[1Aphase1 epoch 1:  68%|██████▊   | 848/1250 [02:52<01:21,  4.91it/s]
[1Aphase1 epoch 1:  68%|██████▊   | 849/1250 [02:53<01:21,  4.89it/s]
[1Aphase1 epoch 1:  68%|██████▊   | 850/1250 [02:53<01:21,  4.91it/s]
[1Aphase1 epoch 1:  68%|██████▊   | 851/1250 [02:53<01:21,  4.89it/s]
[1Aphase1 epoch 1:  68%|██████▊   | 852/1250 [02:53<01:21,  4.86it/s]
[1Aphase1 epoch 1:  68%|██████▊   | 853/1250 [02:53<01:22,  4.81it/s]
[1Aphase1 epoch 1:  68%|██████▊   | 854/1250 [02:54<01:22,  4.82it/s]
[1Aphase1 epoch 1:  68%|██████▊   | 855/1250 [02:54<01:21,  4.84it/s]
[1Aphase1 epoch 1:  68%|██████▊   | 856/1250 [02:54<01:21,  4.85it/s]
[1Aphase1 epoch 1:  69%|██████▊   | 857/1250 [02:54<01:20,  4.87it/s]
[1Aphase1 epoch 1:  69%|██████▊   | 858/1250 [02:54<01:20,  4.88it/s]
[1Aphase1 epoch 1:  69%|██████▊   | 859/1250 [02:55<01:20,  4.86it/s]
[1Aphase1 epoch 1:  69%|██████▉   | 860/1250 [02:55<01:20,  4.86it/s]
[1Aphase1 epoch 1:  69%|██████▉   | 861/1250 [02:55<01:20,  4.83it/s]
[1Aphase1 epoch 1:  69%|██████▉   | 862/1250 [02:55<01:21,  4.78it/s]
[1Aphase1 epoch 1:  69%|██████▉   | 863/1250 [02:55<01:21,  4.77it/s]
[1Aphase1 epoch 1:  69%|██████▉   | 864/1250 [02:56<01:20,  4.81it/s]
[1Aphase1 epoch 1:  69%|██████▉   | 865/1250 [02:56<01:18,  4.89it/s]
[1Aphase1 epoch 1:  69%|██████▉   | 866/1250 [02:56<01:19,  4.85it/s]
[1Aphase1 epoch 1:  69%|██████▉   | 867/1250 [02:56<01:19,  4.83it/s]
[1Aphase1 epoch 1:  69%|██████▉   | 868/1250 [02:56<01:17,  4.91it/s]
[1Aphase1 epoch 1:  70%|██████▉   | 869/1250 [02:57<01:17,  4.89it/s]
[1Aphase1 epoch 1:  70%|██████▉   | 870/1250 [02:57<01:16,  4.95it/s]
[1Aphase1 epoch 1:  70%|██████▉   | 871/1250 [02:57<01:17,  4.92it/s]
[1Aphase1 epoch 1:  70%|██████▉   | 872/1250 [02:57<01:18,  4.84it/s]
[1Aphase1 epoch 1:  70%|██████▉   | 873/1250 [02:58<01:18,  4.80it/s]
[1Aphase1 epoch 1:  70%|██████▉   | 874/1250 [02:58<01:18,  4.82it/s]
[1Aphase1 epoch 1:  70%|███████   | 875/1250 [02:58<01:17,  4.81it/s]
[1Aphase1 epoch 1:  70%|███████   | 876/1250 [02:58<01:17,  4.81it/s]
[1Aphase1 epoch 1:  70%|███████   | 877/1250 [02:58<01:17,  4.84it/s]
[1Aphase1 epoch 1:  70%|███████   | 878/1250 [02:59<01:15,  4.92it/s]
[1Aphase1 epoch 1:  70%|███████   | 879/1250 [02:59<01:15,  4.92it/s]
[1Aphase1 epoch 1:  70%|███████   | 880/1250 [02:59<01:15,  4.91it/s]
[1Aphase1 epoch 1:  70%|███████   | 881/1250 [02:59<01:15,  4.90it/s]
[1Aphase1 epoch 1:  71%|███████   | 882/1250 [02:59<01:15,  4.89it/s]
[1Aphase1 epoch 1:  71%|███████   | 883/1250 [03:00<01:15,  4.88it/s]
[1Aphase1 epoch 1:  71%|███████   | 884/1250 [03:00<01:15,  4.85it/s]
[1Aphase1 epoch 1:  71%|███████   | 885/1250 [03:00<01:14,  4.93it/s]
[1Aphase1 epoch 1:  71%|███████   | 886/1250 [03:00<01:14,  4.92it/s]
[1Aphase1 epoch 1:  71%|███████   | 887/1250 [03:00<01:12,  4.98it/s]
[1Aphase1 epoch 1:  71%|███████   | 888/1250 [03:01<01:12,  5.02it/s]
[1Aphase1 epoch 1:  71%|███████   | 889/1250 [03:01<01:13,  4.93it/s]
[1Aphase1 epoch 1:  71%|███████   | 890/1250 [03:01<01:14,  4.85it/s]
[1Aphase1 epoch 1:  71%|███████▏  | 891/1250 [03:01<01:13,  4.87it/s]
[1Aphase1 epoch 1:  71%|███████▏  | 892/1250 [03:01<01:12,  4.94it/s]
[1Aphase1 epoch 1:  71%|███████▏  | 893/1250 [03:02<01:12,  4.91it/s]
[1Aphase1 epoch 1:  72%|███████▏  | 894/1250 [03:02<01:12,  4.91it/s]
[1Aphase1 epoch 1:  72%|███████▏  | 895/1250 [03:02<01:12,  4.88it/s]
[1Aphase1 epoch 1:  72%|███████▏  | 896/1250 [03:02<01:12,  4.89it/s]
[1Aphase1 epoch 1:  72%|███████▏  | 897/1250 [03:02<01:12,  4.90it/s]
[1Aphase1 epoch 1:  72%|███████▏  | 898/1250 [03:03<01:11,  4.90it/s]
[1Aphase1 epoch 1:  72%|███████▏  | 899/1250 [03:03<01:11,  4.91it/s]
[1Aphase1 epoch 1:  72%|███████▏  | 900/1250 [03:03<01:11,  4.92it/s]
[1Aphase1 epoch 1:  72%|███████▏  | 901/1250 [03:03<01:10,  4.97it/s]
[1Aphase1 epoch 1:  72%|███████▏  | 902/1250 [03:03<01:09,  5.02it/s]
[1Aphase1 epoch 1:  72%|███████▏  | 903/1250 [03:04<01:08,  5.05it/s]
[1Aphase1 epoch 1:  72%|███████▏  | 904/1250 [03:04<01:09,  4.97it/s]
[1Aphase1 epoch 1:  72%|███████▏  | 905/1250 [03:04<01:09,  4.94it/s]
[1Aphase1 epoch 1:  72%|███████▏  | 906/1250 [03:04<01:09,  4.92it/s]
[1Aphase1 epoch 1:  73%|███████▎  | 907/1250 [03:04<01:09,  4.92it/s]
[1Aphase1 epoch 1:  73%|███████▎  | 908/1250 [03:05<01:09,  4.89it/s]
[1Aphase1 epoch 1:  73%|███████▎  | 909/1250 [03:05<01:09,  4.88it/s]
[1Aphase1 epoch 1:  73%|███████▎  | 910/1250 [03:05<01:09,  4.87it/s]
[1Aphase1 epoch 1:  73%|███████▎  | 911/1250 [03:05<01:08,  4.94it/s]
[1Aphase1 epoch 1:  73%|███████▎  | 912/1250 [03:05<01:08,  4.92it/s]
[1Aphase1 epoch 1:  73%|███████▎  | 913/1250 [03:06<01:08,  4.90it/s]
[1Aphase1 epoch 1:  73%|███████▎  | 914/1250 [03:06<01:08,  4.87it/s]
[1Aphase1 epoch 1:  73%|███████▎  | 915/1250 [03:06<01:07,  4.94it/s]
[1Aphase1 epoch 1:  73%|███████▎  | 916/1250 [03:06<01:07,  4.93it/s]
[1Aphase1 epoch 1:  73%|███████▎  | 917/1250 [03:06<01:07,  4.91it/s]
[1Aphase1 epoch 1:  73%|███████▎  | 918/1250 [03:07<01:07,  4.91it/s]
[1Aphase1 epoch 1:  74%|███████▎  | 919/1250 [03:07<01:07,  4.88it/s]
[1Aphase1 epoch 1:  74%|███████▎  | 920/1250 [03:07<01:06,  4.95it/s]
[1Aphase1 epoch 1:  74%|███████▎  | 921/1250 [03:07<01:06,  4.93it/s]
[1Aphase1 epoch 1:  74%|███████▍  | 922/1250 [03:07<01:05,  5.01it/s]
[1Aphase1 epoch 1:  74%|███████▍  | 923/1250 [03:08<01:06,  4.90it/s]
[1Aphase1 epoch 1:  74%|███████▍  | 924/1250 [03:08<01:05,  4.96it/s]
[1Aphase1 epoch 1:  74%|███████▍  | 925/1250 [03:08<01:05,  4.94it/s]
[1Aphase1 epoch 1:  74%|███████▍  | 926/1250 [03:08<01:06,  4.85it/s]
[1Aphase1 epoch 1:  74%|███████▍  | 927/1250 [03:09<01:06,  4.87it/s]
[1Aphase1 epoch 1:  74%|███████▍  | 928/1250 [03:09<01:05,  4.88it/s]
[1Aphase1 epoch 1:  74%|███████▍  | 929/1250 [03:09<01:05,  4.89it/s]
[1Aphase1 epoch 1:  74%|███████▍  | 930/1250 [03:09<01:04,  4.96it/s]
[1Aphase1 epoch 1:  74%|███████▍  | 931/1250 [03:09<01:05,  4.90it/s]
[1Aphase1 epoch 1:  75%|███████▍  | 932/1250 [03:10<01:04,  4.90it/s]
[1Aphase1 epoch 1:  75%|███████▍  | 933/1250 [03:10<01:04,  4.91it/s]
[1Aphase1 epoch 1:  75%|███████▍  | 934/1250 [03:10<01:03,  4.96it/s]
[1Aphase1 epoch 1:  75%|███████▍  | 935/1250 [03:10<01:03,  4.94it/s]
[1Aphase1 epoch 1:  75%|███████▍  | 936/1250 [03:10<01:03,  4.98it/s]
[1Aphase1 epoch 1:  75%|███████▍  | 937/1250 [03:11<01:03,  4.94it/s]
[1Aphase1 epoch 1:  75%|███████▌  | 938/1250 [03:11<01:02,  4.99it/s]
[1Aphase1 epoch 1:  75%|███████▌  | 939/1250 [03:11<01:02,  4.95it/s]
[1Aphase1 epoch 1:  75%|███████▌  | 940/1250 [03:11<01:03,  4.87it/s]
[1Aphase1 epoch 1:  75%|███████▌  | 941/1250 [03:11<01:03,  4.88it/s]
[1Aphase1 epoch 1:  75%|███████▌  | 942/1250 [03:12<01:03,  4.87it/s]
[1Aphase1 epoch 1:  75%|███████▌  | 943/1250 [03:12<01:03,  4.87it/s]
[1Aphase1 epoch 1:  76%|███████▌  | 944/1250 [03:12<01:02,  4.88it/s]
[1Aphase1 epoch 1:  76%|███████▌  | 945/1250 [03:12<01:02,  4.85it/s]
[1Aphase1 epoch 1:  76%|███████▌  | 946/1250 [03:12<01:02,  4.84it/s]
[1Aphase1 epoch 1:  76%|███████▌  | 947/1250 [03:13<01:03,  4.81it/s]
[1Aphase1 epoch 1:  76%|███████▌  | 948/1250 [03:13<01:02,  4.84it/s]
[1Aphase1 epoch 1:  76%|███████▌  | 949/1250 [03:13<01:02,  4.82it/s]
[1Aphase1 epoch 1:  76%|███████▌  | 950/1250 [03:13<01:02,  4.80it/s]
[1Aphase1 epoch 1:  76%|███████▌  | 951/1250 [03:13<01:02,  4.78it/s]
[1Aphase1 epoch 1:  76%|███████▌  | 952/1250 [03:14<01:02,  4.79it/s]
[1Aphase1 epoch 1:  76%|███████▌  | 953/1250 [03:14<01:00,  4.88it/s]
[1Aphase1 epoch 1:  76%|███████▋  | 954/1250 [03:14<01:00,  4.89it/s]
[1Aphase1 epoch 1:  76%|███████▋  | 955/1250 [03:14<00:59,  4.96it/s]
[1Aphase1 epoch 1:  76%|███████▋  | 956/1250 [03:14<00:58,  5.01it/s]
[1Aphase1 epoch 1:  77%|███████▋  | 957/1250 [03:15<00:59,  4.95it/s]
[1Aphase1 epoch 1:  77%|███████▋  | 958/1250 [03:15<00:59,  4.94it/s]
[1Aphase1 epoch 1:  77%|███████▋  | 959/1250 [03:15<00:59,  4.93it/s]
[1Aphase1 epoch 1:  77%|███████▋  | 960/1250 [03:15<00:59,  4.87it/s]
[1Aphase1 epoch 1:  77%|███████▋  | 961/1250 [03:15<00:59,  4.85it/s]
[1Aphase1 epoch 1:  77%|███████▋  | 962/1250 [03:16<00:58,  4.93it/s]
[1Aphase1 epoch 1:  77%|███████▋  | 963/1250 [03:16<00:58,  4.92it/s]
[1Aphase1 epoch 1:  77%|███████▋  | 964/1250 [03:16<00:58,  4.92it/s]
[1Aphase1 epoch 1:  77%|███████▋  | 965/1250 [03:16<00:57,  4.97it/s]
[1Aphase1 epoch 1:  77%|███████▋  | 966/1250 [03:16<00:56,  5.01it/s]
[1Aphase1 epoch 1:  77%|███████▋  | 967/1250 [03:17<00:56,  5.05it/s]
[1Aphase1 epoch 1:  77%|███████▋  | 968/1250 [03:17<00:56,  4.99it/s]
[1Aphase1 epoch 1:  78%|███████▊  | 969/1250 [03:17<00:55,  5.03it/s]
[1Aphase1 epoch 1:  78%|███████▊  | 970/1250 [03:17<00:56,  5.00it/s]
[1Aphase1 epoch 1:  78%|███████▊  | 971/1250 [03:17<00:56,  4.95it/s]
[1Aphase1 epoch 1:  78%|███████▊  | 972/1250 [03:18<00:56,  4.94it/s]
[1Aphase1 epoch 1:  78%|███████▊  | 973/1250 [03:18<00:56,  4.91it/s]
[1Aphase1 epoch 1:  78%|███████▊  | 974/1250 [03:18<00:55,  4.97it/s]
[1Aphase1 epoch 1:  78%|███████▊  | 975/1250 [03:18<00:55,  4.93it/s]
[1Aphase1 epoch 1:  78%|███████▊  | 976/1250 [03:18<00:55,  4.93it/s]
[1Aphase1 epoch 1:  78%|███████▊  | 977/1250 [03:19<00:55,  4.93it/s]
[1Aphase1 epoch 1:  78%|███████▊  | 978/1250 [03:19<00:55,  4.91it/s]
[1Aphase1 epoch 1:  78%|███████▊  | 979/1250 [03:19<00:55,  4.86it/s]
[1Aphase1 epoch 1:  78%|███████▊  | 980/1250 [03:19<00:55,  4.84it/s]
[1Aphase1 epoch 1:  78%|███████▊  | 981/1250 [03:20<00:55,  4.81it/s]
[1Aphase1 epoch 1:  79%|███████▊  | 982/1250 [03:20<00:55,  4.84it/s]
[1Aphase1 epoch 1:  79%|███████▊  | 983/1250 [03:20<00:55,  4.84it/s]
[1Aphase1 epoch 1:  79%|███████▊  | 984/1250 [03:20<00:54,  4.92it/s]
[1Aphase1 epoch 1:  79%|███████▉  | 985/1250 [03:20<00:54,  4.89it/s]
[1Aphase1 epoch 1:  79%|███████▉  | 986/1250 [03:21<00:53,  4.89it/s]
[1Aphase1 epoch 1:  79%|███████▉  | 987/1250 [03:21<00:53,  4.88it/s]
[1Aphase1 epoch 1:  79%|███████▉  | 988/1250 [03:21<00:53,  4.85it/s]
[1Aphase1 epoch 1:  79%|███████▉  | 989/1250 [03:21<00:53,  4.87it/s]
[1Aphase1 epoch 1:  79%|███████▉  | 990/1250 [03:21<00:53,  4.86it/s]
[1Aphase1 epoch 1:  79%|███████▉  | 991/1250 [03:22<00:53,  4.87it/s]
[1Aphase1 epoch 1:  79%|███████▉  | 992/1250 [03:22<00:52,  4.87it/s]
[1Aphase1 epoch 1:  79%|███████▉  | 993/1250 [03:22<00:52,  4.86it/s]
[1Aphase1 epoch 1:  80%|███████▉  | 994/1250 [03:22<00:52,  4.86it/s]
[1Aphase1 epoch 1:  80%|███████▉  | 995/1250 [03:22<00:51,  4.93it/s]
[1Aphase1 epoch 1:  80%|███████▉  | 996/1250 [03:23<00:51,  4.92it/s]
[1Aphase1 epoch 1:  80%|███████▉  | 997/1250 [03:23<00:51,  4.91it/s]
[1Aphase1 epoch 1:  80%|███████▉  | 998/1250 [03:23<00:51,  4.90it/s]
[1Aphase1 epoch 1:  80%|███████▉  | 999/1250 [03:23<00:51,  4.83it/s]
[1Aphase1 epoch 1:  80%|████████  | 1000/1250 [03:23<00:51,  4.85it/s]
[1Aphase1 epoch 1:  80%|████████  | 1001/1250 [03:24<00:51,  4.85it/s]
[1Aphase1 epoch 1:  80%|████████  | 1002/1250 [03:24<00:51,  4.86it/s]
[1Aphase1 epoch 1:  80%|████████  | 1003/1250 [03:24<00:50,  4.86it/s]
[1Aphase1 epoch 1:  80%|████████  | 1004/1250 [03:24<00:50,  4.86it/s]
[1Aphase1 epoch 1:  80%|████████  | 1005/1250 [03:24<00:49,  4.93it/s]
[1Aphase1 epoch 1:  80%|████████  | 1006/1250 [03:25<00:49,  4.90it/s]
[1Aphase1 epoch 1:  81%|████████  | 1007/1250 [03:25<00:49,  4.90it/s]
[1Aphase1 epoch 1:  81%|████████  | 1008/1250 [03:25<00:50,  4.77it/s]
[1Aphase1 epoch 1:  81%|████████  | 1009/1250 [03:25<00:50,  4.80it/s]
[1Aphase1 epoch 1:  81%|████████  | 1010/1250 [03:25<00:49,  4.80it/s]
[1Aphase1 epoch 1:  81%|████████  | 1011/1250 [03:26<00:49,  4.78it/s]
[1Aphase1 epoch 1:  81%|████████  | 1012/1250 [03:26<00:49,  4.80it/s]
[1Aphase1 epoch 1:  81%|████████  | 1013/1250 [03:26<00:48,  4.84it/s]
[1Aphase1 epoch 1:  81%|████████  | 1014/1250 [03:26<00:48,  4.84it/s]
[1Aphase1 epoch 1:  81%|████████  | 1015/1250 [03:26<00:47,  4.92it/s]
[1Aphase1 epoch 1:  81%|████████▏ | 1016/1250 [03:27<00:47,  4.90it/s]
[1Aphase1 epoch 1:  81%|████████▏ | 1017/1250 [03:27<00:47,  4.89it/s]
[1Aphase1 epoch 1:  81%|████████▏ | 1018/1250 [03:27<00:47,  4.88it/s]
[1Aphase1 epoch 1:  82%|████████▏ | 1019/1250 [03:27<00:47,  4.90it/s]
[1Aphase1 epoch 1:  82%|████████▏ | 1020/1250 [03:28<00:47,  4.87it/s]
[1Aphase1 epoch 1:  82%|████████▏ | 1021/1250 [03:28<00:47,  4.87it/s]
[1Aphase1 epoch 1:  82%|████████▏ | 1022/1250 [03:28<00:46,  4.86it/s]
[1Aphase1 epoch 1:  82%|████████▏ | 1023/1250 [03:28<00:46,  4.85it/s]
[1Aphase1 epoch 1:  82%|████████▏ | 1024/1250 [03:28<00:46,  4.86it/s]
[1Aphase1 epoch 1:  82%|████████▏ | 1025/1250 [03:29<00:46,  4.84it/s]
[1Aphase1 epoch 1:  82%|████████▏ | 1026/1250 [03:29<00:46,  4.85it/s]
[1Aphase1 epoch 1:  82%|████████▏ | 1027/1250 [03:29<00:46,  4.83it/s]
[1Aphase1 epoch 1:  82%|████████▏ | 1028/1250 [03:29<00:45,  4.85it/s]
[1Aphase1 epoch 1:  82%|████████▏ | 1029/1250 [03:29<00:45,  4.83it/s]
[1Aphase1 epoch 1:  82%|████████▏ | 1030/1250 [03:30<00:45,  4.85it/s]
[1Aphase1 epoch 1:  82%|████████▏ | 1031/1250 [03:30<00:45,  4.86it/s]
[1Aphase1 epoch 1:  83%|████████▎ | 1032/1250 [03:30<00:44,  4.94it/s]
[1Aphase1 epoch 1:  83%|████████▎ | 1033/1250 [03:30<00:44,  4.92it/s]
[1Aphase1 epoch 1:  83%|████████▎ | 1034/1250 [03:30<00:43,  4.91it/s]
[1Aphase1 epoch 1:  83%|████████▎ | 1035/1250 [03:31<00:43,  4.90it/s]
[1Aphase1 epoch 1:  83%|████████▎ | 1036/1250 [03:31<00:43,  4.89it/s]
[1Aphase1 epoch 1:  83%|████████▎ | 1037/1250 [03:31<00:43,  4.89it/s]
[1Aphase1 epoch 1:  83%|████████▎ | 1038/1250 [03:31<00:42,  4.95it/s]
[1Aphase1 epoch 1:  83%|████████▎ | 1039/1250 [03:31<00:42,  4.93it/s]
[1Aphase1 epoch 1:  83%|████████▎ | 1040/1250 [03:32<00:42,  4.90it/s]
[1Aphase1 epoch 1:  83%|████████▎ | 1041/1250 [03:32<00:42,  4.96it/s]
[1Aphase1 epoch 1:  83%|████████▎ | 1042/1250 [03:32<00:42,  4.95it/s]
[1Aphase1 epoch 1:  83%|████████▎ | 1043/1250 [03:32<00:42,  4.89it/s]
[1Aphase1 epoch 1:  84%|████████▎ | 1044/1250 [03:32<00:43,  4.77it/s]
[1Aphase1 epoch 1:  84%|████████▎ | 1045/1250 [03:33<00:42,  4.87it/s]
[1Aphase1 epoch 1:  84%|████████▎ | 1046/1250 [03:33<00:41,  4.87it/s]
[1Aphase1 epoch 1:  84%|████████▍ | 1047/1250 [03:33<00:41,  4.88it/s]
[1Aphase1 epoch 1:  84%|████████▍ | 1048/1250 [03:33<00:41,  4.87it/s]
[1Aphase1 epoch 1:  84%|████████▍ | 1049/1250 [03:33<00:40,  4.93it/s]
[1Aphase1 epoch 1:  84%|████████▍ | 1050/1250 [03:34<00:40,  4.92it/s]
[1Aphase1 epoch 1:  84%|████████▍ | 1051/1250 [03:34<00:40,  4.92it/s]
[1Aphase1 epoch 1:  84%|████████▍ | 1052/1250 [03:34<00:40,  4.90it/s]
[1Aphase1 epoch 1:  84%|████████▍ | 1053/1250 [03:34<00:40,  4.91it/s]
[1Aphase1 epoch 1:  84%|████████▍ | 1054/1250 [03:34<00:40,  4.90it/s]
[1Aphase1 epoch 1:  84%|████████▍ | 1055/1250 [03:35<00:39,  4.90it/s]
[1Aphase1 epoch 1:  84%|████████▍ | 1056/1250 [03:35<00:39,  4.86it/s]
[1Aphase1 epoch 1:  85%|████████▍ | 1057/1250 [03:35<00:39,  4.87it/s]
[1Aphase1 epoch 1:  85%|████████▍ | 1058/1250 [03:35<00:39,  4.87it/s]
[1Aphase1 epoch 1:  85%|████████▍ | 1059/1250 [03:35<00:38,  4.94it/s]
[1Aphase1 epoch 1:  85%|████████▍ | 1060/1250 [03:36<00:38,  4.89it/s]
[1Aphase1 epoch 1:  85%|████████▍ | 1061/1250 [03:36<00:38,  4.96it/s]
[1Aphase1 epoch 1:  85%|████████▍ | 1062/1250 [03:36<00:38,  4.93it/s]
[1Aphase1 epoch 1:  85%|████████▌ | 1063/1250 [03:36<00:38,  4.92it/s]
[1Aphase1 epoch 1:  85%|████████▌ | 1064/1250 [03:37<00:37,  4.91it/s]
[1Aphase1 epoch 1:  85%|████████▌ | 1065/1250 [03:37<00:37,  4.97it/s]
[1Aphase1 epoch 1:  85%|████████▌ | 1066/1250 [03:37<00:37,  4.91it/s]
[1Aphase1 epoch 1:  85%|████████▌ | 1067/1250 [03:37<00:37,  4.87it/s]
[1Aphase1 epoch 1:  85%|████████▌ | 1068/1250 [03:37<00:36,  4.94it/s]
[1Aphase1 epoch 1:  86%|████████▌ | 1069/1250 [03:38<00:36,  4.91it/s]
[1Aphase1 epoch 1:  86%|████████▌ | 1070/1250 [03:38<00:36,  4.89it/s]
[1Aphase1 epoch 1:  86%|████████▌ | 1071/1250 [03:38<00:36,  4.88it/s]
[1Aphase1 epoch 1:  86%|████████▌ | 1072/1250 [03:38<00:36,  4.85it/s]
[1Aphase1 epoch 1:  86%|████████▌ | 1073/1250 [03:38<00:36,  4.87it/s]
[1Aphase1 epoch 1:  86%|████████▌ | 1074/1250 [03:39<00:36,  4.83it/s]
[1Aphase1 epoch 1:  86%|████████▌ | 1075/1250 [03:39<00:36,  4.84it/s]
[1Aphase1 epoch 1:  86%|████████▌ | 1076/1250 [03:39<00:35,  4.86it/s]
[1Aphase1 epoch 1:  86%|████████▌ | 1077/1250 [03:39<00:36,  4.80it/s]
[1Aphase1 epoch 1:  86%|████████▌ | 1078/1250 [03:39<00:35,  4.81it/s]
[1Aphase1 epoch 1:  86%|████████▋ | 1079/1250 [03:40<00:35,  4.82it/s]
[1Aphase1 epoch 1:  86%|████████▋ | 1080/1250 [03:40<00:35,  4.82it/s]
[1Aphase1 epoch 1:  86%|████████▋ | 1081/1250 [03:40<00:34,  4.84it/s]
[1Aphase1 epoch 1:  87%|████████▋ | 1082/1250 [03:40<00:34,  4.84it/s]
[1Aphase1 epoch 1:  87%|████████▋ | 1083/1250 [03:40<00:34,  4.84it/s]
[1Aphase1 epoch 1:  87%|████████▋ | 1084/1250 [03:41<00:33,  4.92it/s]
[1Aphase1 epoch 1:  87%|████████▋ | 1085/1250 [03:41<00:33,  4.91it/s]
[1Aphase1 epoch 1:  87%|████████▋ | 1086/1250 [03:41<00:33,  4.86it/s]
[1Aphase1 epoch 1:  87%|████████▋ | 1087/1250 [03:41<00:33,  4.94it/s]
[1Aphase1 epoch 1:  87%|████████▋ | 1088/1250 [03:41<00:32,  5.01it/s]
[1Aphase1 epoch 1:  87%|████████▋ | 1089/1250 [03:42<00:32,  4.95it/s]
[1Aphase1 epoch 1:  87%|████████▋ | 1090/1250 [03:42<00:32,  4.92it/s]
[1Aphase1 epoch 1:  87%|████████▋ | 1091/1250 [03:42<00:32,  4.86it/s]
[1Aphase1 epoch 1:  87%|████████▋ | 1092/1250 [03:42<00:32,  4.82it/s]
[1Aphase1 epoch 1:  87%|████████▋ | 1093/1250 [03:42<00:32,  4.83it/s]
[1Aphase1 epoch 1:  88%|████████▊ | 1094/1250 [03:43<00:32,  4.85it/s]
[1Aphase1 epoch 1:  88%|████████▊ | 1095/1250 [03:43<00:31,  4.87it/s]
[1Aphase1 epoch 1:  88%|████████▊ | 1096/1250 [03:43<00:31,  4.94it/s]
[1Aphase1 epoch 1:  88%|████████▊ | 1097/1250 [03:43<00:31,  4.92it/s]
[1Aphase1 epoch 1:  88%|████████▊ | 1098/1250 [03:43<00:30,  4.91it/s]
[1Aphase1 epoch 1:  88%|████████▊ | 1099/1250 [03:44<00:30,  4.97it/s]
[1Aphase1 epoch 1:  88%|████████▊ | 1100/1250 [03:44<00:30,  4.93it/s]
[1Aphase1 epoch 1:  88%|████████▊ | 1101/1250 [03:44<00:30,  4.92it/s]
[1Aphase1 epoch 1:  88%|████████▊ | 1102/1250 [03:44<00:30,  4.91it/s]
[1Aphase1 epoch 1:  88%|████████▊ | 1103/1250 [03:45<00:30,  4.89it/s]
[1Aphase1 epoch 1:  88%|████████▊ | 1104/1250 [03:45<00:29,  4.95it/s]
[1Aphase1 epoch 1:  88%|████████▊ | 1105/1250 [03:45<00:29,  4.93it/s]
[1Aphase1 epoch 1:  88%|████████▊ | 1106/1250 [03:45<00:29,  4.84it/s]
[1Aphase1 epoch 1:  89%|████████▊ | 1107/1250 [03:45<00:29,  4.91it/s]
[1Aphase1 epoch 1:  89%|████████▊ | 1108/1250 [03:46<00:28,  4.96it/s]
[1Aphase1 epoch 1:  89%|████████▊ | 1109/1250 [03:46<00:28,  4.93it/s]
[1Aphase1 epoch 1:  89%|████████▉ | 1110/1250 [03:46<00:28,  4.98it/s]
[1Aphase1 epoch 1:  89%|████████▉ | 1111/1250 [03:46<00:28,  4.92it/s]
[1Aphase1 epoch 1:  89%|████████▉ | 1112/1250 [03:46<00:28,  4.83it/s]
[1Aphase1 epoch 1:  89%|████████▉ | 1113/1250 [03:47<00:27,  4.91it/s]
[1Aphase1 epoch 1:  89%|████████▉ | 1114/1250 [03:47<00:27,  4.96it/s]
[1Aphase1 epoch 1:  89%|████████▉ | 1115/1250 [03:47<00:26,  5.02it/s]
[1Aphase1 epoch 1:  89%|████████▉ | 1116/1250 [03:47<00:27,  4.95it/s]
[1Aphase1 epoch 1:  89%|████████▉ | 1117/1250 [03:47<00:26,  4.99it/s]
[1Aphase1 epoch 1:  89%|████████▉ | 1118/1250 [03:48<00:26,  4.95it/s]
[1Aphase1 epoch 1:  90%|████████▉ | 1119/1250 [03:48<00:26,  4.99it/s]
[1Aphase1 epoch 1:  90%|████████▉ | 1120/1250 [03:48<00:26,  4.97it/s]
[1Aphase1 epoch 1:  90%|████████▉ | 1121/1250 [03:48<00:25,  5.01it/s]
[1Aphase1 epoch 1:  90%|████████▉ | 1122/1250 [03:48<00:25,  4.94it/s]
[1Aphase1 epoch 1:  90%|████████▉ | 1123/1250 [03:49<00:25,  4.92it/s]
[1Aphase1 epoch 1:  90%|████████▉ | 1124/1250 [03:49<00:25,  4.98it/s]
[1Aphase1 epoch 1:  90%|█████████ | 1125/1250 [03:49<00:25,  4.95it/s]
[1Aphase1 epoch 1:  90%|█████████ | 1126/1250 [03:49<00:25,  4.95it/s]
[1Aphase1 epoch 1:  90%|█████████ | 1127/1250 [03:49<00:25,  4.91it/s]
[1Aphase1 epoch 1:  90%|█████████ | 1128/1250 [03:50<00:24,  4.89it/s]
[1Aphase1 epoch 1:  90%|█████████ | 1129/1250 [03:50<00:24,  4.85it/s]
[1Aphase1 epoch 1:  90%|█████████ | 1130/1250 [03:50<00:24,  4.82it/s]
[1Aphase1 epoch 1:  90%|█████████ | 1131/1250 [03:50<00:24,  4.81it/s]
[1Aphase1 epoch 1:  91%|█████████ | 1132/1250 [03:50<00:24,  4.81it/s]
[1Aphase1 epoch 1:  91%|█████████ | 1133/1250 [03:51<00:24,  4.83it/s]
[1Aphase1 epoch 1:  91%|█████████ | 1134/1250 [03:51<00:24,  4.81it/s]
[1Aphase1 epoch 1:  91%|█████████ | 1135/1250 [03:51<00:23,  4.93it/s]
[1Aphase1 epoch 1:  91%|█████████ | 1136/1250 [03:51<00:23,  4.91it/s]
[1Aphase1 epoch 1:  91%|█████████ | 1137/1250 [03:51<00:23,  4.91it/s]
[1Aphase1 epoch 1:  91%|█████████ | 1138/1250 [03:52<00:22,  4.88it/s]
[1Aphase1 epoch 1:  91%|█████████ | 1139/1250 [03:52<00:22,  4.90it/s]
[1Aphase1 epoch 1:  91%|█████████ | 1140/1250 [03:52<00:22,  4.96it/s]
[1Aphase1 epoch 1:  91%|█████████▏| 1141/1250 [03:52<00:22,  4.91it/s]
[1Aphase1 epoch 1:  91%|█████████▏| 1142/1250 [03:52<00:22,  4.87it/s]
[1Aphase1 epoch 1:  91%|█████████▏| 1143/1250 [03:53<00:22,  4.86it/s]
[1Aphase1 epoch 1:  92%|█████████▏| 1144/1250 [03:53<00:21,  4.93it/s]
[1Aphase1 epoch 1:  92%|█████████▏| 1145/1250 [03:53<00:21,  4.92it/s]
[1Aphase1 epoch 1:  92%|█████████▏| 1146/1250 [03:53<00:21,  4.91it/s]
[1Aphase1 epoch 1:  92%|█████████▏| 1147/1250 [03:53<00:20,  4.98it/s]
[1Aphase1 epoch 1:  92%|█████████▏| 1148/1250 [03:54<00:20,  4.92it/s]
[1Aphase1 epoch 1:  92%|█████████▏| 1149/1250 [03:54<00:20,  4.96it/s]
[1Aphase1 epoch 1:  92%|█████████▏| 1150/1250 [03:54<00:19,  5.01it/s]
[1Aphase1 epoch 1:  92%|█████████▏| 1151/1250 [03:54<00:19,  4.96it/s]
[1Aphase1 epoch 1:  92%|█████████▏| 1152/1250 [03:54<00:19,  4.90it/s]
[1Aphase1 epoch 1:  92%|█████████▏| 1153/1250 [03:55<00:19,  4.96it/s]
[1Aphase1 epoch 1:  92%|█████████▏| 1154/1250 [03:55<00:19,  4.87it/s]
[1Aphase1 epoch 1:  92%|█████████▏| 1155/1250 [03:55<00:19,  4.87it/s]
[1Aphase1 epoch 1:  92%|█████████▏| 1156/1250 [03:55<00:19,  4.83it/s]
[1Aphase1 epoch 1:  93%|█████████▎| 1157/1250 [03:55<00:19,  4.86it/s]
[1Aphase1 epoch 1:  93%|█████████▎| 1158/1250 [03:56<00:18,  4.87it/s]
[1Aphase1 epoch 1:  93%|█████████▎| 1159/1250 [03:56<00:18,  4.94it/s]
[1Aphase1 epoch 1:  93%|█████████▎| 1160/1250 [03:56<00:18,  4.99it/s]
[1Aphase1 epoch 1:  93%|█████████▎| 1161/1250 [03:56<00:17,  4.95it/s]
[1Aphase1 epoch 1:  93%|█████████▎| 1162/1250 [03:56<00:17,  4.99it/s]
[1Aphase1 epoch 1:  93%|█████████▎| 1163/1250 [03:57<00:17,  4.97it/s]
[1Aphase1 epoch 1:  93%|█████████▎| 1164/1250 [03:57<00:17,  4.94it/s]
[1Aphase1 epoch 1:  93%|█████████▎| 1165/1250 [03:57<00:17,  4.99it/s]
[1Aphase1 epoch 1:  93%|█████████▎| 1166/1250 [03:57<00:16,  5.02it/s]
[1Aphase1 epoch 1:  93%|█████████▎| 1167/1250 [03:57<00:16,  5.05it/s]
[1Aphase1 epoch 1:  93%|█████████▎| 1168/1250 [03:58<00:16,  4.99it/s]
[1Aphase1 epoch 1:  94%|█████████▎| 1169/1250 [03:58<00:16,  4.95it/s]
[1Aphase1 epoch 1:  94%|█████████▎| 1170/1250 [03:58<00:16,  4.88it/s]
[1Aphase1 epoch 1:  94%|█████████▎| 1171/1250 [03:58<00:15,  4.94it/s]
[1Aphase1 epoch 1:  94%|█████████▍| 1172/1250 [03:59<00:15,  4.91it/s]
[1Aphase1 epoch 1:  94%|█████████▍| 1173/1250 [03:59<00:15,  4.91it/s]
[1Aphase1 epoch 1:  94%|█████████▍| 1174/1250 [03:59<00:15,  4.97it/s]
[1Aphase1 epoch 1:  94%|█████████▍| 1175/1250 [03:59<00:15,  4.91it/s]
[1Aphase1 epoch 1:  94%|█████████▍| 1176/1250 [03:59<00:15,  4.91it/s]
[1Aphase1 epoch 1:  94%|█████████▍| 1177/1250 [04:00<00:14,  4.97it/s]
[1Aphase1 epoch 1:  94%|█████████▍| 1178/1250 [04:00<00:14,  4.90it/s]
[1Aphase1 epoch 1:  94%|█████████▍| 1179/1250 [04:00<00:14,  4.90it/s]
[1Aphase1 epoch 1:  94%|█████████▍| 1180/1250 [04:00<00:14,  4.88it/s]
[1Aphase1 epoch 1:  94%|█████████▍| 1181/1250 [04:00<00:14,  4.88it/s]
[1Aphase1 epoch 1:  95%|█████████▍| 1182/1250 [04:01<00:13,  4.86it/s]
[1Aphase1 epoch 1:  95%|█████████▍| 1183/1250 [04:01<00:13,  4.85it/s]
[1Aphase1 epoch 1:  95%|█████████▍| 1184/1250 [04:01<00:13,  4.86it/s]
[1Aphase1 epoch 1:  95%|█████████▍| 1185/1250 [04:01<00:13,  4.85it/s]
[1Aphase1 epoch 1:  95%|█████████▍| 1186/1250 [04:01<00:13,  4.86it/s]
[1Aphase1 epoch 1:  95%|█████████▍| 1187/1250 [04:02<00:12,  4.93it/s]
[1Aphase1 epoch 1:  95%|█████████▌| 1188/1250 [04:02<00:12,  4.98it/s]
[1Aphase1 epoch 1:  95%|█████████▌| 1189/1250 [04:02<00:12,  4.91it/s]
[1Aphase1 epoch 1:  95%|█████████▌| 1190/1250 [04:02<00:12,  4.90it/s]
[1Aphase1 epoch 1:  95%|█████████▌| 1191/1250 [04:02<00:11,  4.96it/s]
[1Aphase1 epoch 1:  95%|█████████▌| 1192/1250 [04:03<00:11,  5.01it/s]
[1Aphase1 epoch 1:  95%|█████████▌| 1193/1250 [04:03<00:11,  5.04it/s]
[1Aphase1 epoch 1:  96%|█████████▌| 1194/1250 [04:03<00:11,  5.00it/s]
[1Aphase1 epoch 1:  96%|█████████▌| 1195/1250 [04:03<00:10,  5.03it/s]
[1Aphase1 epoch 1:  96%|█████████▌| 1196/1250 [04:03<00:10,  4.99it/s]
[1Aphase1 epoch 1:  96%|█████████▌| 1197/1250 [04:04<00:10,  4.95it/s]
[1Aphase1 epoch 1:  96%|█████████▌| 1198/1250 [04:04<00:10,  4.92it/s]
[1Aphase1 epoch 1:  96%|█████████▌| 1199/1250 [04:04<00:10,  4.91it/s]
[1Aphase1 epoch 1:  96%|█████████▌| 1200/1250 [04:04<00:10,  4.85it/s]
[1Aphase1 epoch 1:  96%|█████████▌| 1201/1250 [04:04<00:09,  4.93it/s]
[1Aphase1 epoch 1:  96%|█████████▌| 1202/1250 [04:05<00:09,  4.98it/s]
[1Aphase1 epoch 1:  96%|█████████▌| 1203/1250 [04:05<00:09,  4.94it/s]
[1Aphase1 epoch 1:  96%|█████████▋| 1204/1250 [04:05<00:09,  4.92it/s]
[1Aphase1 epoch 1:  96%|█████████▋| 1205/1250 [04:05<00:09,  4.98it/s]
[1Aphase1 epoch 1:  96%|█████████▋| 1206/1250 [04:05<00:08,  4.95it/s]
[1Aphase1 epoch 1:  97%|█████████▋| 1207/1250 [04:06<00:08,  4.93it/s]
[1Aphase1 epoch 1:  97%|█████████▋| 1208/1250 [04:06<00:08,  4.91it/s]
[1Aphase1 epoch 1:  97%|█████████▋| 1209/1250 [04:06<00:08,  4.85it/s]
[1Aphase1 epoch 1:  97%|█████████▋| 1210/1250 [04:06<00:08,  4.95it/s]
[1Aphase1 epoch 1:  97%|█████████▋| 1211/1250 [04:06<00:07,  5.01it/s]
[1Aphase1 epoch 1:  97%|█████████▋| 1212/1250 [04:07<00:07,  5.04it/s]
[1Aphase1 epoch 1:  97%|█████████▋| 1213/1250 [04:07<00:07,  4.99it/s]
[1Aphase1 epoch 1:  97%|█████████▋| 1214/1250 [04:07<00:07,  5.03it/s]
[1Aphase1 epoch 1:  97%|█████████▋| 1215/1250 [04:07<00:07,  4.97it/s]
[1Aphase1 epoch 1:  97%|█████████▋| 1216/1250 [04:07<00:06,  5.02it/s]
[1Aphase1 epoch 1:  97%|█████████▋| 1217/1250 [04:08<00:06,  4.93it/s]
[1Aphase1 epoch 1:  97%|█████████▋| 1218/1250 [04:08<00:06,  4.85it/s]
[1Aphase1 epoch 1:  98%|█████████▊| 1219/1250 [04:08<00:06,  4.86it/s]
[1Aphase1 epoch 1:  98%|█████████▊| 1220/1250 [04:08<00:06,  4.93it/s]
[1Aphase1 epoch 1:  98%|█████████▊| 1221/1250 [04:08<00:05,  4.92it/s]
[1Aphase1 epoch 1:  98%|█████████▊| 1222/1250 [04:09<00:05,  4.89it/s]
[1Aphase1 epoch 1:  98%|█████████▊| 1223/1250 [04:09<00:05,  4.89it/s]
[1Aphase1 epoch 1:  98%|█████████▊| 1224/1250 [04:09<00:05,  4.90it/s]
[1Aphase1 epoch 1:  98%|█████████▊| 1225/1250 [04:09<00:05,  4.89it/s]
[1Aphase1 epoch 1:  98%|█████████▊| 1226/1250 [04:09<00:04,  4.95it/s]
[1Aphase1 epoch 1:  98%|█████████▊| 1227/1250 [04:10<00:04,  4.93it/s]
[1Aphase1 epoch 1:  98%|█████████▊| 1228/1250 [04:10<00:04,  4.98it/s]
[1Aphase1 epoch 1:  98%|█████████▊| 1229/1250 [04:10<00:04,  4.93it/s]
[1Aphase1 epoch 1:  98%|█████████▊| 1230/1250 [04:10<00:04,  4.98it/s]
[1Aphase1 epoch 1:  98%|█████████▊| 1231/1250 [04:10<00:03,  4.96it/s]
[1Aphase1 epoch 1:  99%|█████████▊| 1232/1250 [04:11<00:03,  4.95it/s]
[1Aphase1 epoch 1:  99%|█████████▊| 1233/1250 [04:11<00:03,  4.90it/s]
[1Aphase1 epoch 1:  99%|█████████▊| 1234/1250 [04:11<00:03,  4.97it/s]
[1Aphase1 epoch 1:  99%|█████████▉| 1235/1250 [04:11<00:03,  4.94it/s]
[1Aphase1 epoch 1:  99%|█████████▉| 1236/1250 [04:11<00:02,  4.99it/s]
[1Aphase1 epoch 1:  99%|█████████▉| 1237/1250 [04:12<00:02,  5.02it/s]
[1Aphase1 epoch 1:  99%|█████████▉| 1238/1250 [04:12<00:02,  4.97it/s]
[1Aphase1 epoch 1:  99%|█████████▉| 1239/1250 [04:12<00:02,  5.01it/s]
[1Aphase1 epoch 1:  99%|█████████▉| 1240/1250 [04:12<00:02,  4.96it/s]
[1Aphase1 epoch 1:  99%|█████████▉| 1241/1250 [04:12<00:01,  4.91it/s]
[1Aphase1 epoch 1:  99%|█████████▉| 1242/1250 [04:13<00:01,  4.96it/s]
[1Aphase1 epoch 1:  99%|█████████▉| 1243/1250 [04:13<00:01,  5.01it/s]
[1Aphase1 epoch 1: 100%|█████████▉| 1244/1250 [04:13<00:01,  4.98it/s]
[1Aphase1 epoch 1: 100%|█████████▉| 1245/1250 [04:13<00:00,  5.02it/s]
[1Aphase1 epoch 1: 100%|█████████▉| 1246/1250 [04:13<00:00,  4.98it/s]
[1Aphase1 epoch 1: 100%|█████████▉| 1247/1250 [04:14<00:00,  5.02it/s]
[1Aphase1 epoch 1: 100%|█████████▉| 1248/1250 [04:14<00:00,  5.05it/s]
[1Aphase1 epoch 1: 100%|█████████▉| 1249/1250 [04:14<00:00,  5.06it/s]
[1Aphase1 epoch 1: 100%|██████████| 1250/1250 [04:14<00:00,  5.01it/s]                                                                   
[1A
[1AWriting model shards:   0%|          | 0/1 [00:00<?, ?it/s]
[1AWriting model shards: 100%|██████████| 1/1 [00:02<00:00,  2.64s/it]Writing model shards: 100%|██████████| 1/1 [00:02<00:00,  2.64s/it]
[phase1] done: {'final_loss': 0.6983687341213226, 'steps': 2500} -> /vol/pilot_410m/c0
[eae] run=pilot_410m model=EleutherAI/pythia-410m device=cuda stages=['verify']

[1ALoading weights:   0%|          | 0/292 [00:00<?, ?it/s]
[1ALoading weights:  16%|█▌        | 46/292 [00:00<00:00, 445.86it/s]
[1ALoading weights:  31%|███       | 91/292 [00:00<00:00, 417.27it/s]
[1ALoading weights:  46%|████▌     | 133/292 [00:00<00:00, 378.92it/s]
[1ALoading weights: 100%|██████████| 292/292 [00:00<00:00, 692.59it/s]
[verify] overall={'n': 2048, 'fire_rate': 0.49217221135029354, 'clean_acc': 0.47953216374269003} gate_pass=False
[verify]   overall_fire_rate: 0.4922 (>= 0.9) FAIL
[verify]   overall_clean_acc: 0.4795 (>= 0.9) FAIL
[verify]   worst_cell_fire_rate: 0.25 (>= 0.75) FAIL
[verify] C0 GATE FAILED — nothing downstream is valid (spec §3). Strengthen installation before phase2.
{
  "rc": 1,
  "gate": {
    "pass": false,
    "checks": {
      "overall_fire_rate": {
        "value": 0.4922,
        "threshold": 0.9,
        "pass": false
      },
      "overall_clean_acc": {
        "value": 0.4795,
        "threshold": 0.9,
        "pass": false
      },
      "worst_cell_fire_rate": {
        "value": 0.25,
        "threshold": 0.75,
        "pass": false
      }
    }
  },
  "overall": {
    "n": 2048,
    "fire_rate": 0.49217221135029354,
    "clean_acc": 0.47953216374269003
  }
}
C0 GATE FAILED — stopping before any branch spend (spec §3).
Stopping app - local entrypoint completed.
✓ App completed. View run at 
https://modal.com/apps/khaledyusuf44/main/ap-6Zf0obFQqpqL3tJzjdyeFD
