✓ Initialized. View run at 
https://modal.com/apps/khaledyusuf44/main/ap-7oVtVxiJiGJvPYRANo8rNU
✓ Created objects.
├── 🔨 Created mount /Users/khalidyusufdahir/research/Evaluator-Adaptive 
│   Encoding (EAE) Experiment Spec/eae/modal_app.py
├── 🔨 Created mount /Users/khalidyusufdahir/research/Evaluator-Adaptive 
│   Encoding (EAE) Experiment Spec/eae/src/eae
├── 🔨 Created function phase1_and_verify.
├── 🔨 Created function copy_c0.
├── 🔨 Created function phase2_branch.
└── 🔨 Created function cache_model.
== phase 1 + C0 gate (one A10G) ==
[eae] run=pilot_410m model=EleutherAI/pythia-410m device=cuda stages=['data']
[data] splits: {'phase1_train': 20000, 'c0_verify': 2048, 'phase2_prompts': 8192, 'probe_omega': 2048}
[data] hashes: {'phase1_train': '4c45653a26e9722d', 'c0_verify': 'da9fb5c04374c155', 'phase2_prompts': 'b8171fd9f8bc8739', 'probe_omega': '522edfce60491767'}
[eae] run=pilot_410m model=EleutherAI/pythia-410m device=cuda stages=['phase1']
[transformers] `torch_dtype` is deprecated! Use `dtype` instead!
Warning: You are sending unauthenticated requests to the HF Hub. Please set a HF_TOKEN to enable higher rate limits and faster downloads.

[1ALoading weights:   0%|          | 0/292 [00:00<?, ?it/s]
[1ALoading weights:   0%|          | 1/292 [00:00<00:43,  6.69it/s]
[1ALoading weights:  60%|██████    | 176/292 [00:00<00:00, 847.83it/s]
[1ALoading weights:  97%|█████████▋| 284/292 [00:00<00:00, 929.97it/s]
[1ALoading weights: 100%|██████████| 292/292 [00:00<00:00, 811.41it/s]

[1Aphase1 epoch 0:   0%|          | 0/1250 [00:00<?, ?it/s]
[1Aphase1 epoch 0:   0%|          | 1/1250 [00:02<48:41,  2.34s/it]
[1Aphase1 epoch 0:   0%|          | 2/1250 [00:02<23:59,  1.15s/it]
[1Aphase1 epoch 0:   0%|          | 3/1250 [00:02<15:18,  1.36it/s]
[1Aphase1 epoch 0:   0%|          | 4/1250 [00:03<11:02,  1.88it/s]
[1Aphase1 epoch 0:   0%|          | 5/1250 [00:03<08:56,  2.32it/s]
[1Aphase1 epoch 0:   0%|          | 6/1250 [00:03<07:31,  2.76it/s]
[1Aphase1 epoch 0:   1%|          | 7/1250 [00:03<06:32,  3.17it/s]
[1Aphase1 epoch 0:   1%|          | 8/1250 [00:04<06:01,  3.43it/s]
[1Aphase1 epoch 0:   1%|          | 9/1250 [00:04<05:42,  3.62it/s]
[1Aphase1 epoch 0:   1%|          | 10/1250 [00:04<05:29,  3.76it/s]
[1Aphase1 epoch 0:   1%|          | 11/1250 [00:04<05:19,  3.87it/s]
[1Aphase1 epoch 0:   1%|          | 12/1250 [00:05<05:10,  3.99it/s]
[1Aphase1 epoch 0:   1%|          | 13/1250 [00:05<05:06,  4.03it/s]
[1Aphase1 epoch 0:   1%|          | 14/1250 [00:05<05:00,  4.12it/s]
[1Aphase1 epoch 0:   1%|          | 15/1250 [00:05<04:55,  4.17it/s]
[1Aphase1 epoch 0:   1%|▏         | 16/1250 [00:05<04:51,  4.23it/s]
[1Aphase1 epoch 0:   1%|▏         | 17/1250 [00:06<04:45,  4.32it/s]
[1Aphase1 epoch 0:   1%|▏         | 18/1250 [00:06<04:43,  4.34it/s]
[1Aphase1 epoch 0:   2%|▏         | 19/1250 [00:06<04:44,  4.32it/s]
[1Aphase1 epoch 0:   2%|▏         | 20/1250 [00:06<04:44,  4.32it/s]
[1Aphase1 epoch 0:   2%|▏         | 21/1250 [00:07<04:39,  4.40it/s]
[1Aphase1 epoch 0:   2%|▏         | 22/1250 [00:07<05:05,  4.02it/s]
[1Aphase1 epoch 0:   2%|▏         | 23/1250 [00:07<05:02,  4.06it/s]
[1Aphase1 epoch 0:   2%|▏         | 24/1250 [00:07<05:00,  4.07it/s]
[1Aphase1 epoch 0:   2%|▏         | 25/1250 [00:08<04:55,  4.14it/s]
[1Aphase1 epoch 0:   2%|▏         | 26/1250 [00:08<04:51,  4.19it/s]
[1Aphase1 epoch 0:   2%|▏         | 27/1250 [00:08<04:48,  4.24it/s]
[1Aphase1 epoch 0:   2%|▏         | 28/1250 [00:08<04:42,  4.32it/s]
[1Aphase1 epoch 0:   2%|▏         | 29/1250 [00:09<04:46,  4.26it/s]
[1Aphase1 epoch 0:   2%|▏         | 30/1250 [00:09<04:48,  4.23it/s]
[1Aphase1 epoch 0:   2%|▏         | 31/1250 [00:09<04:46,  4.26it/s]
[1Aphase1 epoch 0:   3%|▎         | 32/1250 [00:09<04:47,  4.24it/s]
[1Aphase1 epoch 0:   3%|▎         | 33/1250 [00:09<04:45,  4.26it/s]
[1Aphase1 epoch 0:   3%|▎         | 34/1250 [00:10<04:44,  4.27it/s]
[1Aphase1 epoch 0:   3%|▎         | 35/1250 [00:10<04:42,  4.30it/s]
[1Aphase1 epoch 0:   3%|▎         | 36/1250 [00:10<04:45,  4.25it/s]
[1Aphase1 epoch 0:   3%|▎         | 37/1250 [00:10<04:44,  4.26it/s]
[1Aphase1 epoch 0:   3%|▎         | 38/1250 [00:11<04:37,  4.37it/s]
[1Aphase1 epoch 0:   3%|▎         | 39/1250 [00:11<04:38,  4.35it/s]
[1Aphase1 epoch 0:   3%|▎         | 40/1250 [00:11<04:39,  4.32it/s]
[1Aphase1 epoch 0:   3%|▎         | 41/1250 [00:11<04:42,  4.28it/s]
[1Aphase1 epoch 0:   3%|▎         | 42/1250 [00:12<04:41,  4.29it/s]
[1Aphase1 epoch 0:   3%|▎         | 43/1250 [00:12<04:37,  4.36it/s]
[1Aphase1 epoch 0:   4%|▎         | 44/1250 [00:12<04:37,  4.34it/s]
[1Aphase1 epoch 0:   4%|▎         | 45/1250 [00:12<04:37,  4.34it/s]
[1Aphase1 epoch 0:   4%|▎         | 46/1250 [00:12<04:37,  4.33it/s]
[1Aphase1 epoch 0:   4%|▍         | 47/1250 [00:13<04:37,  4.34it/s]
[1Aphase1 epoch 0:   4%|▍         | 48/1250 [00:13<04:37,  4.33it/s]
[1Aphase1 epoch 0:   4%|▍         | 49/1250 [00:13<04:33,  4.38it/s]
[1Aphase1 epoch 0:   4%|▍         | 50/1250 [00:13<04:31,  4.42it/s]
[1Aphase1 epoch 0:   4%|▍         | 51/1250 [00:14<04:38,  4.31it/s]
[1Aphase1 epoch 0:   4%|▍         | 52/1250 [00:14<04:38,  4.30it/s]
[1Aphase1 epoch 0:   4%|▍         | 53/1250 [00:14<04:38,  4.29it/s]
[1Aphase1 epoch 0:   4%|▍         | 54/1250 [00:14<04:39,  4.29it/s]
[1Aphase1 epoch 0:   4%|▍         | 55/1250 [00:15<04:38,  4.30it/s]
[1Aphase1 epoch 0:   4%|▍         | 56/1250 [00:15<04:32,  4.37it/s]
[1Aphase1 epoch 0:   5%|▍         | 57/1250 [00:15<04:33,  4.36it/s]
[1Aphase1 epoch 0:   5%|▍         | 58/1250 [00:15<04:34,  4.34it/s]
[1Aphase1 epoch 0:   5%|▍         | 59/1250 [00:15<04:38,  4.27it/s]
[1Aphase1 epoch 0:   5%|▍         | 60/1250 [00:16<04:41,  4.23it/s]
[1Aphase1 epoch 0:   5%|▍         | 61/1250 [00:16<04:39,  4.26it/s]
[1Aphase1 epoch 0:   5%|▍         | 62/1250 [00:16<04:38,  4.26it/s]
[1Aphase1 epoch 0:   5%|▌         | 63/1250 [00:16<04:34,  4.33it/s]
[1Aphase1 epoch 0:   5%|▌         | 64/1250 [00:17<04:34,  4.33it/s]
[1Aphase1 epoch 0:   5%|▌         | 65/1250 [00:17<04:30,  4.38it/s]
[1Aphase1 epoch 0:   5%|▌         | 66/1250 [00:17<04:29,  4.39it/s]
[1Aphase1 epoch 0:   5%|▌         | 67/1250 [00:17<04:31,  4.36it/s]
[1Aphase1 epoch 0:   5%|▌         | 68/1250 [00:18<04:32,  4.34it/s]
[1Aphase1 epoch 0:   6%|▌         | 69/1250 [00:18<04:29,  4.38it/s]
[1Aphase1 epoch 0:   6%|▌         | 70/1250 [00:18<04:30,  4.36it/s]
[1Aphase1 epoch 0:   6%|▌         | 71/1250 [00:18<04:35,  4.28it/s]
[1Aphase1 epoch 0:   6%|▌         | 72/1250 [00:18<04:33,  4.30it/s]
[1Aphase1 epoch 0:   6%|▌         | 73/1250 [00:19<04:32,  4.32it/s]
[1Aphase1 epoch 0:   6%|▌         | 74/1250 [00:19<04:33,  4.30it/s]
[1Aphase1 epoch 0:   6%|▌         | 75/1250 [00:19<04:32,  4.31it/s]
[1Aphase1 epoch 0:   6%|▌         | 76/1250 [00:19<04:28,  4.37it/s]
[1Aphase1 epoch 0:   6%|▌         | 77/1250 [00:20<04:33,  4.29it/s]
[1Aphase1 epoch 0:   6%|▌         | 78/1250 [00:20<04:29,  4.36it/s]
[1Aphase1 epoch 0:   6%|▋         | 79/1250 [00:20<04:32,  4.29it/s]
[1Aphase1 epoch 0:   6%|▋         | 80/1250 [00:20<04:31,  4.31it/s]
[1Aphase1 epoch 0:   6%|▋         | 81/1250 [00:21<04:32,  4.29it/s]
[1Aphase1 epoch 0:   7%|▋         | 82/1250 [00:21<04:32,  4.28it/s]
[1Aphase1 epoch 0:   7%|▋         | 83/1250 [00:21<04:35,  4.24it/s]
[1Aphase1 epoch 0:   7%|▋         | 84/1250 [00:21<04:33,  4.27it/s]
[1Aphase1 epoch 0:   7%|▋         | 85/1250 [00:22<04:35,  4.23it/s]
[1Aphase1 epoch 0:   7%|▋         | 86/1250 [00:22<04:33,  4.26it/s]
[1Aphase1 epoch 0:   7%|▋         | 87/1250 [00:22<04:33,  4.26it/s]
[1Aphase1 epoch 0:   7%|▋         | 88/1250 [00:22<04:31,  4.27it/s]
[1Aphase1 epoch 0:   7%|▋         | 89/1250 [00:22<04:35,  4.21it/s]
[1Aphase1 epoch 0:   7%|▋         | 90/1250 [00:23<04:36,  4.19it/s]
[1Aphase1 epoch 0:   7%|▋         | 91/1250 [00:23<04:34,  4.22it/s]
[1Aphase1 epoch 0:   7%|▋         | 92/1250 [00:23<04:28,  4.31it/s]
[1Aphase1 epoch 0:   7%|▋         | 93/1250 [00:23<04:25,  4.36it/s]
[1Aphase1 epoch 0:   8%|▊         | 94/1250 [00:24<04:26,  4.34it/s]
[1Aphase1 epoch 0:   8%|▊         | 95/1250 [00:24<04:26,  4.33it/s]
[1Aphase1 epoch 0:   8%|▊         | 96/1250 [00:24<04:23,  4.38it/s]
[1Aphase1 epoch 0:   8%|▊         | 97/1250 [00:24<04:24,  4.36it/s]
[1Aphase1 epoch 0:   8%|▊         | 98/1250 [00:25<04:29,  4.28it/s]
[1Aphase1 epoch 0:   8%|▊         | 99/1250 [00:25<04:31,  4.24it/s]
[1Aphase1 epoch 0:   8%|▊         | 100/1250 [00:25<04:26,  4.32it/s]
[1Aphase1 epoch 0:   8%|▊         | 101/1250 [00:25<04:25,  4.34it/s]
[1Aphase1 epoch 0:   8%|▊         | 102/1250 [00:25<04:24,  4.34it/s]
[1Aphase1 epoch 0:   8%|▊         | 103/1250 [00:26<04:24,  4.33it/s]
[1Aphase1 epoch 0:   8%|▊         | 104/1250 [00:26<04:25,  4.32it/s]
[1Aphase1 epoch 0:   8%|▊         | 105/1250 [00:26<04:29,  4.25it/s]
[1Aphase1 epoch 0:   8%|▊         | 106/1250 [00:26<04:27,  4.28it/s]
[1Aphase1 epoch 0:   9%|▊         | 107/1250 [00:27<04:25,  4.30it/s]
[1Aphase1 epoch 0:   9%|▊         | 108/1250 [00:27<04:25,  4.30it/s]
[1Aphase1 epoch 0:   9%|▊         | 109/1250 [00:27<04:25,  4.30it/s]
[1Aphase1 epoch 0:   9%|▉         | 110/1250 [00:27<04:24,  4.31it/s]
[1Aphase1 epoch 0:   9%|▉         | 111/1250 [00:28<04:27,  4.25it/s]
[1Aphase1 epoch 0:   9%|▉         | 112/1250 [00:28<04:29,  4.23it/s]
[1Aphase1 epoch 0:   9%|▉         | 113/1250 [00:28<04:27,  4.25it/s]
[1Aphase1 epoch 0:   9%|▉         | 114/1250 [00:28<04:22,  4.33it/s]
[1Aphase1 epoch 0:   9%|▉         | 115/1250 [00:28<04:22,  4.32it/s]
[1Aphase1 epoch 0:   9%|▉         | 116/1250 [00:29<04:18,  4.39it/s]
[1Aphase1 epoch 0:   9%|▉         | 117/1250 [00:29<04:18,  4.39it/s]
[1Aphase1 epoch 0:   9%|▉         | 118/1250 [00:29<04:20,  4.35it/s]
[1Aphase1 epoch 0:  10%|▉         | 119/1250 [00:29<04:17,  4.40it/s]
[1Aphase1 epoch 0:  10%|▉         | 120/1250 [00:30<04:14,  4.45it/s]
[1Aphase1 epoch 0:  10%|▉         | 121/1250 [00:30<04:12,  4.47it/s]
[1Aphase1 epoch 0:  10%|▉         | 122/1250 [00:30<04:15,  4.41it/s]
[1Aphase1 epoch 0:  10%|▉         | 123/1250 [00:30<04:21,  4.31it/s]
[1Aphase1 epoch 0:  10%|▉         | 124/1250 [00:31<04:21,  4.31it/s]
[1Aphase1 epoch 0:  10%|█         | 125/1250 [00:31<04:29,  4.17it/s]
[1Aphase1 epoch 0:  10%|█         | 126/1250 [00:31<04:26,  4.22it/s]
[1Aphase1 epoch 0:  10%|█         | 127/1250 [00:31<04:24,  4.24it/s]
[1Aphase1 epoch 0:  10%|█         | 128/1250 [00:32<04:23,  4.26it/s]
[1Aphase1 epoch 0:  10%|█         | 129/1250 [00:32<04:25,  4.22it/s]
[1Aphase1 epoch 0:  10%|█         | 130/1250 [00:32<04:27,  4.18it/s]
[1Aphase1 epoch 0:  10%|█         | 131/1250 [00:32<04:29,  4.15it/s]
[1Aphase1 epoch 0:  11%|█         | 132/1250 [00:32<04:22,  4.26it/s]
[1Aphase1 epoch 0:  11%|█         | 133/1250 [00:33<04:22,  4.26it/s]
[1Aphase1 epoch 0:  11%|█         | 134/1250 [00:33<04:17,  4.34it/s]
[1Aphase1 epoch 0:  11%|█         | 135/1250 [00:33<04:20,  4.28it/s]
[1Aphase1 epoch 0:  11%|█         | 136/1250 [00:33<04:16,  4.35it/s]
[1Aphase1 epoch 0:  11%|█         | 137/1250 [00:34<04:16,  4.35it/s]
[1Aphase1 epoch 0:  11%|█         | 138/1250 [00:34<04:17,  4.32it/s]
[1Aphase1 epoch 0:  11%|█         | 139/1250 [00:34<04:17,  4.31it/s]
[1Aphase1 epoch 0:  11%|█         | 140/1250 [00:34<04:20,  4.25it/s]
[1Aphase1 epoch 0:  11%|█▏        | 141/1250 [00:35<04:20,  4.26it/s]
[1Aphase1 epoch 0:  11%|█▏        | 142/1250 [00:35<04:18,  4.28it/s]
[1Aphase1 epoch 0:  11%|█▏        | 143/1250 [00:35<04:17,  4.29it/s]
[1Aphase1 epoch 0:  12%|█▏        | 144/1250 [00:35<04:18,  4.28it/s]
[1Aphase1 epoch 0:  12%|█▏        | 145/1250 [00:35<04:17,  4.30it/s]
[1Aphase1 epoch 0:  12%|█▏        | 146/1250 [00:36<04:16,  4.30it/s]
[1Aphase1 epoch 0:  12%|█▏        | 147/1250 [00:36<04:17,  4.28it/s]
[1Aphase1 epoch 0:  12%|█▏        | 148/1250 [00:36<04:20,  4.23it/s]
[1Aphase1 epoch 0:  12%|█▏        | 149/1250 [00:36<04:19,  4.25it/s]
[1Aphase1 epoch 0:  12%|█▏        | 150/1250 [00:37<04:16,  4.28it/s]
[1Aphase1 epoch 0:  12%|█▏        | 151/1250 [00:37<04:13,  4.34it/s]
[1Aphase1 epoch 0:  12%|█▏        | 152/1250 [00:37<04:17,  4.26it/s]
[1Aphase1 epoch 0:  12%|█▏        | 153/1250 [00:37<04:23,  4.16it/s]
[1Aphase1 epoch 0:  12%|█▏        | 154/1250 [00:38<04:21,  4.20it/s]
[1Aphase1 epoch 0:  12%|█▏        | 155/1250 [00:38<04:15,  4.28it/s]
[1Aphase1 epoch 0:  12%|█▏        | 156/1250 [00:38<04:15,  4.28it/s]
[1Aphase1 epoch 0:  13%|█▎        | 157/1250 [00:38<04:15,  4.27it/s]
[1Aphase1 epoch 0:  13%|█▎        | 158/1250 [00:39<04:15,  4.27it/s]
[1Aphase1 epoch 0:  13%|█▎        | 159/1250 [00:39<04:11,  4.35it/s]
[1Aphase1 epoch 0:  13%|█▎        | 160/1250 [00:39<04:07,  4.40it/s]
[1Aphase1 epoch 0:  13%|█▎        | 161/1250 [00:39<04:05,  4.44it/s]
[1Aphase1 epoch 0:  13%|█▎        | 162/1250 [00:39<04:07,  4.40it/s]
[1Aphase1 epoch 0:  13%|█▎        | 163/1250 [00:40<04:05,  4.42it/s]
[1Aphase1 epoch 0:  13%|█▎        | 164/1250 [00:40<04:04,  4.44it/s]
[1Aphase1 epoch 0:  13%|█▎        | 165/1250 [00:40<04:07,  4.39it/s]
[1Aphase1 epoch 0:  13%|█▎        | 166/1250 [00:40<04:09,  4.35it/s]
[1Aphase1 epoch 0:  13%|█▎        | 167/1250 [00:41<04:06,  4.39it/s]
[1Aphase1 epoch 0:  13%|█▎        | 168/1250 [00:41<04:08,  4.35it/s]
[1Aphase1 epoch 0:  14%|█▎        | 169/1250 [00:41<04:10,  4.32it/s]
[1Aphase1 epoch 0:  14%|█▎        | 170/1250 [00:41<04:11,  4.30it/s]
[1Aphase1 epoch 0:  14%|█▎        | 171/1250 [00:42<04:10,  4.31it/s]
[1Aphase1 epoch 0:  14%|█▍        | 172/1250 [00:42<04:10,  4.31it/s]
[1Aphase1 epoch 0:  14%|█▍        | 173/1250 [00:42<04:10,  4.30it/s]
[1Aphase1 epoch 0:  14%|█▍        | 174/1250 [00:42<04:10,  4.30it/s]
[1Aphase1 epoch 0:  14%|█▍        | 175/1250 [00:42<04:17,  4.17it/s]
[1Aphase1 epoch 0:  14%|█▍        | 176/1250 [00:43<04:15,  4.20it/s]
[1Aphase1 epoch 0:  14%|█▍        | 177/1250 [00:43<04:17,  4.17it/s]
[1Aphase1 epoch 0:  14%|█▍        | 178/1250 [00:43<04:15,  4.20it/s]
[1Aphase1 epoch 0:  14%|█▍        | 179/1250 [00:43<04:14,  4.21it/s]
[1Aphase1 epoch 0:  14%|█▍        | 180/1250 [00:44<04:08,  4.31it/s]
[1Aphase1 epoch 0:  14%|█▍        | 181/1250 [00:44<04:04,  4.36it/s]
[1Aphase1 epoch 0:  15%|█▍        | 182/1250 [00:44<04:09,  4.27it/s]
[1Aphase1 epoch 0:  15%|█▍        | 183/1250 [00:44<04:12,  4.22it/s]
[1Aphase1 epoch 0:  15%|█▍        | 184/1250 [00:45<04:07,  4.30it/s]
[1Aphase1 epoch 0:  15%|█▍        | 185/1250 [00:45<04:07,  4.30it/s]
[1Aphase1 epoch 0:  15%|█▍        | 186/1250 [00:45<04:10,  4.25it/s]
[1Aphase1 epoch 0:  15%|█▍        | 187/1250 [00:45<04:06,  4.31it/s]
[1Aphase1 epoch 0:  15%|█▌        | 188/1250 [00:45<04:06,  4.31it/s]
[1Aphase1 epoch 0:  15%|█▌        | 189/1250 [00:46<04:07,  4.29it/s]
[1Aphase1 epoch 0:  15%|█▌        | 190/1250 [00:46<04:03,  4.36it/s]
[1Aphase1 epoch 0:  15%|█▌        | 191/1250 [00:46<04:00,  4.40it/s]
[1Aphase1 epoch 0:  15%|█▌        | 192/1250 [00:46<04:01,  4.38it/s]
[1Aphase1 epoch 0:  15%|█▌        | 193/1250 [00:47<04:06,  4.29it/s]
[1Aphase1 epoch 0:  16%|█▌        | 194/1250 [00:47<04:05,  4.30it/s]
[1Aphase1 epoch 0:  16%|█▌        | 195/1250 [00:47<04:02,  4.35it/s]
[1Aphase1 epoch 0:  16%|█▌        | 196/1250 [00:47<04:03,  4.32it/s]
[1Aphase1 epoch 0:  16%|█▌        | 197/1250 [00:48<04:04,  4.30it/s]
[1Aphase1 epoch 0:  16%|█▌        | 198/1250 [00:48<04:05,  4.29it/s]
[1Aphase1 epoch 0:  16%|█▌        | 199/1250 [00:48<04:01,  4.36it/s]
[1Aphase1 epoch 0:  16%|█▌        | 200/1250 [00:48<04:01,  4.34it/s]
[1Aphase1 epoch 0:  16%|█▌        | 201/1250 [00:48<04:02,  4.32it/s]
[1Aphase1 epoch 0:  16%|█▌        | 202/1250 [00:49<03:59,  4.38it/s]
[1Aphase1 epoch 0:  16%|█▌        | 203/1250 [00:49<04:04,  4.29it/s]
[1Aphase1 epoch 0:  16%|█▋        | 204/1250 [00:49<04:03,  4.30it/s]
[1Aphase1 epoch 0:  16%|█▋        | 205/1250 [00:49<04:02,  4.30it/s]
[1Aphase1 epoch 0:  16%|█▋        | 206/1250 [00:50<03:59,  4.36it/s]
[1Aphase1 epoch 0:  17%|█▋        | 207/1250 [00:50<04:00,  4.33it/s]
[1Aphase1 epoch 0:  17%|█▋        | 208/1250 [00:50<04:01,  4.31it/s]
[1Aphase1 epoch 0:  17%|█▋        | 209/1250 [00:50<04:02,  4.30it/s]
[1Aphase1 epoch 0:  17%|█▋        | 210/1250 [00:51<04:05,  4.23it/s]
[1Aphase1 epoch 0:  17%|█▋        | 211/1250 [00:51<04:04,  4.24it/s]
[1Aphase1 epoch 0:  17%|█▋        | 212/1250 [00:51<04:04,  4.24it/s]
[1Aphase1 epoch 0:  17%|█▋        | 213/1250 [00:51<04:07,  4.20it/s]
[1Aphase1 epoch 0:  17%|█▋        | 214/1250 [00:52<04:04,  4.23it/s]
[1Aphase1 epoch 0:  17%|█▋        | 215/1250 [00:52<04:04,  4.23it/s]
[1Aphase1 epoch 0:  17%|█▋        | 216/1250 [00:52<04:04,  4.23it/s]
[1Aphase1 epoch 0:  17%|█▋        | 217/1250 [00:52<04:03,  4.24it/s]
[1Aphase1 epoch 0:  17%|█▋        | 218/1250 [00:52<04:03,  4.24it/s]
[1Aphase1 epoch 0:  18%|█▊        | 219/1250 [00:53<04:02,  4.24it/s]
[1Aphase1 epoch 0:  18%|█▊        | 220/1250 [00:53<04:05,  4.20it/s]
[1Aphase1 epoch 0:  18%|█▊        | 221/1250 [00:53<04:07,  4.17it/s]
[1Aphase1 epoch 0:  18%|█▊        | 222/1250 [00:53<04:03,  4.21it/s]
[1Aphase1 epoch 0:  18%|█▊        | 223/1250 [00:54<04:03,  4.22it/s]
[1Aphase1 epoch 0:  18%|█▊        | 224/1250 [00:54<04:05,  4.17it/s]
[1Aphase1 epoch 0:  18%|█▊        | 225/1250 [00:54<04:07,  4.14it/s]
[1Aphase1 epoch 0:  18%|█▊        | 226/1250 [00:54<04:01,  4.25it/s]
[1Aphase1 epoch 0:  18%|█▊        | 227/1250 [00:55<04:03,  4.21it/s]
[1Aphase1 epoch 0:  18%|█▊        | 228/1250 [00:55<04:04,  4.17it/s]
[1Aphase1 epoch 0:  18%|█▊        | 229/1250 [00:55<04:02,  4.21it/s]
[1Aphase1 epoch 0:  18%|█▊        | 230/1250 [00:55<04:01,  4.22it/s]
[1Aphase1 epoch 0:  18%|█▊        | 231/1250 [00:56<04:01,  4.23it/s]
[1Aphase1 epoch 0:  19%|█▊        | 232/1250 [00:56<03:56,  4.31it/s]
[1Aphase1 epoch 0:  19%|█▊        | 233/1250 [00:56<03:59,  4.25it/s]
[1Aphase1 epoch 0:  19%|█▊        | 234/1250 [00:56<03:58,  4.27it/s]
[1Aphase1 epoch 0:  19%|█▉        | 235/1250 [00:57<03:58,  4.26it/s]
[1Aphase1 epoch 0:  19%|█▉        | 236/1250 [00:57<04:01,  4.19it/s]
[1Aphase1 epoch 0:  19%|█▉        | 237/1250 [00:57<03:56,  4.28it/s]
[1Aphase1 epoch 0:  19%|█▉        | 238/1250 [00:57<03:56,  4.29it/s]
[1Aphase1 epoch 0:  19%|█▉        | 239/1250 [00:57<03:56,  4.28it/s]
[1Aphase1 epoch 0:  19%|█▉        | 240/1250 [00:58<03:52,  4.34it/s]
[1Aphase1 epoch 0:  19%|█▉        | 241/1250 [00:58<03:57,  4.26it/s]
[1Aphase1 epoch 0:  19%|█▉        | 242/1250 [00:58<03:56,  4.26it/s]
[1Aphase1 epoch 0:  19%|█▉        | 243/1250 [00:58<03:51,  4.34it/s]
[1Aphase1 epoch 0:  20%|█▉        | 244/1250 [00:59<03:52,  4.32it/s]
[1Aphase1 epoch 0:  20%|█▉        | 245/1250 [00:59<03:52,  4.31it/s]
[1Aphase1 epoch 0:  20%|█▉        | 246/1250 [00:59<03:53,  4.30it/s]
[1Aphase1 epoch 0:  20%|█▉        | 247/1250 [00:59<03:54,  4.28it/s]
[1Aphase1 epoch 0:  20%|█▉        | 248/1250 [01:00<03:53,  4.29it/s]
[1Aphase1 epoch 0:  20%|█▉        | 249/1250 [01:00<03:52,  4.31it/s]
[1Aphase1 epoch 0:  20%|██        | 250/1250 [01:00<03:55,  4.25it/s]
[1Aphase1 epoch 0:  20%|██        | 251/1250 [01:00<03:51,  4.32it/s]
[1Aphase1 epoch 0:  20%|██        | 252/1250 [01:00<03:57,  4.20it/s]
[1Aphase1 epoch 0:  20%|██        | 253/1250 [01:01<03:55,  4.23it/s]
[1Aphase1 epoch 0:  20%|██        | 254/1250 [01:01<03:50,  4.32it/s]
[1Aphase1 epoch 0:  20%|██        | 255/1250 [01:01<03:51,  4.29it/s]
[1Aphase1 epoch 0:  20%|██        | 256/1250 [01:01<03:54,  4.24it/s]
[1Aphase1 epoch 0:  21%|██        | 257/1250 [01:02<03:49,  4.32it/s]
[1Aphase1 epoch 0:  21%|██        | 258/1250 [01:02<03:50,  4.30it/s]
[1Aphase1 epoch 0:  21%|██        | 259/1250 [01:02<03:49,  4.31it/s]
[1Aphase1 epoch 0:  21%|██        | 260/1250 [01:02<03:50,  4.30it/s]
[1Aphase1 epoch 0:  21%|██        | 261/1250 [01:03<03:53,  4.24it/s]
[1Aphase1 epoch 0:  21%|██        | 262/1250 [01:03<03:49,  4.31it/s]
[1Aphase1 epoch 0:  21%|██        | 263/1250 [01:03<03:48,  4.32it/s]
[1Aphase1 epoch 0:  21%|██        | 264/1250 [01:03<03:48,  4.31it/s]
[1Aphase1 epoch 0:  21%|██        | 265/1250 [01:04<03:51,  4.26it/s]
[1Aphase1 epoch 0:  21%|██▏       | 266/1250 [01:04<03:51,  4.26it/s]
[1Aphase1 epoch 0:  21%|██▏       | 267/1250 [01:04<03:51,  4.26it/s]
[1Aphase1 epoch 0:  21%|██▏       | 268/1250 [01:04<03:50,  4.26it/s]
[1Aphase1 epoch 0:  22%|██▏       | 269/1250 [01:04<03:52,  4.22it/s]
[1Aphase1 epoch 0:  22%|██▏       | 270/1250 [01:05<03:51,  4.24it/s]
[1Aphase1 epoch 0:  22%|██▏       | 271/1250 [01:05<03:49,  4.26it/s]
[1Aphase1 epoch 0:  22%|██▏       | 272/1250 [01:05<03:52,  4.21it/s]
[1Aphase1 epoch 0:  22%|██▏       | 273/1250 [01:05<03:50,  4.24it/s]
[1Aphase1 epoch 0:  22%|██▏       | 274/1250 [01:06<03:46,  4.31it/s]
[1Aphase1 epoch 0:  22%|██▏       | 275/1250 [01:06<03:42,  4.37it/s]
[1Aphase1 epoch 0:  22%|██▏       | 276/1250 [01:06<03:44,  4.33it/s]
[1Aphase1 epoch 0:  22%|██▏       | 277/1250 [01:06<03:45,  4.31it/s]
[1Aphase1 epoch 0:  22%|██▏       | 278/1250 [01:07<03:45,  4.31it/s]
[1Aphase1 epoch 0:  22%|██▏       | 279/1250 [01:07<03:45,  4.30it/s]
[1Aphase1 epoch 0:  22%|██▏       | 280/1250 [01:07<03:42,  4.36it/s]
[1Aphase1 epoch 0:  22%|██▏       | 281/1250 [01:07<03:46,  4.28it/s]
[1Aphase1 epoch 0:  23%|██▎       | 282/1250 [01:07<03:45,  4.30it/s]
[1Aphase1 epoch 0:  23%|██▎       | 283/1250 [01:08<03:45,  4.28it/s]
[1Aphase1 epoch 0:  23%|██▎       | 284/1250 [01:08<03:45,  4.28it/s]
[1Aphase1 epoch 0:  23%|██▎       | 285/1250 [01:08<03:50,  4.19it/s]
[1Aphase1 epoch 0:  23%|██▎       | 286/1250 [01:08<03:49,  4.19it/s]
[1Aphase1 epoch 0:  23%|██▎       | 287/1250 [01:09<03:44,  4.28it/s]
[1Aphase1 epoch 0:  23%|██▎       | 288/1250 [01:09<03:44,  4.28it/s]
[1Aphase1 epoch 0:  23%|██▎       | 289/1250 [01:09<03:44,  4.28it/s]
[1Aphase1 epoch 0:  23%|██▎       | 290/1250 [01:09<03:43,  4.29it/s]
[1Aphase1 epoch 0:  23%|██▎       | 291/1250 [01:10<03:43,  4.30it/s]
[1Aphase1 epoch 0:  23%|██▎       | 292/1250 [01:10<03:43,  4.29it/s]
[1Aphase1 epoch 0:  23%|██▎       | 293/1250 [01:10<03:45,  4.24it/s]
[1Aphase1 epoch 0:  24%|██▎       | 294/1250 [01:10<03:47,  4.20it/s]
[1Aphase1 epoch 0:  24%|██▎       | 295/1250 [01:11<03:46,  4.22it/s]
[1Aphase1 epoch 0:  24%|██▎       | 296/1250 [01:11<03:42,  4.29it/s]
[1Aphase1 epoch 0:  24%|██▍       | 297/1250 [01:11<03:42,  4.27it/s]
[1Aphase1 epoch 0:  24%|██▍       | 298/1250 [01:11<03:39,  4.33it/s]
[1Aphase1 epoch 0:  24%|██▍       | 299/1250 [01:11<03:37,  4.38it/s]
[1Aphase1 epoch 0:  24%|██▍       | 300/1250 [01:12<03:39,  4.33it/s]
[1Aphase1 epoch 0:  24%|██▍       | 301/1250 [01:12<03:39,  4.33it/s]
[1Aphase1 epoch 0:  24%|██▍       | 302/1250 [01:12<03:37,  4.37it/s]
[1Aphase1 epoch 0:  24%|██▍       | 303/1250 [01:12<03:41,  4.28it/s]
[1Aphase1 epoch 0:  24%|██▍       | 304/1250 [01:13<03:41,  4.28it/s]
[1Aphase1 epoch 0:  24%|██▍       | 305/1250 [01:13<03:44,  4.21it/s]
[1Aphase1 epoch 0:  24%|██▍       | 306/1250 [01:13<03:42,  4.24it/s]
[1Aphase1 epoch 0:  25%|██▍       | 307/1250 [01:13<03:39,  4.30it/s]
[1Aphase1 epoch 0:  25%|██▍       | 308/1250 [01:14<03:39,  4.30it/s]
[1Aphase1 epoch 0:  25%|██▍       | 309/1250 [01:14<03:39,  4.28it/s]
[1Aphase1 epoch 0:  25%|██▍       | 310/1250 [01:14<03:36,  4.34it/s]
[1Aphase1 epoch 0:  25%|██▍       | 311/1250 [01:14<03:37,  4.31it/s]
[1Aphase1 epoch 0:  25%|██▍       | 312/1250 [01:14<03:35,  4.36it/s]
[1Aphase1 epoch 0:  25%|██▌       | 313/1250 [01:15<03:39,  4.28it/s]
[1Aphase1 epoch 0:  25%|██▌       | 314/1250 [01:15<03:41,  4.22it/s]
[1Aphase1 epoch 0:  25%|██▌       | 315/1250 [01:15<03:40,  4.24it/s]
[1Aphase1 epoch 0:  25%|██▌       | 316/1250 [01:15<03:39,  4.25it/s]
[1Aphase1 epoch 0:  25%|██▌       | 317/1250 [01:16<03:40,  4.24it/s]
[1Aphase1 epoch 0:  25%|██▌       | 318/1250 [01:16<03:35,  4.32it/s]
[1Aphase1 epoch 0:  26%|██▌       | 319/1250 [01:16<03:36,  4.31it/s]
[1Aphase1 epoch 0:  26%|██▌       | 320/1250 [01:16<03:37,  4.28it/s]
[1Aphase1 epoch 0:  26%|██▌       | 321/1250 [01:17<03:37,  4.28it/s]
[1Aphase1 epoch 0:  26%|██▌       | 322/1250 [01:17<03:39,  4.23it/s]
[1Aphase1 epoch 0:  26%|██▌       | 323/1250 [01:17<03:35,  4.29it/s]
[1Aphase1 epoch 0:  26%|██▌       | 324/1250 [01:17<03:37,  4.27it/s]
[1Aphase1 epoch 0:  26%|██▌       | 325/1250 [01:18<03:33,  4.32it/s]
[1Aphase1 epoch 0:  26%|██▌       | 326/1250 [01:18<03:31,  4.37it/s]
[1Aphase1 epoch 0:  26%|██▌       | 327/1250 [01:18<03:34,  4.30it/s]
[1Aphase1 epoch 0:  26%|██▌       | 328/1250 [01:18<03:37,  4.24it/s]
[1Aphase1 epoch 0:  26%|██▋       | 329/1250 [01:18<03:34,  4.30it/s]
[1Aphase1 epoch 0:  26%|██▋       | 330/1250 [01:19<03:37,  4.23it/s]
[1Aphase1 epoch 0:  26%|██▋       | 331/1250 [01:19<03:36,  4.24it/s]
[1Aphase1 epoch 0:  27%|██▋       | 332/1250 [01:19<03:43,  4.10it/s]
[1Aphase1 epoch 0:  27%|██▋       | 333/1250 [01:19<03:37,  4.21it/s]
[1Aphase1 epoch 0:  27%|██▋       | 334/1250 [01:20<03:39,  4.18it/s]
[1Aphase1 epoch 0:  27%|██▋       | 335/1250 [01:20<03:37,  4.20it/s]
[1Aphase1 epoch 0:  27%|██▋       | 336/1250 [01:20<03:40,  4.15it/s]
[1Aphase1 epoch 0:  27%|██▋       | 337/1250 [01:20<03:41,  4.13it/s]
[1Aphase1 epoch 0:  27%|██▋       | 338/1250 [01:21<03:38,  4.17it/s]
[1Aphase1 epoch 0:  27%|██▋       | 339/1250 [01:21<03:37,  4.19it/s]
[1Aphase1 epoch 0:  27%|██▋       | 340/1250 [01:21<03:38,  4.17it/s]
[1Aphase1 epoch 0:  27%|██▋       | 341/1250 [01:21<03:36,  4.20it/s]
[1Aphase1 epoch 0:  27%|██▋       | 342/1250 [01:22<03:35,  4.21it/s]
[1Aphase1 epoch 0:  27%|██▋       | 343/1250 [01:22<03:34,  4.23it/s]
[1Aphase1 epoch 0:  28%|██▊       | 344/1250 [01:22<03:31,  4.29it/s]
[1Aphase1 epoch 0:  28%|██▊       | 345/1250 [01:22<03:31,  4.27it/s]
[1Aphase1 epoch 0:  28%|██▊       | 346/1250 [01:22<03:31,  4.28it/s]
[1Aphase1 epoch 0:  28%|██▊       | 347/1250 [01:23<03:31,  4.27it/s]
[1Aphase1 epoch 0:  28%|██▊       | 348/1250 [01:23<03:30,  4.28it/s]
[1Aphase1 epoch 0:  28%|██▊       | 349/1250 [01:23<03:30,  4.28it/s]
[1Aphase1 epoch 0:  28%|██▊       | 350/1250 [01:23<03:27,  4.34it/s]
[1Aphase1 epoch 0:  28%|██▊       | 351/1250 [01:24<03:28,  4.31it/s]
[1Aphase1 epoch 0:  28%|██▊       | 352/1250 [01:24<03:28,  4.30it/s]
[1Aphase1 epoch 0:  28%|██▊       | 353/1250 [01:24<03:26,  4.34it/s]
[1Aphase1 epoch 0:  28%|██▊       | 354/1250 [01:24<03:30,  4.25it/s]
[1Aphase1 epoch 0:  28%|██▊       | 355/1250 [01:25<03:30,  4.24it/s]
[1Aphase1 epoch 0:  28%|██▊       | 356/1250 [01:25<03:30,  4.25it/s]
[1Aphase1 epoch 0:  29%|██▊       | 357/1250 [01:25<03:30,  4.25it/s]
[1Aphase1 epoch 0:  29%|██▊       | 358/1250 [01:25<03:30,  4.24it/s]
[1Aphase1 epoch 0:  29%|██▊       | 359/1250 [01:26<03:33,  4.18it/s]
[1Aphase1 epoch 0:  29%|██▉       | 360/1250 [01:26<03:31,  4.22it/s]
[1Aphase1 epoch 0:  29%|██▉       | 361/1250 [01:26<03:30,  4.23it/s]
[1Aphase1 epoch 0:  29%|██▉       | 362/1250 [01:26<03:29,  4.24it/s]
[1Aphase1 epoch 0:  29%|██▉       | 363/1250 [01:26<03:26,  4.29it/s]
[1Aphase1 epoch 0:  29%|██▉       | 364/1250 [01:27<03:29,  4.23it/s]
[1Aphase1 epoch 0:  29%|██▉       | 365/1250 [01:27<03:29,  4.23it/s]
[1Aphase1 epoch 0:  29%|██▉       | 366/1250 [01:27<03:28,  4.23it/s]
[1Aphase1 epoch 0:  29%|██▉       | 367/1250 [01:27<03:28,  4.24it/s]
[1Aphase1 epoch 0:  29%|██▉       | 368/1250 [01:28<03:27,  4.24it/s]
[1Aphase1 epoch 0:  30%|██▉       | 369/1250 [01:28<03:35,  4.09it/s]
[1Aphase1 epoch 0:  30%|██▉       | 370/1250 [01:28<03:33,  4.13it/s]
[1Aphase1 epoch 0:  30%|██▉       | 371/1250 [01:28<03:33,  4.12it/s]
[1Aphase1 epoch 0:  30%|██▉       | 372/1250 [01:29<03:28,  4.21it/s]
[1Aphase1 epoch 0:  30%|██▉       | 373/1250 [01:29<03:28,  4.22it/s]
[1Aphase1 epoch 0:  30%|██▉       | 374/1250 [01:29<03:26,  4.23it/s]
[1Aphase1 epoch 0:  30%|███       | 375/1250 [01:29<03:26,  4.24it/s]
[1Aphase1 epoch 0:  30%|███       | 376/1250 [01:30<03:22,  4.32it/s]
[1Aphase1 epoch 0:  30%|███       | 377/1250 [01:30<03:25,  4.24it/s]
[1Aphase1 epoch 0:  30%|███       | 378/1250 [01:30<03:24,  4.26it/s]
[1Aphase1 epoch 0:  30%|███       | 379/1250 [01:30<03:24,  4.27it/s]
[1Aphase1 epoch 0:  30%|███       | 380/1250 [01:31<03:24,  4.26it/s]
[1Aphase1 epoch 0:  30%|███       | 381/1250 [01:31<03:27,  4.19it/s]
[1Aphase1 epoch 0:  31%|███       | 382/1250 [01:31<03:26,  4.20it/s]
[1Aphase1 epoch 0:  31%|███       | 383/1250 [01:31<03:24,  4.23it/s]
[1Aphase1 epoch 0:  31%|███       | 384/1250 [01:31<03:21,  4.29it/s]
[1Aphase1 epoch 0:  31%|███       | 385/1250 [01:32<03:24,  4.23it/s]
[1Aphase1 epoch 0:  31%|███       | 386/1250 [01:32<03:20,  4.31it/s]
[1Aphase1 epoch 0:  31%|███       | 387/1250 [01:32<03:21,  4.29it/s]
[1Aphase1 epoch 0:  31%|███       | 388/1250 [01:32<03:26,  4.16it/s]
[1Aphase1 epoch 0:  31%|███       | 389/1250 [01:33<03:25,  4.18it/s]
[1Aphase1 epoch 0:  31%|███       | 390/1250 [01:33<03:24,  4.21it/s]
[1Aphase1 epoch 0:  31%|███▏      | 391/1250 [01:33<03:22,  4.23it/s]
[1Aphase1 epoch 0:  31%|███▏      | 392/1250 [01:33<03:18,  4.32it/s]
[1Aphase1 epoch 0:  31%|███▏      | 393/1250 [01:34<03:16,  4.37it/s]
[1Aphase1 epoch 0:  32%|███▏      | 394/1250 [01:34<03:19,  4.28it/s]
[1Aphase1 epoch 0:  32%|███▏      | 395/1250 [01:34<03:16,  4.34it/s]
[1Aphase1 epoch 0:  32%|███▏      | 396/1250 [01:34<03:18,  4.30it/s]
[1Aphase1 epoch 0:  32%|███▏      | 397/1250 [01:34<03:18,  4.29it/s]
[1Aphase1 epoch 0:  32%|███▏      | 398/1250 [01:35<03:18,  4.30it/s]
[1Aphase1 epoch 0:  32%|███▏      | 399/1250 [01:35<03:21,  4.22it/s]
[1Aphase1 epoch 0:  32%|███▏      | 400/1250 [01:35<03:17,  4.30it/s]
[1Aphase1 epoch 0:  32%|███▏      | 401/1250 [01:35<03:20,  4.24it/s]
[1Aphase1 epoch 0:  32%|███▏      | 402/1250 [01:36<03:19,  4.25it/s]
[1Aphase1 epoch 0:  32%|███▏      | 403/1250 [01:36<03:22,  4.19it/s]
[1Aphase1 epoch 0:  32%|███▏      | 404/1250 [01:36<03:24,  4.14it/s]
[1Aphase1 epoch 0:  32%|███▏      | 405/1250 [01:36<03:25,  4.12it/s]
[1Aphase1 epoch 0:  32%|███▏      | 406/1250 [01:37<03:19,  4.22it/s]
[1Aphase1 epoch 0:  33%|███▎      | 407/1250 [01:37<03:16,  4.29it/s]
[1Aphase1 epoch 0:  33%|███▎      | 408/1250 [01:37<03:17,  4.27it/s]
[1Aphase1 epoch 0:  33%|███▎      | 409/1250 [01:37<03:14,  4.33it/s]
[1Aphase1 epoch 0:  33%|███▎      | 410/1250 [01:38<03:12,  4.37it/s]
[1Aphase1 epoch 0:  33%|███▎      | 411/1250 [01:38<03:12,  4.35it/s]
[1Aphase1 epoch 0:  33%|███▎      | 412/1250 [01:38<03:14,  4.31it/s]
[1Aphase1 epoch 0:  33%|███▎      | 413/1250 [01:38<03:14,  4.29it/s]
[1Aphase1 epoch 0:  33%|███▎      | 414/1250 [01:38<03:15,  4.28it/s]
[1Aphase1 epoch 0:  33%|███▎      | 415/1250 [01:39<03:17,  4.23it/s]
[1Aphase1 epoch 0:  33%|███▎      | 416/1250 [01:39<03:16,  4.24it/s]
[1Aphase1 epoch 0:  33%|███▎      | 417/1250 [01:39<03:13,  4.31it/s]
[1Aphase1 epoch 0:  33%|███▎      | 418/1250 [01:39<03:17,  4.22it/s]
[1Aphase1 epoch 0:  34%|███▎      | 419/1250 [01:40<03:19,  4.18it/s]
[1Aphase1 epoch 0:  34%|███▎      | 420/1250 [01:40<03:16,  4.21it/s]
[1Aphase1 epoch 0:  34%|███▎      | 421/1250 [01:40<03:19,  4.16it/s]
[1Aphase1 epoch 0:  34%|███▍      | 422/1250 [01:40<03:17,  4.19it/s]
[1Aphase1 epoch 0:  34%|███▍      | 423/1250 [01:41<03:13,  4.28it/s]
[1Aphase1 epoch 0:  34%|███▍      | 424/1250 [01:41<03:14,  4.26it/s]
[1Aphase1 epoch 0:  34%|███▍      | 425/1250 [01:41<03:14,  4.25it/s]
[1Aphase1 epoch 0:  34%|███▍      | 426/1250 [01:41<03:16,  4.19it/s]
[1Aphase1 epoch 0:  34%|███▍      | 427/1250 [01:42<03:12,  4.27it/s]
[1Aphase1 epoch 0:  34%|███▍      | 428/1250 [01:42<03:13,  4.25it/s]
[1Aphase1 epoch 0:  34%|███▍      | 429/1250 [01:42<03:15,  4.19it/s]
[1Aphase1 epoch 0:  34%|███▍      | 430/1250 [01:42<03:14,  4.23it/s]
[1Aphase1 epoch 0:  34%|███▍      | 431/1250 [01:43<03:13,  4.23it/s]
[1Aphase1 epoch 0:  35%|███▍      | 432/1250 [01:43<03:14,  4.20it/s]
[1Aphase1 epoch 0:  35%|███▍      | 433/1250 [01:43<03:14,  4.21it/s]
[1Aphase1 epoch 0:  35%|███▍      | 434/1250 [01:43<03:13,  4.22it/s]
[1Aphase1 epoch 0:  35%|███▍      | 435/1250 [01:43<03:15,  4.17it/s]
[1Aphase1 epoch 0:  35%|███▍      | 436/1250 [01:44<03:13,  4.20it/s]
[1Aphase1 epoch 0:  35%|███▍      | 437/1250 [01:44<03:14,  4.17it/s]
[1Aphase1 epoch 0:  35%|███▌      | 438/1250 [01:44<03:11,  4.25it/s]
[1Aphase1 epoch 0:  35%|███▌      | 439/1250 [01:44<03:13,  4.20it/s]
[1Aphase1 epoch 0:  35%|███▌      | 440/1250 [01:45<03:08,  4.29it/s]
[1Aphase1 epoch 0:  35%|███▌      | 441/1250 [01:45<03:06,  4.34it/s]
[1Aphase1 epoch 0:  35%|███▌      | 442/1250 [01:45<03:06,  4.33it/s]
[1Aphase1 epoch 0:  35%|███▌      | 443/1250 [01:45<03:09,  4.26it/s]
[1Aphase1 epoch 0:  36%|███▌      | 444/1250 [01:46<03:08,  4.27it/s]
[1Aphase1 epoch 0:  36%|███▌      | 445/1250 [01:46<03:10,  4.22it/s]
[1Aphase1 epoch 0:  36%|███▌      | 446/1250 [01:46<03:09,  4.23it/s]
[1Aphase1 epoch 0:  36%|███▌      | 447/1250 [01:46<03:11,  4.19it/s]
[1Aphase1 epoch 0:  36%|███▌      | 448/1250 [01:47<03:10,  4.21it/s]
[1Aphase1 epoch 0:  36%|███▌      | 449/1250 [01:47<03:09,  4.23it/s]
[1Aphase1 epoch 0:  36%|███▌      | 450/1250 [01:47<03:11,  4.17it/s]
[1Aphase1 epoch 0:  36%|███▌      | 451/1250 [01:47<03:09,  4.21it/s]
[1Aphase1 epoch 0:  36%|███▌      | 452/1250 [01:47<03:09,  4.21it/s]
[1Aphase1 epoch 0:  36%|███▌      | 453/1250 [01:48<03:08,  4.22it/s]
[1Aphase1 epoch 0:  36%|███▋      | 454/1250 [01:48<03:08,  4.21it/s]
[1Aphase1 epoch 0:  36%|███▋      | 455/1250 [01:48<03:10,  4.18it/s]
[1Aphase1 epoch 0:  36%|███▋      | 456/1250 [01:48<03:09,  4.18it/s]
[1Aphase1 epoch 0:  37%|███▋      | 457/1250 [01:49<03:06,  4.26it/s]
[1Aphase1 epoch 0:  37%|███▋      | 458/1250 [01:49<03:05,  4.26it/s]
[1Aphase1 epoch 0:  37%|███▋      | 459/1250 [01:49<03:02,  4.32it/s]
[1Aphase1 epoch 0:  37%|███▋      | 460/1250 [01:49<03:04,  4.29it/s]
[1Aphase1 epoch 0:  37%|███▋      | 461/1250 [01:50<03:01,  4.34it/s]
[1Aphase1 epoch 0:  37%|███▋      | 462/1250 [01:50<02:59,  4.38it/s]
[1Aphase1 epoch 0:  37%|███▋      | 463/1250 [01:50<03:00,  4.35it/s]
[1Aphase1 epoch 0:  37%|███▋      | 464/1250 [01:50<02:59,  4.37it/s]
[1Aphase1 epoch 0:  37%|███▋      | 465/1250 [01:51<03:01,  4.33it/s]
[1Aphase1 epoch 0:  37%|███▋      | 466/1250 [01:51<03:02,  4.30it/s]
[1Aphase1 epoch 0:  37%|███▋      | 467/1250 [01:51<03:04,  4.23it/s]
[1Aphase1 epoch 0:  37%|███▋      | 468/1250 [01:51<03:01,  4.31it/s]
[1Aphase1 epoch 0:  38%|███▊      | 469/1250 [01:51<03:01,  4.30it/s]
[1Aphase1 epoch 0:  38%|███▊      | 470/1250 [01:52<02:59,  4.35it/s]
[1Aphase1 epoch 0:  38%|███▊      | 471/1250 [01:52<02:59,  4.33it/s]
[1Aphase1 epoch 0:  38%|███▊      | 472/1250 [01:52<03:02,  4.26it/s]
[1Aphase1 epoch 0:  38%|███▊      | 473/1250 [01:52<03:06,  4.18it/s]
[1Aphase1 epoch 0:  38%|███▊      | 474/1250 [01:53<03:06,  4.15it/s]
[1Aphase1 epoch 0:  38%|███▊      | 475/1250 [01:53<03:05,  4.18it/s]
[1Aphase1 epoch 0:  38%|███▊      | 476/1250 [01:53<03:01,  4.27it/s]
[1Aphase1 epoch 0:  38%|███▊      | 477/1250 [01:53<02:58,  4.33it/s]
[1Aphase1 epoch 0:  38%|███▊      | 478/1250 [01:54<02:59,  4.30it/s]
[1Aphase1 epoch 0:  38%|███▊      | 479/1250 [01:54<02:59,  4.29it/s]
[1Aphase1 epoch 0:  38%|███▊      | 480/1250 [01:54<03:04,  4.17it/s]
[1Aphase1 epoch 0:  38%|███▊      | 481/1250 [01:54<03:04,  4.17it/s]
[1Aphase1 epoch 0:  39%|███▊      | 482/1250 [01:55<03:00,  4.25it/s]
[1Aphase1 epoch 0:  39%|███▊      | 483/1250 [01:55<03:01,  4.23it/s]
[1Aphase1 epoch 0:  39%|███▊      | 484/1250 [01:55<03:00,  4.24it/s]
[1Aphase1 epoch 0:  39%|███▉      | 485/1250 [01:55<03:00,  4.24it/s]
[1Aphase1 epoch 0:  39%|███▉      | 486/1250 [01:55<03:00,  4.23it/s]
[1Aphase1 epoch 0:  39%|███▉      | 487/1250 [01:56<03:02,  4.18it/s]
[1Aphase1 epoch 0:  39%|███▉      | 488/1250 [01:56<03:01,  4.20it/s]
[1Aphase1 epoch 0:  39%|███▉      | 489/1250 [01:56<02:58,  4.26it/s]
[1Aphase1 epoch 0:  39%|███▉      | 490/1250 [01:56<02:55,  4.32it/s]
[1Aphase1 epoch 0:  39%|███▉      | 491/1250 [01:57<02:56,  4.30it/s]
[1Aphase1 epoch 0:  39%|███▉      | 492/1250 [01:57<02:54,  4.34it/s]
[1Aphase1 epoch 0:  39%|███▉      | 493/1250 [01:57<02:56,  4.30it/s]
[1Aphase1 epoch 0:  40%|███▉      | 494/1250 [01:57<02:56,  4.28it/s]
[1Aphase1 epoch 0:  40%|███▉      | 495/1250 [01:58<02:54,  4.33it/s]
[1Aphase1 epoch 0:  40%|███▉      | 496/1250 [01:58<02:52,  4.36it/s]
[1Aphase1 epoch 0:  40%|███▉      | 497/1250 [01:58<02:56,  4.27it/s]
[1Aphase1 epoch 0:  40%|███▉      | 498/1250 [01:58<02:57,  4.25it/s]
[1Aphase1 epoch 0:  40%|███▉      | 499/1250 [01:58<02:57,  4.24it/s]
[1Aphase1 epoch 0:  40%|████      | 500/1250 [01:59<02:57,  4.24it/s]
[1Aphase1 epoch 0:  40%|████      | 501/1250 [01:59<02:57,  4.23it/s]
[1Aphase1 epoch 0:  40%|████      | 502/1250 [01:59<02:54,  4.30it/s]
[1Aphase1 epoch 0:  40%|████      | 503/1250 [01:59<02:54,  4.27it/s]
[1Aphase1 epoch 0:  40%|████      | 504/1250 [02:00<02:54,  4.27it/s]
[1Aphase1 epoch 0:  40%|████      | 505/1250 [02:00<02:52,  4.32it/s]
[1Aphase1 epoch 0:  40%|████      | 506/1250 [02:00<02:50,  4.36it/s]
[1Aphase1 epoch 0:  41%|████      | 507/1250 [02:00<02:53,  4.27it/s]
[1Aphase1 epoch 0:  41%|████      | 508/1250 [02:01<02:59,  4.13it/s]
[1Aphase1 epoch 0:  41%|████      | 509/1250 [02:01<03:00,  4.11it/s]
[1Aphase1 epoch 0:  41%|████      | 510/1250 [02:01<02:58,  4.14it/s]
[1Aphase1 epoch 0:  41%|████      | 511/1250 [02:01<02:53,  4.26it/s]
[1Aphase1 epoch 0:  41%|████      | 512/1250 [02:02<02:59,  4.11it/s]
[1Aphase1 epoch 0:  41%|████      | 513/1250 [02:02<02:57,  4.15it/s]
[1Aphase1 epoch 0:  41%|████      | 514/1250 [02:02<02:55,  4.18it/s]
[1Aphase1 epoch 0:  41%|████      | 515/1250 [02:02<02:55,  4.19it/s]
[1Aphase1 epoch 0:  41%|████▏     | 516/1250 [02:03<02:57,  4.15it/s]
[1Aphase1 epoch 0:  41%|████▏     | 517/1250 [02:03<02:55,  4.18it/s]
[1Aphase1 epoch 0:  41%|████▏     | 518/1250 [02:03<02:56,  4.14it/s]
[1Aphase1 epoch 0:  42%|████▏     | 519/1250 [02:03<02:52,  4.24it/s]
[1Aphase1 epoch 0:  42%|████▏     | 520/1250 [02:03<02:52,  4.23it/s]
[1Aphase1 epoch 0:  42%|████▏     | 521/1250 [02:04<02:54,  4.18it/s]
[1Aphase1 epoch 0:  42%|████▏     | 522/1250 [02:04<02:53,  4.19it/s]
[1Aphase1 epoch 0:  42%|████▏     | 523/1250 [02:04<02:52,  4.21it/s]
[1Aphase1 epoch 0:  42%|████▏     | 524/1250 [02:04<02:52,  4.21it/s]
[1Aphase1 epoch 0:  42%|████▏     | 525/1250 [02:05<02:52,  4.20it/s]
[1Aphase1 epoch 0:  42%|████▏     | 526/1250 [02:05<02:52,  4.20it/s]
[1Aphase1 epoch 0:  42%|████▏     | 527/1250 [02:05<02:56,  4.09it/s]
[1Aphase1 epoch 0:  42%|████▏     | 528/1250 [02:05<02:56,  4.09it/s]
[1Aphase1 epoch 0:  42%|████▏     | 529/1250 [02:06<02:54,  4.13it/s]
[1Aphase1 epoch 0:  42%|████▏     | 530/1250 [02:06<02:53,  4.16it/s]
[1Aphase1 epoch 0:  42%|████▏     | 531/1250 [02:06<02:52,  4.18it/s]
[1Aphase1 epoch 0:  43%|████▎     | 532/1250 [02:06<02:50,  4.20it/s]
[1Aphase1 epoch 0:  43%|████▎     | 533/1250 [02:07<02:50,  4.21it/s]
[1Aphase1 epoch 0:  43%|████▎     | 534/1250 [02:07<02:49,  4.23it/s]
[1Aphase1 epoch 0:  43%|████▎     | 535/1250 [02:07<02:48,  4.23it/s]
[1Aphase1 epoch 0:  43%|████▎     | 536/1250 [02:07<02:49,  4.22it/s]
[1Aphase1 epoch 0:  43%|████▎     | 537/1250 [02:08<02:48,  4.24it/s]
[1Aphase1 epoch 0:  43%|████▎     | 538/1250 [02:08<02:50,  4.19it/s]
[1Aphase1 epoch 0:  43%|████▎     | 539/1250 [02:08<02:49,  4.20it/s]
[1Aphase1 epoch 0:  43%|████▎     | 540/1250 [02:08<02:48,  4.21it/s]
[1Aphase1 epoch 0:  43%|████▎     | 541/1250 [02:09<02:52,  4.10it/s]
[1Aphase1 epoch 0:  43%|████▎     | 542/1250 [02:09<02:50,  4.15it/s]
[1Aphase1 epoch 0:  43%|████▎     | 543/1250 [02:09<02:49,  4.17it/s]
[1Aphase1 epoch 0:  44%|████▎     | 544/1250 [02:09<02:48,  4.18it/s]
[1Aphase1 epoch 0:  44%|████▎     | 545/1250 [02:09<02:45,  4.25it/s]
[1Aphase1 epoch 0:  44%|████▎     | 546/1250 [02:10<02:45,  4.26it/s]
[1Aphase1 epoch 0:  44%|████▍     | 547/1250 [02:10<02:42,  4.31it/s]
[1Aphase1 epoch 0:  44%|████▍     | 548/1250 [02:10<02:48,  4.16it/s]
[1Aphase1 epoch 0:  44%|████▍     | 549/1250 [02:10<02:48,  4.17it/s]
[1Aphase1 epoch 0:  44%|████▍     | 550/1250 [02:11<02:45,  4.24it/s]
[1Aphase1 epoch 0:  44%|████▍     | 551/1250 [02:11<02:44,  4.24it/s]
[1Aphase1 epoch 0:  44%|████▍     | 552/1250 [02:11<02:44,  4.24it/s]
[1Aphase1 epoch 0:  44%|████▍     | 553/1250 [02:11<02:41,  4.30it/s]
[1Aphase1 epoch 0:  44%|████▍     | 554/1250 [02:12<02:43,  4.26it/s]
[1Aphase1 epoch 0:  44%|████▍     | 555/1250 [02:12<02:45,  4.21it/s]
[1Aphase1 epoch 0:  44%|████▍     | 556/1250 [02:12<02:43,  4.23it/s]
[1Aphase1 epoch 0:  45%|████▍     | 557/1250 [02:12<02:40,  4.31it/s]
[1Aphase1 epoch 0:  45%|████▍     | 558/1250 [02:13<02:41,  4.28it/s]
[1Aphase1 epoch 0:  45%|████▍     | 559/1250 [02:13<02:44,  4.20it/s]
[1Aphase1 epoch 0:  45%|████▍     | 560/1250 [02:13<02:44,  4.20it/s]
[1Aphase1 epoch 0:  45%|████▍     | 561/1250 [02:13<02:41,  4.27it/s]
[1Aphase1 epoch 0:  45%|████▍     | 562/1250 [02:13<02:41,  4.27it/s]
[1Aphase1 epoch 0:  45%|████▌     | 563/1250 [02:14<02:45,  4.15it/s]
[1Aphase1 epoch 0:  45%|████▌     | 564/1250 [02:14<02:44,  4.16it/s]
[1Aphase1 epoch 0:  45%|████▌     | 565/1250 [02:14<02:48,  4.05it/s]
[1Aphase1 epoch 0:  45%|████▌     | 566/1250 [02:14<02:47,  4.09it/s]
[1Aphase1 epoch 0:  45%|████▌     | 567/1250 [02:15<02:45,  4.14it/s]
[1Aphase1 epoch 0:  45%|████▌     | 568/1250 [02:15<02:43,  4.17it/s]
[1Aphase1 epoch 0:  46%|████▌     | 569/1250 [02:15<02:39,  4.26it/s]
[1Aphase1 epoch 0:  46%|████▌     | 570/1250 [02:15<02:37,  4.30it/s]
[1Aphase1 epoch 0:  46%|████▌     | 571/1250 [02:16<02:40,  4.24it/s]
[1Aphase1 epoch 0:  46%|████▌     | 572/1250 [02:16<02:40,  4.22it/s]
[1Aphase1 epoch 0:  46%|████▌     | 573/1250 [02:16<02:37,  4.29it/s]
[1Aphase1 epoch 0:  46%|████▌     | 574/1250 [02:16<02:35,  4.34it/s]
[1Aphase1 epoch 0:  46%|████▌     | 575/1250 [02:17<02:34,  4.36it/s]
[1Aphase1 epoch 0:  46%|████▌     | 576/1250 [02:17<02:36,  4.31it/s]
[1Aphase1 epoch 0:  46%|████▌     | 577/1250 [02:17<02:39,  4.23it/s]
[1Aphase1 epoch 0:  46%|████▌     | 578/1250 [02:17<02:41,  4.17it/s]
[1Aphase1 epoch 0:  46%|████▋     | 579/1250 [02:18<02:42,  4.14it/s]
[1Aphase1 epoch 0:  46%|████▋     | 580/1250 [02:18<02:38,  4.22it/s]
[1Aphase1 epoch 0:  46%|████▋     | 581/1250 [02:18<02:38,  4.21it/s]
[1Aphase1 epoch 0:  47%|████▋     | 582/1250 [02:18<02:38,  4.22it/s]
[1Aphase1 epoch 0:  47%|████▋     | 583/1250 [02:18<02:35,  4.28it/s]
[1Aphase1 epoch 0:  47%|████▋     | 584/1250 [02:19<02:40,  4.15it/s]
[1Aphase1 epoch 0:  47%|████▋     | 585/1250 [02:19<02:41,  4.13it/s]
[1Aphase1 epoch 0:  47%|████▋     | 586/1250 [02:19<02:39,  4.17it/s]
[1Aphase1 epoch 0:  47%|████▋     | 587/1250 [02:19<02:38,  4.18it/s]
[1Aphase1 epoch 0:  47%|████▋     | 588/1250 [02:20<02:37,  4.20it/s]
[1Aphase1 epoch 0:  47%|████▋     | 589/1250 [02:20<02:37,  4.20it/s]
[1Aphase1 epoch 0:  47%|████▋     | 590/1250 [02:20<02:34,  4.26it/s]
[1Aphase1 epoch 0:  47%|████▋     | 591/1250 [02:20<02:32,  4.33it/s]
[1Aphase1 epoch 0:  47%|████▋     | 592/1250 [02:21<02:31,  4.36it/s]
[1Aphase1 epoch 0:  47%|████▋     | 593/1250 [02:21<02:31,  4.33it/s]
[1Aphase1 epoch 0:  48%|████▊     | 594/1250 [02:21<02:32,  4.29it/s]
[1Aphase1 epoch 0:  48%|████▊     | 595/1250 [02:21<02:33,  4.28it/s]
[1Aphase1 epoch 0:  48%|████▊     | 596/1250 [02:22<02:32,  4.28it/s]
[1Aphase1 epoch 0:  48%|████▊     | 597/1250 [02:22<02:33,  4.25it/s]
[1Aphase1 epoch 0:  48%|████▊     | 598/1250 [02:22<02:33,  4.26it/s]
[1Aphase1 epoch 0:  48%|████▊     | 599/1250 [02:22<02:30,  4.32it/s]
[1Aphase1 epoch 0:  48%|████▊     | 600/1250 [02:22<02:31,  4.28it/s]
[1Aphase1 epoch 0:  48%|████▊     | 601/1250 [02:23<02:31,  4.27it/s]
[1Aphase1 epoch 0:  48%|████▊     | 602/1250 [02:23<02:31,  4.27it/s]
[1Aphase1 epoch 0:  48%|████▊     | 603/1250 [02:23<02:34,  4.19it/s]
[1Aphase1 epoch 0:  48%|████▊     | 604/1250 [02:23<02:34,  4.19it/s]
[1Aphase1 epoch 0:  48%|████▊     | 605/1250 [02:24<02:35,  4.15it/s]
[1Aphase1 epoch 0:  48%|████▊     | 606/1250 [02:24<02:32,  4.23it/s]
[1Aphase1 epoch 0:  49%|████▊     | 607/1250 [02:24<02:33,  4.18it/s]
[1Aphase1 epoch 0:  49%|████▊     | 608/1250 [02:24<02:33,  4.19it/s]
[1Aphase1 epoch 0:  49%|████▊     | 609/1250 [02:25<02:32,  4.20it/s]
[1Aphase1 epoch 0:  49%|████▉     | 610/1250 [02:25<02:31,  4.22it/s]
[1Aphase1 epoch 0:  49%|████▉     | 611/1250 [02:25<02:30,  4.23it/s]
[1Aphase1 epoch 0:  49%|████▉     | 612/1250 [02:25<02:30,  4.23it/s]
[1Aphase1 epoch 0:  49%|████▉     | 613/1250 [02:26<02:30,  4.22it/s]
[1Aphase1 epoch 0:  49%|████▉     | 614/1250 [02:26<02:28,  4.28it/s]
[1Aphase1 epoch 0:  49%|████▉     | 615/1250 [02:26<02:26,  4.33it/s]
[1Aphase1 epoch 0:  49%|████▉     | 616/1250 [02:26<02:27,  4.29it/s]
[1Aphase1 epoch 0:  49%|████▉     | 617/1250 [02:26<02:28,  4.27it/s]
[1Aphase1 epoch 0:  49%|████▉     | 618/1250 [02:27<02:27,  4.27it/s]
[1Aphase1 epoch 0:  50%|████▉     | 619/1250 [02:27<02:27,  4.27it/s]
[1Aphase1 epoch 0:  50%|████▉     | 620/1250 [02:27<02:25,  4.32it/s]
[1Aphase1 epoch 0:  50%|████▉     | 621/1250 [02:27<02:24,  4.35it/s]
[1Aphase1 epoch 0:  50%|████▉     | 622/1250 [02:28<02:24,  4.33it/s]
[1Aphase1 epoch 0:  50%|████▉     | 623/1250 [02:28<02:23,  4.35it/s]
[1Aphase1 epoch 0:  50%|████▉     | 624/1250 [02:28<02:24,  4.32it/s]
[1Aphase1 epoch 0:  50%|█████     | 625/1250 [02:28<02:23,  4.35it/s]
[1Aphase1 epoch 0:  50%|█████     | 626/1250 [02:29<02:28,  4.19it/s]
[1Aphase1 epoch 0:  50%|█████     | 627/1250 [02:29<02:25,  4.27it/s]
[1Aphase1 epoch 0:  50%|█████     | 628/1250 [02:29<02:26,  4.25it/s]
[1Aphase1 epoch 0:  50%|█████     | 629/1250 [02:29<02:27,  4.20it/s]
[1Aphase1 epoch 0:  50%|█████     | 630/1250 [02:29<02:27,  4.22it/s]
[1Aphase1 epoch 0:  50%|█████     | 631/1250 [02:30<02:29,  4.15it/s]
[1Aphase1 epoch 0:  51%|█████     | 632/1250 [02:30<02:27,  4.18it/s]
[1Aphase1 epoch 0:  51%|█████     | 633/1250 [02:30<02:29,  4.14it/s]
[1Aphase1 epoch 0:  51%|█████     | 634/1250 [02:30<02:28,  4.16it/s]
[1Aphase1 epoch 0:  51%|█████     | 635/1250 [02:31<02:26,  4.19it/s]
[1Aphase1 epoch 0:  51%|█████     | 636/1250 [02:31<02:27,  4.15it/s]
[1Aphase1 epoch 0:  51%|█████     | 637/1250 [02:31<02:27,  4.16it/s]
[1Aphase1 epoch 0:  51%|█████     | 638/1250 [02:31<02:26,  4.18it/s]
[1Aphase1 epoch 0:  51%|█████     | 639/1250 [02:32<02:27,  4.16it/s]
[1Aphase1 epoch 0:  51%|█████     | 640/1250 [02:32<02:26,  4.17it/s]
[1Aphase1 epoch 0:  51%|█████▏    | 641/1250 [02:32<02:25,  4.18it/s]
[1Aphase1 epoch 0:  51%|█████▏    | 642/1250 [02:32<02:27,  4.13it/s]
[1Aphase1 epoch 0:  51%|█████▏    | 643/1250 [02:33<02:24,  4.21it/s]
[1Aphase1 epoch 0:  52%|█████▏    | 644/1250 [02:33<02:25,  4.16it/s]
[1Aphase1 epoch 0:  52%|█████▏    | 645/1250 [02:33<02:21,  4.28it/s]
[1Aphase1 epoch 0:  52%|█████▏    | 646/1250 [02:33<02:24,  4.19it/s]
[1Aphase1 epoch 0:  52%|█████▏    | 647/1250 [02:34<02:23,  4.19it/s]
[1Aphase1 epoch 0:  52%|█████▏    | 648/1250 [02:34<02:21,  4.26it/s]
[1Aphase1 epoch 0:  52%|█████▏    | 649/1250 [02:34<02:21,  4.25it/s]
[1Aphase1 epoch 0:  52%|█████▏    | 650/1250 [02:34<02:21,  4.24it/s]
[1Aphase1 epoch 0:  52%|█████▏    | 651/1250 [02:35<02:21,  4.24it/s]
[1Aphase1 epoch 0:  52%|█████▏    | 652/1250 [02:35<02:20,  4.24it/s]
[1Aphase1 epoch 0:  52%|█████▏    | 653/1250 [02:35<02:20,  4.24it/s]
[1Aphase1 epoch 0:  52%|█████▏    | 654/1250 [02:35<02:18,  4.31it/s]
[1Aphase1 epoch 0:  52%|█████▏    | 655/1250 [02:35<02:16,  4.35it/s]
[1Aphase1 epoch 0:  52%|█████▏    | 656/1250 [02:36<02:18,  4.30it/s]
[1Aphase1 epoch 0:  53%|█████▎    | 657/1250 [02:36<02:20,  4.21it/s]
[1Aphase1 epoch 0:  53%|█████▎    | 658/1250 [02:36<02:20,  4.21it/s]
[1Aphase1 epoch 0:  53%|█████▎    | 659/1250 [02:36<02:22,  4.15it/s]
[1Aphase1 epoch 0:  53%|█████▎    | 660/1250 [02:37<02:20,  4.18it/s]
[1Aphase1 epoch 0:  53%|█████▎    | 661/1250 [02:37<02:18,  4.25it/s]
[1Aphase1 epoch 0:  53%|█████▎    | 662/1250 [02:37<02:18,  4.23it/s]
[1Aphase1 epoch 0:  53%|█████▎    | 663/1250 [02:37<02:18,  4.24it/s]
[1Aphase1 epoch 0:  53%|█████▎    | 664/1250 [02:38<02:20,  4.19it/s]
[1Aphase1 epoch 0:  53%|█████▎    | 665/1250 [02:38<02:19,  4.20it/s]
[1Aphase1 epoch 0:  53%|█████▎    | 666/1250 [02:38<02:16,  4.27it/s]
[1Aphase1 epoch 0:  53%|█████▎    | 667/1250 [02:38<02:20,  4.14it/s]
[1Aphase1 epoch 0:  53%|█████▎    | 668/1250 [02:39<02:18,  4.21it/s]
[1Aphase1 epoch 0:  54%|█████▎    | 669/1250 [02:39<02:18,  4.20it/s]
[1Aphase1 epoch 0:  54%|█████▎    | 670/1250 [02:39<02:15,  4.27it/s]
[1Aphase1 epoch 0:  54%|█████▎    | 671/1250 [02:39<02:13,  4.34it/s]
[1Aphase1 epoch 0:  54%|█████▍    | 672/1250 [02:39<02:14,  4.30it/s]
[1Aphase1 epoch 0:  54%|█████▍    | 673/1250 [02:40<02:14,  4.28it/s]
[1Aphase1 epoch 0:  54%|█████▍    | 674/1250 [02:40<02:13,  4.32it/s]
[1Aphase1 epoch 0:  54%|█████▍    | 675/1250 [02:40<02:12,  4.35it/s]
[1Aphase1 epoch 0:  54%|█████▍    | 676/1250 [02:40<02:11,  4.36it/s]
[1Aphase1 epoch 0:  54%|█████▍    | 677/1250 [02:41<02:10,  4.38it/s]
[1Aphase1 epoch 0:  54%|█████▍    | 678/1250 [02:41<02:14,  4.24it/s]
[1Aphase1 epoch 0:  54%|█████▍    | 679/1250 [02:41<02:12,  4.29it/s]
[1Aphase1 epoch 0:  54%|█████▍    | 680/1250 [02:41<02:15,  4.20it/s]
[1Aphase1 epoch 0:  54%|█████▍    | 681/1250 [02:42<02:17,  4.15it/s]
[1Aphase1 epoch 0:  55%|█████▍    | 682/1250 [02:42<02:16,  4.17it/s]
[1Aphase1 epoch 0:  55%|█████▍    | 683/1250 [02:42<02:17,  4.13it/s]
[1Aphase1 epoch 0:  55%|█████▍    | 684/1250 [02:42<02:17,  4.11it/s]
[1Aphase1 epoch 0:  55%|█████▍    | 685/1250 [02:43<02:16,  4.15it/s]
[1Aphase1 epoch 0:  55%|█████▍    | 686/1250 [02:43<02:15,  4.17it/s]
[1Aphase1 epoch 0:  55%|█████▍    | 687/1250 [02:43<02:14,  4.18it/s]
[1Aphase1 epoch 0:  55%|█████▌    | 688/1250 [02:43<02:11,  4.26it/s]
[1Aphase1 epoch 0:  55%|█████▌    | 689/1250 [02:43<02:11,  4.25it/s]
[1Aphase1 epoch 0:  55%|█████▌    | 690/1250 [02:44<02:11,  4.24it/s]
[1Aphase1 epoch 0:  55%|█████▌    | 691/1250 [02:44<02:12,  4.22it/s]
[1Aphase1 epoch 0:  55%|█████▌    | 692/1250 [02:44<02:11,  4.23it/s]
[1Aphase1 epoch 0:  55%|█████▌    | 693/1250 [02:44<02:11,  4.24it/s]
[1Aphase1 epoch 0:  56%|█████▌    | 694/1250 [02:45<02:11,  4.22it/s]
[1Aphase1 epoch 0:  56%|█████▌    | 695/1250 [02:45<02:11,  4.22it/s]
[1Aphase1 epoch 0:  56%|█████▌    | 696/1250 [02:45<02:12,  4.18it/s]
[1Aphase1 epoch 0:  56%|█████▌    | 697/1250 [02:45<02:11,  4.20it/s]
[1Aphase1 epoch 0:  56%|█████▌    | 698/1250 [02:46<02:14,  4.09it/s]
[1Aphase1 epoch 0:  56%|█████▌    | 699/1250 [02:46<02:15,  4.07it/s]
[1Aphase1 epoch 0:  56%|█████▌    | 700/1250 [02:46<02:13,  4.10it/s]
[1Aphase1 epoch 0:  56%|█████▌    | 701/1250 [02:46<02:12,  4.14it/s]
[1Aphase1 epoch 0:  56%|█████▌    | 702/1250 [02:47<02:09,  4.22it/s]
[1Aphase1 epoch 0:  56%|█████▌    | 703/1250 [02:47<02:11,  4.15it/s]
[1Aphase1 epoch 0:  56%|█████▋    | 704/1250 [02:47<02:10,  4.17it/s]
[1Aphase1 epoch 0:  56%|█████▋    | 705/1250 [02:47<02:10,  4.19it/s]
[1Aphase1 epoch 0:  56%|█████▋    | 706/1250 [02:48<02:09,  4.19it/s]
[1Aphase1 epoch 0:  57%|█████▋    | 707/1250 [02:48<02:11,  4.14it/s]
[1Aphase1 epoch 0:  57%|█████▋    | 708/1250 [02:48<02:08,  4.21it/s]
[1Aphase1 epoch 0:  57%|█████▋    | 709/1250 [02:48<02:07,  4.23it/s]
[1Aphase1 epoch 0:  57%|█████▋    | 710/1250 [02:48<02:07,  4.24it/s]
[1Aphase1 epoch 0:  57%|█████▋    | 711/1250 [02:49<02:05,  4.29it/s]
[1Aphase1 epoch 0:  57%|█████▋    | 712/1250 [02:49<02:06,  4.26it/s]
[1Aphase1 epoch 0:  57%|█████▋    | 713/1250 [02:49<02:08,  4.19it/s]
[1Aphase1 epoch 0:  57%|█████▋    | 714/1250 [02:49<02:09,  4.13it/s]
[1Aphase1 epoch 0:  57%|█████▋    | 715/1250 [02:50<02:08,  4.16it/s]
[1Aphase1 epoch 0:  57%|█████▋    | 716/1250 [02:50<02:08,  4.16it/s]
[1Aphase1 epoch 0:  57%|█████▋    | 717/1250 [02:50<02:07,  4.18it/s]
[1Aphase1 epoch 0:  57%|█████▋    | 718/1250 [02:50<02:05,  4.26it/s]
[1Aphase1 epoch 0:  58%|█████▊    | 719/1250 [02:51<02:06,  4.18it/s]
[1Aphase1 epoch 0:  58%|█████▊    | 720/1250 [02:51<02:08,  4.12it/s]
[1Aphase1 epoch 0:  58%|█████▊    | 721/1250 [02:51<02:05,  4.21it/s]
[1Aphase1 epoch 0:  58%|█████▊    | 722/1250 [02:51<02:05,  4.21it/s]
[1Aphase1 epoch 0:  58%|█████▊    | 723/1250 [02:52<02:04,  4.22it/s]
[1Aphase1 epoch 0:  58%|█████▊    | 724/1250 [02:52<02:04,  4.22it/s]
[1Aphase1 epoch 0:  58%|█████▊    | 725/1250 [02:52<02:02,  4.29it/s]
[1Aphase1 epoch 0:  58%|█████▊    | 726/1250 [02:52<02:02,  4.27it/s]
[1Aphase1 epoch 0:  58%|█████▊    | 727/1250 [02:53<02:01,  4.32it/s]
[1Aphase1 epoch 0:  58%|█████▊    | 728/1250 [02:53<02:03,  4.23it/s]
[1Aphase1 epoch 0:  58%|█████▊    | 729/1250 [02:53<02:01,  4.29it/s]
[1Aphase1 epoch 0:  58%|█████▊    | 730/1250 [02:53<02:01,  4.28it/s]
[1Aphase1 epoch 0:  58%|█████▊    | 731/1250 [02:53<02:01,  4.26it/s]
[1Aphase1 epoch 0:  59%|█████▊    | 732/1250 [02:54<02:03,  4.20it/s]
[1Aphase1 epoch 0:  59%|█████▊    | 733/1250 [02:54<02:02,  4.22it/s]
[1Aphase1 epoch 0:  59%|█████▊    | 734/1250 [02:54<02:02,  4.22it/s]
[1Aphase1 epoch 0:  59%|█████▉    | 735/1250 [02:54<02:03,  4.16it/s]
[1Aphase1 epoch 0:  59%|█████▉    | 736/1250 [02:55<02:03,  4.16it/s]
[1Aphase1 epoch 0:  59%|█████▉    | 737/1250 [02:55<02:02,  4.19it/s]
[1Aphase1 epoch 0:  59%|█████▉    | 738/1250 [02:55<02:00,  4.26it/s]
[1Aphase1 epoch 0:  59%|█████▉    | 739/1250 [02:55<01:58,  4.31it/s]
[1Aphase1 epoch 0:  59%|█████▉    | 740/1250 [02:56<01:57,  4.34it/s]
[1Aphase1 epoch 0:  59%|█████▉    | 741/1250 [02:56<01:59,  4.25it/s]
[1Aphase1 epoch 0:  59%|█████▉    | 742/1250 [02:56<01:59,  4.24it/s]
[1Aphase1 epoch 0:  59%|█████▉    | 743/1250 [02:56<02:01,  4.17it/s]
[1Aphase1 epoch 0:  60%|█████▉    | 744/1250 [02:57<01:59,  4.24it/s]
[1Aphase1 epoch 0:  60%|█████▉    | 745/1250 [02:57<01:59,  4.23it/s]
[1Aphase1 epoch 0:  60%|█████▉    | 746/1250 [02:57<01:59,  4.23it/s]
[1Aphase1 epoch 0:  60%|█████▉    | 747/1250 [02:57<01:58,  4.23it/s]
[1Aphase1 epoch 0:  60%|█████▉    | 748/1250 [02:57<01:58,  4.24it/s]
[1Aphase1 epoch 0:  60%|█████▉    | 749/1250 [02:58<01:58,  4.23it/s]
[1Aphase1 epoch 0:  60%|██████    | 750/1250 [02:58<01:58,  4.22it/s]
[1Aphase1 epoch 0:  60%|██████    | 751/1250 [02:58<01:58,  4.21it/s]
[1Aphase1 epoch 0:  60%|██████    | 752/1250 [02:58<01:56,  4.27it/s]
[1Aphase1 epoch 0:  60%|██████    | 753/1250 [02:59<01:58,  4.19it/s]
[1Aphase1 epoch 0:  60%|██████    | 754/1250 [02:59<01:59,  4.14it/s]
[1Aphase1 epoch 0:  60%|██████    | 755/1250 [02:59<02:00,  4.10it/s]
[1Aphase1 epoch 0:  60%|██████    | 756/1250 [02:59<01:59,  4.14it/s]
[1Aphase1 epoch 0:  61%|██████    | 757/1250 [03:00<01:58,  4.16it/s]
[1Aphase1 epoch 0:  61%|██████    | 758/1250 [03:00<01:59,  4.12it/s]
[1Aphase1 epoch 0:  61%|██████    | 759/1250 [03:00<01:57,  4.16it/s]
[1Aphase1 epoch 0:  61%|██████    | 760/1250 [03:00<01:55,  4.25it/s]
[1Aphase1 epoch 0:  61%|██████    | 761/1250 [03:01<01:58,  4.11it/s]
[1Aphase1 epoch 0:  61%|██████    | 762/1250 [03:01<01:57,  4.15it/s]
[1Aphase1 epoch 0:  61%|██████    | 763/1250 [03:01<01:58,  4.12it/s]
[1Aphase1 epoch 0:  61%|██████    | 764/1250 [03:01<01:57,  4.14it/s]
[1Aphase1 epoch 0:  61%|██████    | 765/1250 [03:02<01:55,  4.21it/s]
[1Aphase1 epoch 0:  61%|██████▏   | 766/1250 [03:02<01:52,  4.28it/s]
[1Aphase1 epoch 0:  61%|██████▏   | 767/1250 [03:02<01:53,  4.26it/s]
[1Aphase1 epoch 0:  61%|██████▏   | 768/1250 [03:02<01:55,  4.18it/s]
[1Aphase1 epoch 0:  62%|██████▏   | 769/1250 [03:03<01:56,  4.13it/s]
[1Aphase1 epoch 0:  62%|██████▏   | 770/1250 [03:03<01:58,  4.05it/s]
[1Aphase1 epoch 0:  62%|██████▏   | 771/1250 [03:03<01:58,  4.04it/s]
[1Aphase1 epoch 0:  62%|██████▏   | 772/1250 [03:03<01:55,  4.15it/s]
[1Aphase1 epoch 0:  62%|██████▏   | 773/1250 [03:03<01:52,  4.24it/s]
[1Aphase1 epoch 0:  62%|██████▏   | 774/1250 [03:04<01:50,  4.29it/s]
[1Aphase1 epoch 0:  62%|██████▏   | 775/1250 [03:04<01:50,  4.32it/s]
[1Aphase1 epoch 0:  62%|██████▏   | 776/1250 [03:04<01:50,  4.30it/s]
[1Aphase1 epoch 0:  62%|██████▏   | 777/1250 [03:04<01:50,  4.29it/s]
[1Aphase1 epoch 0:  62%|██████▏   | 778/1250 [03:05<01:50,  4.28it/s]
[1Aphase1 epoch 0:  62%|██████▏   | 779/1250 [03:05<01:50,  4.25it/s]
[1Aphase1 epoch 0:  62%|██████▏   | 780/1250 [03:05<01:51,  4.22it/s]
[1Aphase1 epoch 0:  62%|██████▏   | 781/1250 [03:05<01:51,  4.22it/s]
[1Aphase1 epoch 0:  63%|██████▎   | 782/1250 [03:06<01:53,  4.11it/s]
[1Aphase1 epoch 0:  63%|██████▎   | 783/1250 [03:06<01:53,  4.13it/s]
[1Aphase1 epoch 0:  63%|██████▎   | 784/1250 [03:06<01:52,  4.14it/s]
[1Aphase1 epoch 0:  63%|██████▎   | 785/1250 [03:06<01:53,  4.10it/s]
[1Aphase1 epoch 0:  63%|██████▎   | 786/1250 [03:07<01:54,  4.06it/s]
[1Aphase1 epoch 0:  63%|██████▎   | 787/1250 [03:07<01:52,  4.10it/s]
[1Aphase1 epoch 0:  63%|██████▎   | 788/1250 [03:07<01:51,  4.14it/s]
[1Aphase1 epoch 0:  63%|██████▎   | 789/1250 [03:07<01:50,  4.16it/s]
[1Aphase1 epoch 0:  63%|██████▎   | 790/1250 [03:08<01:53,  4.06it/s]
[1Aphase1 epoch 0:  63%|██████▎   | 791/1250 [03:08<01:52,  4.09it/s]
[1Aphase1 epoch 0:  63%|██████▎   | 792/1250 [03:08<01:52,  4.08it/s]
[1Aphase1 epoch 0:  63%|██████▎   | 793/1250 [03:08<01:51,  4.11it/s]
[1Aphase1 epoch 0:  64%|██████▎   | 794/1250 [03:09<01:48,  4.19it/s]
[1Aphase1 epoch 0:  64%|██████▎   | 795/1250 [03:09<01:48,  4.20it/s]
[1Aphase1 epoch 0:  64%|██████▎   | 796/1250 [03:09<01:48,  4.19it/s]
[1Aphase1 epoch 0:  64%|██████▍   | 797/1250 [03:09<01:47,  4.21it/s]
[1Aphase1 epoch 0:  64%|██████▍   | 798/1250 [03:09<01:49,  4.14it/s]
[1Aphase1 epoch 0:  64%|██████▍   | 799/1250 [03:10<01:49,  4.11it/s]
[1Aphase1 epoch 0:  64%|██████▍   | 800/1250 [03:10<01:47,  4.20it/s]
[1Aphase1 epoch 0:  64%|██████▍   | 801/1250 [03:10<01:46,  4.22it/s]
[1Aphase1 epoch 0:  64%|██████▍   | 802/1250 [03:10<01:46,  4.22it/s]
[1Aphase1 epoch 0:  64%|██████▍   | 803/1250 [03:11<01:46,  4.21it/s]
[1Aphase1 epoch 0:  64%|██████▍   | 804/1250 [03:11<01:46,  4.21it/s]
[1Aphase1 epoch 0:  64%|██████▍   | 805/1250 [03:11<01:45,  4.21it/s]
[1Aphase1 epoch 0:  64%|██████▍   | 806/1250 [03:11<01:43,  4.27it/s]
[1Aphase1 epoch 0:  65%|██████▍   | 807/1250 [03:12<01:43,  4.26it/s]
[1Aphase1 epoch 0:  65%|██████▍   | 808/1250 [03:12<01:43,  4.25it/s]
[1Aphase1 epoch 0:  65%|██████▍   | 809/1250 [03:12<01:44,  4.22it/s]
[1Aphase1 epoch 0:  65%|██████▍   | 810/1250 [03:12<01:42,  4.28it/s]
[1Aphase1 epoch 0:  65%|██████▍   | 811/1250 [03:13<01:43,  4.26it/s]
[1Aphase1 epoch 0:  65%|██████▍   | 812/1250 [03:13<01:43,  4.24it/s]
[1Aphase1 epoch 0:  65%|██████▌   | 813/1250 [03:13<01:41,  4.31it/s]
[1Aphase1 epoch 0:  65%|██████▌   | 814/1250 [03:13<01:41,  4.28it/s]
[1Aphase1 epoch 0:  65%|██████▌   | 815/1250 [03:13<01:43,  4.21it/s]
[1Aphase1 epoch 0:  65%|██████▌   | 816/1250 [03:14<01:43,  4.20it/s]
[1Aphase1 epoch 0:  65%|██████▌   | 817/1250 [03:14<01:44,  4.15it/s]
[1Aphase1 epoch 0:  65%|██████▌   | 818/1250 [03:14<01:42,  4.23it/s]
[1Aphase1 epoch 0:  66%|██████▌   | 819/1250 [03:14<01:43,  4.17it/s]
[1Aphase1 epoch 0:  66%|██████▌   | 820/1250 [03:15<01:42,  4.18it/s]
[1Aphase1 epoch 0:  66%|██████▌   | 821/1250 [03:15<01:44,  4.12it/s]
[1Aphase1 epoch 0:  66%|██████▌   | 822/1250 [03:15<01:43,  4.14it/s]
[1Aphase1 epoch 0:  66%|██████▌   | 823/1250 [03:15<01:42,  4.17it/s]
[1Aphase1 epoch 0:  66%|██████▌   | 824/1250 [03:16<01:42,  4.17it/s]
[1Aphase1 epoch 0:  66%|██████▌   | 825/1250 [03:16<01:40,  4.24it/s]
[1Aphase1 epoch 0:  66%|██████▌   | 826/1250 [03:16<01:41,  4.18it/s]
[1Aphase1 epoch 0:  66%|██████▌   | 827/1250 [03:16<01:42,  4.12it/s]
[1Aphase1 epoch 0:  66%|██████▌   | 828/1250 [03:17<01:41,  4.15it/s]
[1Aphase1 epoch 0:  66%|██████▋   | 829/1250 [03:17<01:39,  4.22it/s]
[1Aphase1 epoch 0:  66%|██████▋   | 830/1250 [03:17<01:40,  4.17it/s]
[1Aphase1 epoch 0:  66%|██████▋   | 831/1250 [03:17<01:39,  4.20it/s]
[1Aphase1 epoch 0:  67%|██████▋   | 832/1250 [03:18<01:41,  4.13it/s]
[1Aphase1 epoch 0:  67%|██████▋   | 833/1250 [03:18<01:40,  4.15it/s]
[1Aphase1 epoch 0:  67%|██████▋   | 834/1250 [03:18<01:39,  4.18it/s]
[1Aphase1 epoch 0:  67%|██████▋   | 835/1250 [03:18<01:38,  4.20it/s]
[1Aphase1 epoch 0:  67%|██████▋   | 836/1250 [03:19<01:36,  4.27it/s]
[1Aphase1 epoch 0:  67%|██████▋   | 837/1250 [03:19<01:37,  4.25it/s]
[1Aphase1 epoch 0:  67%|██████▋   | 838/1250 [03:19<01:37,  4.24it/s]
[1Aphase1 epoch 0:  67%|██████▋   | 839/1250 [03:19<01:37,  4.23it/s]
[1Aphase1 epoch 0:  67%|██████▋   | 840/1250 [03:19<01:35,  4.28it/s]
[1Aphase1 epoch 0:  67%|██████▋   | 841/1250 [03:20<01:35,  4.26it/s]
[1Aphase1 epoch 0:  67%|██████▋   | 842/1250 [03:20<01:34,  4.30it/s]
[1Aphase1 epoch 0:  67%|██████▋   | 843/1250 [03:20<01:35,  4.27it/s]
[1Aphase1 epoch 0:  68%|██████▊   | 844/1250 [03:20<01:35,  4.26it/s]
[1Aphase1 epoch 0:  68%|██████▊   | 845/1250 [03:21<01:35,  4.26it/s]
[1Aphase1 epoch 0:  68%|██████▊   | 846/1250 [03:21<01:34,  4.26it/s]
[1Aphase1 epoch 0:  68%|██████▊   | 847/1250 [03:21<01:33,  4.31it/s]
[1Aphase1 epoch 0:  68%|██████▊   | 848/1250 [03:21<01:33,  4.29it/s]
[1Aphase1 epoch 0:  68%|██████▊   | 849/1250 [03:22<01:34,  4.25it/s]
[1Aphase1 epoch 0:  68%|██████▊   | 850/1250 [03:22<01:35,  4.19it/s]
[1Aphase1 epoch 0:  68%|██████▊   | 851/1250 [03:22<01:36,  4.12it/s]
[1Aphase1 epoch 0:  68%|██████▊   | 852/1250 [03:22<01:37,  4.10it/s]
[1Aphase1 epoch 0:  68%|██████▊   | 853/1250 [03:23<01:36,  4.13it/s]
[1Aphase1 epoch 0:  68%|██████▊   | 854/1250 [03:23<01:35,  4.15it/s]
[1Aphase1 epoch 0:  68%|██████▊   | 855/1250 [03:23<01:38,  4.03it/s]
[1Aphase1 epoch 0:  68%|██████▊   | 856/1250 [03:23<01:37,  4.03it/s]
[1Aphase1 epoch 0:  69%|██████▊   | 857/1250 [03:24<01:36,  4.08it/s]
[1Aphase1 epoch 0:  69%|██████▊   | 858/1250 [03:24<01:35,  4.12it/s]
[1Aphase1 epoch 0:  69%|██████▊   | 859/1250 [03:24<01:35,  4.10it/s]
[1Aphase1 epoch 0:  69%|██████▉   | 860/1250 [03:24<01:34,  4.14it/s]
[1Aphase1 epoch 0:  69%|██████▉   | 861/1250 [03:24<01:32,  4.22it/s]
[1Aphase1 epoch 0:  69%|██████▉   | 862/1250 [03:25<01:33,  4.17it/s]
[1Aphase1 epoch 0:  69%|██████▉   | 863/1250 [03:25<01:31,  4.24it/s]
[1Aphase1 epoch 0:  69%|██████▉   | 864/1250 [03:25<01:29,  4.29it/s]
[1Aphase1 epoch 0:  69%|██████▉   | 865/1250 [03:25<01:29,  4.33it/s]
[1Aphase1 epoch 0:  69%|██████▉   | 866/1250 [03:26<01:30,  4.24it/s]
[1Aphase1 epoch 0:  69%|██████▉   | 867/1250 [03:26<01:30,  4.23it/s]
[1Aphase1 epoch 0:  69%|██████▉   | 868/1250 [03:26<01:31,  4.16it/s]
[1Aphase1 epoch 0:  70%|██████▉   | 869/1250 [03:26<01:29,  4.25it/s]
[1Aphase1 epoch 0:  70%|██████▉   | 870/1250 [03:27<01:29,  4.23it/s]
[1Aphase1 epoch 0:  70%|██████▉   | 871/1250 [03:27<01:28,  4.29it/s]
[1Aphase1 epoch 0:  70%|██████▉   | 872/1250 [03:27<01:27,  4.33it/s]
[1Aphase1 epoch 0:  70%|██████▉   | 873/1250 [03:27<01:28,  4.28it/s]
[1Aphase1 epoch 0:  70%|██████▉   | 874/1250 [03:28<01:28,  4.26it/s]
[1Aphase1 epoch 0:  70%|███████   | 875/1250 [03:28<01:27,  4.30it/s]
[1Aphase1 epoch 0:  70%|███████   | 876/1250 [03:28<01:29,  4.20it/s]
[1Aphase1 epoch 0:  70%|███████   | 877/1250 [03:28<01:28,  4.20it/s]
[1Aphase1 epoch 0:  70%|███████   | 878/1250 [03:28<01:28,  4.22it/s]
[1Aphase1 epoch 0:  70%|███████   | 879/1250 [03:29<01:28,  4.20it/s]
[1Aphase1 epoch 0:  70%|███████   | 880/1250 [03:29<01:26,  4.26it/s]
[1Aphase1 epoch 0:  70%|███████   | 881/1250 [03:29<01:25,  4.31it/s]
[1Aphase1 epoch 0:  71%|███████   | 882/1250 [03:29<01:24,  4.34it/s]
[1Aphase1 epoch 0:  71%|███████   | 883/1250 [03:30<01:24,  4.36it/s]
[1Aphase1 epoch 0:  71%|███████   | 884/1250 [03:30<01:25,  4.26it/s]
[1Aphase1 epoch 0:  71%|███████   | 885/1250 [03:30<01:25,  4.25it/s]
[1Aphase1 epoch 0:  71%|███████   | 886/1250 [03:30<01:26,  4.19it/s]
[1Aphase1 epoch 0:  71%|███████   | 887/1250 [03:31<01:24,  4.28it/s]
[1Aphase1 epoch 0:  71%|███████   | 888/1250 [03:31<01:24,  4.26it/s]
[1Aphase1 epoch 0:  71%|███████   | 889/1250 [03:31<01:26,  4.19it/s]
[1Aphase1 epoch 0:  71%|███████   | 890/1250 [03:31<01:27,  4.13it/s]
[1Aphase1 epoch 0:  71%|███████▏  | 891/1250 [03:32<01:27,  4.10it/s]
[1Aphase1 epoch 0:  71%|███████▏  | 892/1250 [03:32<01:26,  4.14it/s]
[1Aphase1 epoch 0:  71%|███████▏  | 893/1250 [03:32<01:26,  4.11it/s]
[1Aphase1 epoch 0:  72%|███████▏  | 894/1250 [03:32<01:26,  4.10it/s]
[1Aphase1 epoch 0:  72%|███████▏  | 895/1250 [03:33<01:25,  4.13it/s]
[1Aphase1 epoch 0:  72%|███████▏  | 896/1250 [03:33<01:27,  4.05it/s]
[1Aphase1 epoch 0:  72%|███████▏  | 897/1250 [03:33<01:24,  4.16it/s]
[1Aphase1 epoch 0:  72%|███████▏  | 898/1250 [03:33<01:24,  4.17it/s]
[1Aphase1 epoch 0:  72%|███████▏  | 899/1250 [03:33<01:24,  4.18it/s]
[1Aphase1 epoch 0:  72%|███████▏  | 900/1250 [03:34<01:23,  4.21it/s]
[1Aphase1 epoch 0:  72%|███████▏  | 901/1250 [03:34<01:23,  4.16it/s]
[1Aphase1 epoch 0:  72%|███████▏  | 902/1250 [03:34<01:22,  4.23it/s]
[1Aphase1 epoch 0:  72%|███████▏  | 903/1250 [03:34<01:24,  4.12it/s]
[1Aphase1 epoch 0:  72%|███████▏  | 904/1250 [03:35<01:22,  4.20it/s]
[1Aphase1 epoch 0:  72%|███████▏  | 905/1250 [03:35<01:22,  4.19it/s]
[1Aphase1 epoch 0:  72%|███████▏  | 906/1250 [03:35<01:20,  4.26it/s]
[1Aphase1 epoch 0:  73%|███████▎  | 907/1250 [03:35<01:19,  4.32it/s]
[1Aphase1 epoch 0:  73%|███████▎  | 908/1250 [03:36<01:21,  4.22it/s]
[1Aphase1 epoch 0:  73%|███████▎  | 909/1250 [03:36<01:20,  4.23it/s]
[1Aphase1 epoch 0:  73%|███████▎  | 910/1250 [03:36<01:20,  4.22it/s]
[1Aphase1 epoch 0:  73%|███████▎  | 911/1250 [03:36<01:20,  4.21it/s]
[1Aphase1 epoch 0:  73%|███████▎  | 912/1250 [03:37<01:20,  4.21it/s]
[1Aphase1 epoch 0:  73%|███████▎  | 913/1250 [03:37<01:18,  4.27it/s]
[1Aphase1 epoch 0:  73%|███████▎  | 914/1250 [03:37<01:19,  4.24it/s]
[1Aphase1 epoch 0:  73%|███████▎  | 915/1250 [03:37<01:18,  4.29it/s]
[1Aphase1 epoch 0:  73%|███████▎  | 916/1250 [03:38<01:18,  4.28it/s]
[1Aphase1 epoch 0:  73%|███████▎  | 917/1250 [03:38<01:18,  4.24it/s]
[1Aphase1 epoch 0:  73%|███████▎  | 918/1250 [03:38<01:18,  4.23it/s]
[1Aphase1 epoch 0:  74%|███████▎  | 919/1250 [03:38<01:18,  4.23it/s]
[1Aphase1 epoch 0:  74%|███████▎  | 920/1250 [03:38<01:16,  4.29it/s]
[1Aphase1 epoch 0:  74%|███████▎  | 921/1250 [03:39<01:15,  4.34it/s]
[1Aphase1 epoch 0:  74%|███████▍  | 922/1250 [03:39<01:16,  4.31it/s]
[1Aphase1 epoch 0:  74%|███████▍  | 923/1250 [03:39<01:15,  4.34it/s]
[1Aphase1 epoch 0:  74%|███████▍  | 924/1250 [03:39<01:14,  4.36it/s]
[1Aphase1 epoch 0:  74%|███████▍  | 925/1250 [03:40<01:14,  4.39it/s]
[1Aphase1 epoch 0:  74%|███████▍  | 926/1250 [03:40<01:14,  4.33it/s]
[1Aphase1 epoch 0:  74%|███████▍  | 927/1250 [03:40<01:14,  4.31it/s]
[1Aphase1 epoch 0:  74%|███████▍  | 928/1250 [03:40<01:14,  4.35it/s]
[1Aphase1 epoch 0:  74%|███████▍  | 929/1250 [03:41<01:14,  4.31it/s]
[1Aphase1 epoch 0:  74%|███████▍  | 930/1250 [03:41<01:14,  4.28it/s]
[1Aphase1 epoch 0:  74%|███████▍  | 931/1250 [03:41<01:15,  4.25it/s]
[1Aphase1 epoch 0:  75%|███████▍  | 932/1250 [03:41<01:15,  4.24it/s]
[1Aphase1 epoch 0:  75%|███████▍  | 933/1250 [03:41<01:14,  4.24it/s]
[1Aphase1 epoch 0:  75%|███████▍  | 934/1250 [03:42<01:14,  4.24it/s]
[1Aphase1 epoch 0:  75%|███████▍  | 935/1250 [03:42<01:14,  4.24it/s]
[1Aphase1 epoch 0:  75%|███████▍  | 936/1250 [03:42<01:15,  4.18it/s]
[1Aphase1 epoch 0:  75%|███████▍  | 937/1250 [03:42<01:15,  4.12it/s]
[1Aphase1 epoch 0:  75%|███████▌  | 938/1250 [03:43<01:15,  4.13it/s]
[1Aphase1 epoch 0:  75%|███████▌  | 939/1250 [03:43<01:13,  4.21it/s]
[1Aphase1 epoch 0:  75%|███████▌  | 940/1250 [03:43<01:14,  4.16it/s]
[1Aphase1 epoch 0:  75%|███████▌  | 941/1250 [03:43<01:14,  4.17it/s]
[1Aphase1 epoch 0:  75%|███████▌  | 942/1250 [03:44<01:12,  4.23it/s]
[1Aphase1 epoch 0:  75%|███████▌  | 943/1250 [03:44<01:11,  4.28it/s]
[1Aphase1 epoch 0:  76%|███████▌  | 944/1250 [03:44<01:11,  4.26it/s]
[1Aphase1 epoch 0:  76%|███████▌  | 945/1250 [03:44<01:11,  4.25it/s]
[1Aphase1 epoch 0:  76%|███████▌  | 946/1250 [03:45<01:11,  4.25it/s]
[1Aphase1 epoch 0:  76%|███████▌  | 947/1250 [03:45<01:13,  4.12it/s]
[1Aphase1 epoch 0:  76%|███████▌  | 948/1250 [03:45<01:11,  4.21it/s]
[1Aphase1 epoch 0:  76%|███████▌  | 949/1250 [03:45<01:13,  4.09it/s]
[1Aphase1 epoch 0:  76%|███████▌  | 950/1250 [03:46<01:11,  4.20it/s]
[1Aphase1 epoch 0:  76%|███████▌  | 951/1250 [03:46<01:11,  4.19it/s]
[1Aphase1 epoch 0:  76%|███████▌  | 952/1250 [03:46<01:11,  4.20it/s]
[1Aphase1 epoch 0:  76%|███████▌  | 953/1250 [03:46<01:10,  4.22it/s]
[1Aphase1 epoch 0:  76%|███████▋  | 954/1250 [03:46<01:10,  4.20it/s]
[1Aphase1 epoch 0:  76%|███████▋  | 955/1250 [03:47<01:10,  4.20it/s]
[1Aphase1 epoch 0:  76%|███████▋  | 956/1250 [03:47<01:10,  4.15it/s]
[1Aphase1 epoch 0:  77%|███████▋  | 957/1250 [03:47<01:10,  4.18it/s]
[1Aphase1 epoch 0:  77%|███████▋  | 958/1250 [03:47<01:08,  4.28it/s]
[1Aphase1 epoch 0:  77%|███████▋  | 959/1250 [03:48<01:08,  4.27it/s]
[1Aphase1 epoch 0:  77%|███████▋  | 960/1250 [03:48<01:08,  4.25it/s]
[1Aphase1 epoch 0:  77%|███████▋  | 961/1250 [03:48<01:09,  4.19it/s]
[1Aphase1 epoch 0:  77%|███████▋  | 962/1250 [03:48<01:07,  4.26it/s]
[1Aphase1 epoch 0:  77%|███████▋  | 963/1250 [03:49<01:07,  4.24it/s]
[1Aphase1 epoch 0:  77%|███████▋  | 964/1250 [03:49<01:07,  4.23it/s]
[1Aphase1 epoch 0:  77%|███████▋  | 965/1250 [03:49<01:07,  4.23it/s]
[1Aphase1 epoch 0:  77%|███████▋  | 966/1250 [03:49<01:06,  4.29it/s]
[1Aphase1 epoch 0:  77%|███████▋  | 967/1250 [03:50<01:05,  4.33it/s]
[1Aphase1 epoch 0:  77%|███████▋  | 968/1250 [03:50<01:05,  4.28it/s]
[1Aphase1 epoch 0:  78%|███████▊  | 969/1250 [03:50<01:05,  4.26it/s]
[1Aphase1 epoch 0:  78%|███████▊  | 970/1250 [03:50<01:06,  4.24it/s]
[1Aphase1 epoch 0:  78%|███████▊  | 971/1250 [03:50<01:06,  4.23it/s]
[1Aphase1 epoch 0:  78%|███████▊  | 972/1250 [03:51<01:04,  4.28it/s]
[1Aphase1 epoch 0:  78%|███████▊  | 973/1250 [03:51<01:05,  4.26it/s]
[1Aphase1 epoch 0:  78%|███████▊  | 974/1250 [03:51<01:04,  4.25it/s]
[1Aphase1 epoch 0:  78%|███████▊  | 975/1250 [03:51<01:04,  4.24it/s]
[1Aphase1 epoch 0:  78%|███████▊  | 976/1250 [03:52<01:03,  4.30it/s]
[1Aphase1 epoch 0:  78%|███████▊  | 977/1250 [03:52<01:04,  4.26it/s]
[1Aphase1 epoch 0:  78%|███████▊  | 978/1250 [03:52<01:04,  4.24it/s]
[1Aphase1 epoch 0:  78%|███████▊  | 979/1250 [03:52<01:03,  4.29it/s]
[1Aphase1 epoch 0:  78%|███████▊  | 980/1250 [03:53<01:03,  4.26it/s]
[1Aphase1 epoch 0:  78%|███████▊  | 981/1250 [03:53<01:03,  4.25it/s]
[1Aphase1 epoch 0:  79%|███████▊  | 982/1250 [03:53<01:03,  4.24it/s]
[1Aphase1 epoch 0:  79%|███████▊  | 983/1250 [03:53<01:04,  4.16it/s]
[1Aphase1 epoch 0:  79%|███████▊  | 984/1250 [03:54<01:03,  4.17it/s]
[1Aphase1 epoch 0:  79%|███████▉  | 985/1250 [03:54<01:03,  4.18it/s]
[1Aphase1 epoch 0:  79%|███████▉  | 986/1250 [03:54<01:04,  4.09it/s]
[1Aphase1 epoch 0:  79%|███████▉  | 987/1250 [03:54<01:04,  4.09it/s]
[1Aphase1 epoch 0:  79%|███████▉  | 988/1250 [03:55<01:02,  4.17it/s]
[1Aphase1 epoch 0:  79%|███████▉  | 989/1250 [03:55<01:02,  4.19it/s]
[1Aphase1 epoch 0:  79%|███████▉  | 990/1250 [03:55<01:00,  4.27it/s]
[1Aphase1 epoch 0:  79%|███████▉  | 991/1250 [03:55<01:00,  4.25it/s]
[1Aphase1 epoch 0:  79%|███████▉  | 992/1250 [03:55<01:01,  4.18it/s]
[1Aphase1 epoch 0:  79%|███████▉  | 993/1250 [03:56<01:01,  4.18it/s]
[1Aphase1 epoch 0:  80%|███████▉  | 994/1250 [03:56<01:01,  4.18it/s]
[1Aphase1 epoch 0:  80%|███████▉  | 995/1250 [03:56<01:01,  4.18it/s]
[1Aphase1 epoch 0:  80%|███████▉  | 996/1250 [03:56<00:59,  4.24it/s]
[1Aphase1 epoch 0:  80%|███████▉  | 997/1250 [03:57<01:01,  4.12it/s]
[1Aphase1 epoch 0:  80%|███████▉  | 998/1250 [03:57<01:00,  4.16it/s]
[1Aphase1 epoch 0:  80%|███████▉  | 999/1250 [03:57<01:01,  4.06it/s]
[1Aphase1 epoch 0:  80%|████████  | 1000/1250 [03:57<01:02,  3.99it/s]
[1Aphase1 epoch 0:  80%|████████  | 1001/1250 [03:58<01:01,  4.05it/s]
[1Aphase1 epoch 0:  80%|████████  | 1002/1250 [03:58<01:00,  4.10it/s]
[1Aphase1 epoch 0:  80%|████████  | 1003/1250 [03:58<00:59,  4.18it/s]
[1Aphase1 epoch 0:  80%|████████  | 1004/1250 [03:58<00:59,  4.15it/s]
[1Aphase1 epoch 0:  80%|████████  | 1005/1250 [03:59<01:00,  4.05it/s]
[1Aphase1 epoch 0:  80%|████████  | 1006/1250 [03:59<01:01,  4.00it/s]
[1Aphase1 epoch 0:  81%|████████  | 1007/1250 [03:59<00:59,  4.12it/s]
[1Aphase1 epoch 0:  81%|████████  | 1008/1250 [03:59<00:58,  4.14it/s]
[1Aphase1 epoch 0:  81%|████████  | 1009/1250 [04:00<00:56,  4.23it/s]
[1Aphase1 epoch 0:  81%|████████  | 1010/1250 [04:00<00:56,  4.23it/s]
[1Aphase1 epoch 0:  81%|████████  | 1011/1250 [04:00<00:56,  4.23it/s]
[1Aphase1 epoch 0:  81%|████████  | 1012/1250 [04:00<00:56,  4.22it/s]
[1Aphase1 epoch 0:  81%|████████  | 1013/1250 [04:01<00:55,  4.28it/s]
[1Aphase1 epoch 0:  81%|████████  | 1014/1250 [04:01<00:54,  4.33it/s]
[1Aphase1 epoch 0:  81%|████████  | 1015/1250 [04:01<00:54,  4.31it/s]
[1Aphase1 epoch 0:  81%|████████▏ | 1016/1250 [04:01<00:53,  4.36it/s]
[1Aphase1 epoch 0:  81%|████████▏ | 1017/1250 [04:01<00:53,  4.39it/s]
[1Aphase1 epoch 0:  81%|████████▏ | 1018/1250 [04:02<00:53,  4.33it/s]
[1Aphase1 epoch 0:  82%|████████▏ | 1019/1250 [04:02<00:53,  4.30it/s]
[1Aphase1 epoch 0:  82%|████████▏ | 1020/1250 [04:02<00:54,  4.23it/s]
[1Aphase1 epoch 0:  82%|████████▏ | 1021/1250 [04:02<00:54,  4.16it/s]
[1Aphase1 epoch 0:  82%|████████▏ | 1022/1250 [04:03<00:54,  4.17it/s]
[1Aphase1 epoch 0:  82%|████████▏ | 1023/1250 [04:03<00:54,  4.19it/s]
[1Aphase1 epoch 0:  82%|████████▏ | 1024/1250 [04:03<00:53,  4.25it/s]
[1Aphase1 epoch 0:  82%|████████▏ | 1025/1250 [04:03<00:52,  4.30it/s]
[1Aphase1 epoch 0:  82%|████████▏ | 1026/1250 [04:04<00:52,  4.29it/s]
[1Aphase1 epoch 0:  82%|████████▏ | 1027/1250 [04:04<00:51,  4.33it/s]
[1Aphase1 epoch 0:  82%|████████▏ | 1028/1250 [04:04<00:50,  4.37it/s]
[1Aphase1 epoch 0:  82%|████████▏ | 1029/1250 [04:04<00:50,  4.37it/s]
[1Aphase1 epoch 0:  82%|████████▏ | 1030/1250 [04:04<00:50,  4.32it/s]
[1Aphase1 epoch 0:  82%|████████▏ | 1031/1250 [04:05<00:51,  4.27it/s]
[1Aphase1 epoch 0:  83%|████████▎ | 1032/1250 [04:05<00:50,  4.31it/s]
[1Aphase1 epoch 0:  83%|████████▎ | 1033/1250 [04:05<00:52,  4.15it/s]
[1Aphase1 epoch 0:  83%|████████▎ | 1034/1250 [04:05<00:51,  4.18it/s]
[1Aphase1 epoch 0:  83%|████████▎ | 1035/1250 [04:06<00:52,  4.12it/s]
[1Aphase1 epoch 0:  83%|████████▎ | 1036/1250 [04:06<00:50,  4.22it/s]
[1Aphase1 epoch 0:  83%|████████▎ | 1037/1250 [04:06<00:50,  4.21it/s]
[1Aphase1 epoch 0:  83%|████████▎ | 1038/1250 [04:06<00:51,  4.16it/s]
[1Aphase1 epoch 0:  83%|████████▎ | 1039/1250 [04:07<00:50,  4.17it/s]
[1Aphase1 epoch 0:  83%|████████▎ | 1040/1250 [04:07<00:49,  4.25it/s]
[1Aphase1 epoch 0:  83%|████████▎ | 1041/1250 [04:07<00:48,  4.30it/s]
[1Aphase1 epoch 0:  83%|████████▎ | 1042/1250 [04:07<00:50,  4.16it/s]
[1Aphase1 epoch 0:  83%|████████▎ | 1043/1250 [04:08<00:49,  4.19it/s]
[1Aphase1 epoch 0:  84%|████████▎ | 1044/1250 [04:08<00:49,  4.19it/s]
[1Aphase1 epoch 0:  84%|████████▎ | 1045/1250 [04:08<00:48,  4.25it/s]
[1Aphase1 epoch 0:  84%|████████▎ | 1046/1250 [04:08<00:48,  4.18it/s]
[1Aphase1 epoch 0:  84%|████████▍ | 1047/1250 [04:09<00:48,  4.17it/s]
[1Aphase1 epoch 0:  84%|████████▍ | 1048/1250 [04:09<00:48,  4.20it/s]
[1Aphase1 epoch 0:  84%|████████▍ | 1049/1250 [04:09<00:47,  4.25it/s]
[1Aphase1 epoch 0:  84%|████████▍ | 1050/1250 [04:09<00:46,  4.30it/s]
[1Aphase1 epoch 0:  84%|████████▍ | 1051/1250 [04:09<00:45,  4.33it/s]
[1Aphase1 epoch 0:  84%|████████▍ | 1052/1250 [04:10<00:45,  4.37it/s]
[1Aphase1 epoch 0:  84%|████████▍ | 1053/1250 [04:10<00:45,  4.37it/s]
[1Aphase1 epoch 0:  84%|████████▍ | 1054/1250 [04:10<00:46,  4.24it/s]
[1Aphase1 epoch 0:  84%|████████▍ | 1055/1250 [04:10<00:46,  4.17it/s]
[1Aphase1 epoch 0:  84%|████████▍ | 1056/1250 [04:11<00:46,  4.17it/s]
[1Aphase1 epoch 0:  85%|████████▍ | 1057/1250 [04:11<00:46,  4.19it/s]
[1Aphase1 epoch 0:  85%|████████▍ | 1058/1250 [04:11<00:45,  4.21it/s]
[1Aphase1 epoch 0:  85%|████████▍ | 1059/1250 [04:11<00:44,  4.28it/s]
[1Aphase1 epoch 0:  85%|████████▍ | 1060/1250 [04:12<00:44,  4.31it/s]
[1Aphase1 epoch 0:  85%|████████▍ | 1061/1250 [04:12<00:44,  4.28it/s]
[1Aphase1 epoch 0:  85%|████████▍ | 1062/1250 [04:12<00:44,  4.27it/s]
[1Aphase1 epoch 0:  85%|████████▌ | 1063/1250 [04:12<00:44,  4.24it/s]
[1Aphase1 epoch 0:  85%|████████▌ | 1064/1250 [04:13<00:43,  4.29it/s]
[1Aphase1 epoch 0:  85%|████████▌ | 1065/1250 [04:13<00:43,  4.28it/s]
[1Aphase1 epoch 0:  85%|████████▌ | 1066/1250 [04:13<00:43,  4.25it/s]
[1Aphase1 epoch 0:  85%|████████▌ | 1067/1250 [04:13<00:43,  4.23it/s]
[1Aphase1 epoch 0:  85%|████████▌ | 1068/1250 [04:13<00:42,  4.29it/s]
[1Aphase1 epoch 0:  86%|████████▌ | 1069/1250 [04:14<00:42,  4.28it/s]
[1Aphase1 epoch 0:  86%|████████▌ | 1070/1250 [04:14<00:41,  4.35it/s]
[1Aphase1 epoch 0:  86%|████████▌ | 1071/1250 [04:14<00:41,  4.31it/s]
[1Aphase1 epoch 0:  86%|████████▌ | 1072/1250 [04:14<00:41,  4.26it/s]
[1Aphase1 epoch 0:  86%|████████▌ | 1073/1250 [04:15<00:42,  4.19it/s]
[1Aphase1 epoch 0:  86%|████████▌ | 1074/1250 [04:15<00:41,  4.21it/s]
[1Aphase1 epoch 0:  86%|████████▌ | 1075/1250 [04:15<00:41,  4.21it/s]
[1Aphase1 epoch 0:  86%|████████▌ | 1076/1250 [04:15<00:40,  4.28it/s]
[1Aphase1 epoch 0:  86%|████████▌ | 1077/1250 [04:16<00:40,  4.26it/s]
[1Aphase1 epoch 0:  86%|████████▌ | 1078/1250 [04:16<00:40,  4.25it/s]
[1Aphase1 epoch 0:  86%|████████▋ | 1079/1250 [04:16<00:40,  4.24it/s]
[1Aphase1 epoch 0:  86%|████████▋ | 1080/1250 [04:16<00:40,  4.17it/s]
[1Aphase1 epoch 0:  86%|████████▋ | 1081/1250 [04:17<00:39,  4.25it/s]
[1Aphase1 epoch 0:  87%|████████▋ | 1082/1250 [04:17<00:39,  4.22it/s]
[1Aphase1 epoch 0:  87%|████████▋ | 1083/1250 [04:17<00:39,  4.23it/s]
[1Aphase1 epoch 0:  87%|████████▋ | 1084/1250 [04:17<00:40,  4.14it/s]
[1Aphase1 epoch 0:  87%|████████▋ | 1085/1250 [04:17<00:39,  4.22it/s]
[1Aphase1 epoch 0:  87%|████████▋ | 1086/1250 [04:18<00:39,  4.10it/s]
[1Aphase1 epoch 0:  87%|████████▋ | 1087/1250 [04:18<00:38,  4.19it/s]
[1Aphase1 epoch 0:  87%|████████▋ | 1088/1250 [04:18<00:38,  4.19it/s]
[1Aphase1 epoch 0:  87%|████████▋ | 1089/1250 [04:18<00:38,  4.19it/s]
[1Aphase1 epoch 0:  87%|████████▋ | 1090/1250 [04:19<00:38,  4.21it/s]
[1Aphase1 epoch 0:  87%|████████▋ | 1091/1250 [04:19<00:37,  4.20it/s]
[1Aphase1 epoch 0:  87%|████████▋ | 1092/1250 [04:19<00:38,  4.15it/s]
[1Aphase1 epoch 0:  87%|████████▋ | 1093/1250 [04:19<00:37,  4.15it/s]
[1Aphase1 epoch 0:  88%|████████▊ | 1094/1250 [04:20<00:37,  4.18it/s]
[1Aphase1 epoch 0:  88%|████████▊ | 1095/1250 [04:20<00:37,  4.12it/s]
[1Aphase1 epoch 0:  88%|████████▊ | 1096/1250 [04:20<00:37,  4.16it/s]
[1Aphase1 epoch 0:  88%|████████▊ | 1097/1250 [04:20<00:36,  4.23it/s]
[1Aphase1 epoch 0:  88%|████████▊ | 1098/1250 [04:21<00:35,  4.24it/s]
[1Aphase1 epoch 0:  88%|████████▊ | 1099/1250 [04:21<00:35,  4.30it/s]
[1Aphase1 epoch 0:  88%|████████▊ | 1100/1250 [04:21<00:35,  4.26it/s]
[1Aphase1 epoch 0:  88%|████████▊ | 1101/1250 [04:21<00:35,  4.25it/s]
[1Aphase1 epoch 0:  88%|████████▊ | 1102/1250 [04:22<00:35,  4.18it/s]
[1Aphase1 epoch 0:  88%|████████▊ | 1103/1250 [04:22<00:34,  4.24it/s]
[1Aphase1 epoch 0:  88%|████████▊ | 1104/1250 [04:22<00:34,  4.23it/s]
[1Aphase1 epoch 0:  88%|████████▊ | 1105/1250 [04:22<00:34,  4.20it/s]
[1Aphase1 epoch 0:  88%|████████▊ | 1106/1250 [04:22<00:34,  4.21it/s]
[1Aphase1 epoch 0:  89%|████████▊ | 1107/1250 [04:23<00:33,  4.21it/s]
[1Aphase1 epoch 0:  89%|████████▊ | 1108/1250 [04:23<00:33,  4.22it/s]
[1Aphase1 epoch 0:  89%|████████▊ | 1109/1250 [04:23<00:32,  4.28it/s]
[1Aphase1 epoch 0:  89%|████████▉ | 1110/1250 [04:23<00:32,  4.31it/s]
[1Aphase1 epoch 0:  89%|████████▉ | 1111/1250 [04:24<00:32,  4.34it/s]
[1Aphase1 epoch 0:  89%|████████▉ | 1112/1250 [04:24<00:32,  4.30it/s]
[1Aphase1 epoch 0:  89%|████████▉ | 1113/1250 [04:24<00:32,  4.28it/s]
[1Aphase1 epoch 0:  89%|████████▉ | 1114/1250 [04:24<00:31,  4.26it/s]
[1Aphase1 epoch 0:  89%|████████▉ | 1115/1250 [04:25<00:32,  4.19it/s]
[1Aphase1 epoch 0:  89%|████████▉ | 1116/1250 [04:25<00:31,  4.25it/s]
[1Aphase1 epoch 0:  89%|████████▉ | 1117/1250 [04:25<00:31,  4.23it/s]
[1Aphase1 epoch 0:  89%|████████▉ | 1118/1250 [04:25<00:31,  4.22it/s]
[1Aphase1 epoch 0:  90%|████████▉ | 1119/1250 [04:26<00:30,  4.27it/s]
[1Aphase1 epoch 0:  90%|████████▉ | 1120/1250 [04:26<00:30,  4.31it/s]
[1Aphase1 epoch 0:  90%|████████▉ | 1121/1250 [04:26<00:29,  4.34it/s]
[1Aphase1 epoch 0:  90%|████████▉ | 1122/1250 [04:26<00:29,  4.37it/s]
[1Aphase1 epoch 0:  90%|████████▉ | 1123/1250 [04:26<00:28,  4.38it/s]
[1Aphase1 epoch 0:  90%|████████▉ | 1124/1250 [04:27<00:28,  4.39it/s]
[1Aphase1 epoch 0:  90%|█████████ | 1125/1250 [04:27<00:28,  4.39it/s]
[1Aphase1 epoch 0:  90%|█████████ | 1126/1250 [04:27<00:28,  4.33it/s]
[1Aphase1 epoch 0:  90%|█████████ | 1127/1250 [04:27<00:28,  4.31it/s]
[1Aphase1 epoch 0:  90%|█████████ | 1128/1250 [04:28<00:28,  4.26it/s]
[1Aphase1 epoch 0:  90%|█████████ | 1129/1250 [04:28<00:28,  4.23it/s]
[1Aphase1 epoch 0:  90%|█████████ | 1130/1250 [04:28<00:28,  4.23it/s]
[1Aphase1 epoch 0:  90%|█████████ | 1131/1250 [04:28<00:28,  4.22it/s]
[1Aphase1 epoch 0:  91%|█████████ | 1132/1250 [04:29<00:28,  4.16it/s]
[1Aphase1 epoch 0:  91%|█████████ | 1133/1250 [04:29<00:28,  4.11it/s]
[1Aphase1 epoch 0:  91%|█████████ | 1134/1250 [04:29<00:28,  4.07it/s]
[1Aphase1 epoch 0:  91%|█████████ | 1135/1250 [04:29<00:28,  4.10it/s]
[1Aphase1 epoch 0:  91%|█████████ | 1136/1250 [04:30<00:27,  4.13it/s]
[1Aphase1 epoch 0:  91%|█████████ | 1137/1250 [04:30<00:27,  4.16it/s]
[1Aphase1 epoch 0:  91%|█████████ | 1138/1250 [04:30<00:26,  4.23it/s]
[1Aphase1 epoch 0:  91%|█████████ | 1139/1250 [04:30<00:26,  4.24it/s]
[1Aphase1 epoch 0:  91%|█████████ | 1140/1250 [04:30<00:26,  4.15it/s]
[1Aphase1 epoch 0:  91%|█████████▏| 1141/1250 [04:31<00:26,  4.18it/s]
[1Aphase1 epoch 0:  91%|█████████▏| 1142/1250 [04:31<00:25,  4.18it/s]
[1Aphase1 epoch 0:  91%|█████████▏| 1143/1250 [04:31<00:25,  4.18it/s]
[1Aphase1 epoch 0:  92%|█████████▏| 1144/1250 [04:31<00:26,  4.07it/s]
[1Aphase1 epoch 0:  92%|█████████▏| 1145/1250 [04:32<00:25,  4.12it/s]
[1Aphase1 epoch 0:  92%|█████████▏| 1146/1250 [04:32<00:24,  4.16it/s]
[1Aphase1 epoch 0:  92%|█████████▏| 1147/1250 [04:32<00:24,  4.24it/s]
[1Aphase1 epoch 0:  92%|█████████▏| 1148/1250 [04:32<00:23,  4.31it/s]
[1Aphase1 epoch 0:  92%|█████████▏| 1149/1250 [04:33<00:23,  4.27it/s]
[1Aphase1 epoch 0:  92%|█████████▏| 1150/1250 [04:33<00:23,  4.32it/s]
[1Aphase1 epoch 0:  92%|█████████▏| 1151/1250 [04:33<00:23,  4.29it/s]
[1Aphase1 epoch 0:  92%|█████████▏| 1152/1250 [04:33<00:23,  4.21it/s]
[1Aphase1 epoch 0:  92%|█████████▏| 1153/1250 [04:34<00:23,  4.20it/s]
[1Aphase1 epoch 0:  92%|█████████▏| 1154/1250 [04:34<00:22,  4.19it/s]
[1Aphase1 epoch 0:  92%|█████████▏| 1155/1250 [04:34<00:22,  4.19it/s]
[1Aphase1 epoch 0:  92%|█████████▏| 1156/1250 [04:34<00:22,  4.19it/s]
[1Aphase1 epoch 0:  93%|█████████▎| 1157/1250 [04:35<00:22,  4.18it/s]
[1Aphase1 epoch 0:  93%|█████████▎| 1158/1250 [04:35<00:21,  4.25it/s]
[1Aphase1 epoch 0:  93%|█████████▎| 1159/1250 [04:35<00:21,  4.17it/s]
[1Aphase1 epoch 0:  93%|█████████▎| 1160/1250 [04:35<00:21,  4.24it/s]
[1Aphase1 epoch 0:  93%|█████████▎| 1161/1250 [04:35<00:21,  4.18it/s]
[1Aphase1 epoch 0:  93%|█████████▎| 1162/1250 [04:36<00:21,  4.13it/s]
[1Aphase1 epoch 0:  93%|█████████▎| 1163/1250 [04:36<00:20,  4.16it/s]
[1Aphase1 epoch 0:  93%|█████████▎| 1164/1250 [04:36<00:20,  4.16it/s]
[1Aphase1 epoch 0:  93%|█████████▎| 1165/1250 [04:36<00:20,  4.24it/s]
[1Aphase1 epoch 0:  93%|█████████▎| 1166/1250 [04:37<00:19,  4.21it/s]
[1Aphase1 epoch 0:  93%|█████████▎| 1167/1250 [04:37<00:19,  4.26it/s]
[1Aphase1 epoch 0:  93%|█████████▎| 1168/1250 [04:37<00:19,  4.25it/s]
[1Aphase1 epoch 0:  94%|█████████▎| 1169/1250 [04:37<00:19,  4.23it/s]
[1Aphase1 epoch 0:  94%|█████████▎| 1170/1250 [04:38<00:18,  4.22it/s]
[1Aphase1 epoch 0:  94%|█████████▎| 1171/1250 [04:38<00:19,  4.14it/s]
[1Aphase1 epoch 0:  94%|█████████▍| 1172/1250 [04:38<00:18,  4.15it/s]
[1Aphase1 epoch 0:  94%|█████████▍| 1173/1250 [04:38<00:18,  4.12it/s]
[1Aphase1 epoch 0:  94%|█████████▍| 1174/1250 [04:39<00:18,  4.15it/s]
[1Aphase1 epoch 0:  94%|█████████▍| 1175/1250 [04:39<00:18,  4.11it/s]
[1Aphase1 epoch 0:  94%|█████████▍| 1176/1250 [04:39<00:17,  4.13it/s]
[1Aphase1 epoch 0:  94%|█████████▍| 1177/1250 [04:39<00:17,  4.14it/s]
[1Aphase1 epoch 0:  94%|█████████▍| 1178/1250 [04:40<00:17,  4.16it/s]
[1Aphase1 epoch 0:  94%|█████████▍| 1179/1250 [04:40<00:17,  4.12it/s]
[1Aphase1 epoch 0:  94%|█████████▍| 1180/1250 [04:40<00:16,  4.14it/s]
[1Aphase1 epoch 0:  94%|█████████▍| 1181/1250 [04:40<00:16,  4.14it/s]
[1Aphase1 epoch 0:  95%|█████████▍| 1182/1250 [04:41<00:16,  4.05it/s]
[1Aphase1 epoch 0:  95%|█████████▍| 1183/1250 [04:41<00:16,  4.18it/s]
[1Aphase1 epoch 0:  95%|█████████▍| 1184/1250 [04:41<00:15,  4.18it/s]
[1Aphase1 epoch 0:  95%|█████████▍| 1185/1250 [04:41<00:15,  4.20it/s]
[1Aphase1 epoch 0:  95%|█████████▍| 1186/1250 [04:41<00:15,  4.21it/s]
[1Aphase1 epoch 0:  95%|█████████▍| 1187/1250 [04:42<00:14,  4.21it/s]
[1Aphase1 epoch 0:  95%|█████████▌| 1188/1250 [04:42<00:14,  4.19it/s]
[1Aphase1 epoch 0:  95%|█████████▌| 1189/1250 [04:42<00:14,  4.21it/s]
[1Aphase1 epoch 0:  95%|█████████▌| 1190/1250 [04:42<00:14,  4.27it/s]
[1Aphase1 epoch 0:  95%|█████████▌| 1191/1250 [04:43<00:13,  4.25it/s]
[1Aphase1 epoch 0:  95%|█████████▌| 1192/1250 [04:43<00:13,  4.23it/s]
[1Aphase1 epoch 0:  95%|█████████▌| 1193/1250 [04:43<00:13,  4.22it/s]
[1Aphase1 epoch 0:  96%|█████████▌| 1194/1250 [04:43<00:13,  4.21it/s]
[1Aphase1 epoch 0:  96%|█████████▌| 1195/1250 [04:44<00:13,  4.21it/s]
[1Aphase1 epoch 0:  96%|█████████▌| 1196/1250 [04:44<00:12,  4.22it/s]
[1Aphase1 epoch 0:  96%|█████████▌| 1197/1250 [04:44<00:12,  4.23it/s]
[1Aphase1 epoch 0:  96%|█████████▌| 1198/1250 [04:44<00:12,  4.20it/s]
[1Aphase1 epoch 0:  96%|█████████▌| 1199/1250 [04:45<00:12,  4.21it/s]
[1Aphase1 epoch 0:  96%|█████████▌| 1200/1250 [04:45<00:11,  4.21it/s]
[1Aphase1 epoch 0:  96%|█████████▌| 1201/1250 [04:45<00:11,  4.27it/s]
[1Aphase1 epoch 0:  96%|█████████▌| 1202/1250 [04:45<00:11,  4.27it/s]
[1Aphase1 epoch 0:  96%|█████████▌| 1203/1250 [04:45<00:10,  4.30it/s]
[1Aphase1 epoch 0:  96%|█████████▋| 1204/1250 [04:46<00:10,  4.26it/s]
[1Aphase1 epoch 0:  96%|█████████▋| 1205/1250 [04:46<00:10,  4.24it/s]
[1Aphase1 epoch 0:  96%|█████████▋| 1206/1250 [04:46<00:10,  4.18it/s]
[1Aphase1 epoch 0:  97%|█████████▋| 1207/1250 [04:46<00:10,  4.14it/s]
[1Aphase1 epoch 0:  97%|█████████▋| 1208/1250 [04:47<00:10,  4.14it/s]
[1Aphase1 epoch 0:  97%|█████████▋| 1209/1250 [04:47<00:10,  4.09it/s]
[1Aphase1 epoch 0:  97%|█████████▋| 1210/1250 [04:47<00:09,  4.19it/s]
[1Aphase1 epoch 0:  97%|█████████▋| 1211/1250 [04:47<00:09,  4.25it/s]
[1Aphase1 epoch 0:  97%|█████████▋| 1212/1250 [04:48<00:08,  4.22it/s]
[1Aphase1 epoch 0:  97%|█████████▋| 1213/1250 [04:48<00:08,  4.22it/s]
[1Aphase1 epoch 0:  97%|█████████▋| 1214/1250 [04:48<00:08,  4.20it/s]
[1Aphase1 epoch 0:  97%|█████████▋| 1215/1250 [04:48<00:08,  4.26it/s]
[1Aphase1 epoch 0:  97%|█████████▋| 1216/1250 [04:49<00:08,  4.23it/s]
[1Aphase1 epoch 0:  97%|█████████▋| 1217/1250 [04:49<00:07,  4.22it/s]
[1Aphase1 epoch 0:  97%|█████████▋| 1218/1250 [04:49<00:07,  4.22it/s]
[1Aphase1 epoch 0:  98%|█████████▊| 1219/1250 [04:49<00:07,  4.23it/s]
[1Aphase1 epoch 0:  98%|█████████▊| 1220/1250 [04:50<00:07,  4.22it/s]
[1Aphase1 epoch 0:  98%|█████████▊| 1221/1250 [04:50<00:07,  4.09it/s]
[1Aphase1 epoch 0:  98%|█████████▊| 1222/1250 [04:50<00:06,  4.19it/s]
[1Aphase1 epoch 0:  98%|█████████▊| 1223/1250 [04:50<00:06,  4.15it/s]
[1Aphase1 epoch 0:  98%|█████████▊| 1224/1250 [04:50<00:06,  4.16it/s]
[1Aphase1 epoch 0:  98%|█████████▊| 1225/1250 [04:51<00:05,  4.17it/s]
[1Aphase1 epoch 0:  98%|█████████▊| 1226/1250 [04:51<00:05,  4.19it/s]
[1Aphase1 epoch 0:  98%|█████████▊| 1227/1250 [04:51<00:05,  4.26it/s]
[1Aphase1 epoch 0:  98%|█████████▊| 1228/1250 [04:51<00:05,  4.23it/s]
[1Aphase1 epoch 0:  98%|█████████▊| 1229/1250 [04:52<00:04,  4.24it/s]
[1Aphase1 epoch 0:  98%|█████████▊| 1230/1250 [04:52<00:04,  4.22it/s]
[1Aphase1 epoch 0:  98%|█████████▊| 1231/1250 [04:52<00:04,  4.29it/s]
[1Aphase1 epoch 0:  99%|█████████▊| 1232/1250 [04:52<00:04,  4.19it/s]
[1Aphase1 epoch 0:  99%|█████████▊| 1233/1250 [04:53<00:04,  4.21it/s]
[1Aphase1 epoch 0:  99%|█████████▊| 1234/1250 [04:53<00:03,  4.21it/s]
[1Aphase1 epoch 0:  99%|█████████▉| 1235/1250 [04:53<00:03,  4.21it/s]
[1Aphase1 epoch 0:  99%|█████████▉| 1236/1250 [04:53<00:03,  4.28it/s]
[1Aphase1 epoch 0:  99%|█████████▉| 1237/1250 [04:54<00:03,  4.26it/s]
[1Aphase1 epoch 0:  99%|█████████▉| 1238/1250 [04:54<00:02,  4.25it/s]
[1Aphase1 epoch 0:  99%|█████████▉| 1239/1250 [04:54<00:02,  4.18it/s]
[1Aphase1 epoch 0:  99%|█████████▉| 1240/1250 [04:54<00:02,  4.18it/s]
[1Aphase1 epoch 0:  99%|█████████▉| 1241/1250 [04:55<00:02,  4.07it/s]
[1Aphase1 epoch 0:  99%|█████████▉| 1242/1250 [04:55<00:01,  4.07it/s]
[1Aphase1 epoch 0:  99%|█████████▉| 1243/1250 [04:55<00:01,  4.16it/s]
[1Aphase1 epoch 0: 100%|█████████▉| 1244/1250 [04:55<00:01,  4.23it/s]
[1Aphase1 epoch 0: 100%|█████████▉| 1245/1250 [04:55<00:01,  4.21it/s]
[1Aphase1 epoch 0: 100%|█████████▉| 1246/1250 [04:56<00:00,  4.21it/s]
[1Aphase1 epoch 0: 100%|█████████▉| 1247/1250 [04:56<00:00,  4.22it/s]
[1Aphase1 epoch 0: 100%|█████████▉| 1248/1250 [04:56<00:00,  4.22it/s]
[1Aphase1 epoch 0: 100%|█████████▉| 1249/1250 [04:56<00:00,  4.15it/s]
[1Aphase1 epoch 0: 100%|██████████| 1250/1250 [04:57<00:00,  4.21it/s]
[1A                                                                   
[1A
[1Aphase1 epoch 1:   0%|          | 0/1250 [00:00<?, ?it/s]
[1Aphase1 epoch 1:   0%|          | 1/1250 [00:00<04:43,  4.41it/s]
[1Aphase1 epoch 1:   0%|          | 2/1250 [00:00<04:43,  4.41it/s]
[1Aphase1 epoch 1:   0%|          | 3/1250 [00:00<04:54,  4.23it/s]
[1Aphase1 epoch 1:   0%|          | 4/1250 [00:00<04:54,  4.24it/s]
[1Aphase1 epoch 1:   0%|          | 5/1250 [00:01<04:49,  4.30it/s]
[1Aphase1 epoch 1:   0%|          | 6/1250 [00:01<04:46,  4.34it/s]
[1Aphase1 epoch 1:   1%|          | 7/1250 [00:01<04:50,  4.28it/s]
[1Aphase1 epoch 1:   1%|          | 8/1250 [00:01<04:51,  4.26it/s]
[1Aphase1 epoch 1:   1%|          | 9/1250 [00:02<04:51,  4.25it/s]
[1Aphase1 epoch 1:   1%|          | 10/1250 [00:02<04:49,  4.29it/s]
[1Aphase1 epoch 1:   1%|          | 11/1250 [00:02<04:51,  4.25it/s]
[1Aphase1 epoch 1:   1%|          | 12/1250 [00:02<04:51,  4.25it/s]
[1Aphase1 epoch 1:   1%|          | 13/1250 [00:03<04:55,  4.18it/s]
[1Aphase1 epoch 1:   1%|          | 14/1250 [00:03<04:51,  4.24it/s]
[1Aphase1 epoch 1:   1%|          | 15/1250 [00:03<04:47,  4.29it/s]
[1Aphase1 epoch 1:   1%|▏         | 16/1250 [00:03<04:50,  4.25it/s]
[1Aphase1 epoch 1:   1%|▏         | 17/1250 [00:03<04:51,  4.23it/s]
[1Aphase1 epoch 1:   1%|▏         | 18/1250 [00:04<04:47,  4.29it/s]
[1Aphase1 epoch 1:   2%|▏         | 19/1250 [00:04<04:49,  4.25it/s]
[1Aphase1 epoch 1:   2%|▏         | 20/1250 [00:04<04:50,  4.23it/s]
[1Aphase1 epoch 1:   2%|▏         | 21/1250 [00:04<04:49,  4.24it/s]
[1Aphase1 epoch 1:   2%|▏         | 22/1250 [00:05<04:45,  4.29it/s]
[1Aphase1 epoch 1:   2%|▏         | 23/1250 [00:05<04:51,  4.21it/s]
[1Aphase1 epoch 1:   2%|▏         | 24/1250 [00:05<04:51,  4.21it/s]
[1Aphase1 epoch 1:   2%|▏         | 25/1250 [00:05<04:54,  4.15it/s]
[1Aphase1 epoch 1:   2%|▏         | 26/1250 [00:06<04:53,  4.18it/s]
[1Aphase1 epoch 1:   2%|▏         | 27/1250 [00:06<04:52,  4.18it/s]
[1Aphase1 epoch 1:   2%|▏         | 28/1250 [00:06<04:52,  4.18it/s]
[1Aphase1 epoch 1:   2%|▏         | 29/1250 [00:06<04:51,  4.19it/s]
[1Aphase1 epoch 1:   2%|▏         | 30/1250 [00:07<04:51,  4.19it/s]
[1Aphase1 epoch 1:   2%|▏         | 31/1250 [00:07<04:54,  4.14it/s]
[1Aphase1 epoch 1:   3%|▎         | 32/1250 [00:07<04:52,  4.17it/s]
[1Aphase1 epoch 1:   3%|▎         | 33/1250 [00:07<04:46,  4.25it/s]
[1Aphase1 epoch 1:   3%|▎         | 34/1250 [00:08<04:46,  4.25it/s]
[1Aphase1 epoch 1:   3%|▎         | 35/1250 [00:08<04:47,  4.23it/s]
[1Aphase1 epoch 1:   3%|▎         | 36/1250 [00:08<04:43,  4.28it/s]
[1Aphase1 epoch 1:   3%|▎         | 37/1250 [00:08<04:43,  4.28it/s]
[1Aphase1 epoch 1:   3%|▎         | 38/1250 [00:08<04:44,  4.26it/s]
[1Aphase1 epoch 1:   3%|▎         | 39/1250 [00:09<04:50,  4.17it/s]
[1Aphase1 epoch 1:   3%|▎         | 40/1250 [00:09<04:49,  4.18it/s]
[1Aphase1 epoch 1:   3%|▎         | 41/1250 [00:09<04:48,  4.19it/s]
[1Aphase1 epoch 1:   3%|▎         | 42/1250 [00:09<04:51,  4.14it/s]
[1Aphase1 epoch 1:   3%|▎         | 43/1250 [00:10<04:57,  4.05it/s]
[1Aphase1 epoch 1:   4%|▎         | 44/1250 [00:10<04:54,  4.10it/s]
[1Aphase1 epoch 1:   4%|▎         | 45/1250 [00:10<04:52,  4.12it/s]
[1Aphase1 epoch 1:   4%|▎         | 46/1250 [00:10<04:54,  4.09it/s]
[1Aphase1 epoch 1:   4%|▍         | 47/1250 [00:11<04:52,  4.11it/s]
[1Aphase1 epoch 1:   4%|▍         | 48/1250 [00:11<04:46,  4.20it/s]
[1Aphase1 epoch 1:   4%|▍         | 49/1250 [00:11<04:45,  4.20it/s]
[1Aphase1 epoch 1:   4%|▍         | 50/1250 [00:11<04:41,  4.27it/s]
[1Aphase1 epoch 1:   4%|▍         | 51/1250 [00:12<04:41,  4.26it/s]
[1Aphase1 epoch 1:   4%|▍         | 52/1250 [00:12<04:46,  4.19it/s]
[1Aphase1 epoch 1:   4%|▍         | 53/1250 [00:12<04:41,  4.26it/s]
[1Aphase1 epoch 1:   4%|▍         | 54/1250 [00:12<04:37,  4.31it/s]
[1Aphase1 epoch 1:   4%|▍         | 55/1250 [00:13<04:39,  4.28it/s]
[1Aphase1 epoch 1:   4%|▍         | 56/1250 [00:13<04:36,  4.33it/s]
[1Aphase1 epoch 1:   5%|▍         | 57/1250 [00:13<04:34,  4.35it/s]
[1Aphase1 epoch 1:   5%|▍         | 58/1250 [00:13<04:40,  4.25it/s]
[1Aphase1 epoch 1:   5%|▍         | 59/1250 [00:13<04:46,  4.16it/s]
[1Aphase1 epoch 1:   5%|▍         | 60/1250 [00:14<04:41,  4.23it/s]
[1Aphase1 epoch 1:   5%|▍         | 61/1250 [00:14<04:45,  4.17it/s]
[1Aphase1 epoch 1:   5%|▍         | 62/1250 [00:14<04:43,  4.19it/s]
[1Aphase1 epoch 1:   5%|▌         | 63/1250 [00:14<04:43,  4.18it/s]
[1Aphase1 epoch 1:   5%|▌         | 64/1250 [00:15<04:43,  4.18it/s]
[1Aphase1 epoch 1:   5%|▌         | 65/1250 [00:15<04:42,  4.19it/s]
[1Aphase1 epoch 1:   5%|▌         | 66/1250 [00:15<04:46,  4.13it/s]
[1Aphase1 epoch 1:   5%|▌         | 67/1250 [00:15<04:40,  4.21it/s]
[1Aphase1 epoch 1:   5%|▌         | 68/1250 [00:16<04:40,  4.21it/s]
[1Aphase1 epoch 1:   6%|▌         | 69/1250 [00:16<04:40,  4.21it/s]
[1Aphase1 epoch 1:   6%|▌         | 70/1250 [00:16<04:41,  4.20it/s]
[1Aphase1 epoch 1:   6%|▌         | 71/1250 [00:16<04:45,  4.13it/s]
[1Aphase1 epoch 1:   6%|▌         | 72/1250 [00:17<04:43,  4.15it/s]
[1Aphase1 epoch 1:   6%|▌         | 73/1250 [00:17<04:46,  4.11it/s]
[1Aphase1 epoch 1:   6%|▌         | 74/1250 [00:17<04:43,  4.14it/s]
[1Aphase1 epoch 1:   6%|▌         | 75/1250 [00:17<04:36,  4.25it/s]
[1Aphase1 epoch 1:   6%|▌         | 76/1250 [00:18<04:37,  4.23it/s]
[1Aphase1 epoch 1:   6%|▌         | 77/1250 [00:18<04:37,  4.22it/s]
[1Aphase1 epoch 1:   6%|▌         | 78/1250 [00:18<04:41,  4.16it/s]
[1Aphase1 epoch 1:   6%|▋         | 79/1250 [00:18<04:40,  4.18it/s]
[1Aphase1 epoch 1:   6%|▋         | 80/1250 [00:19<04:44,  4.12it/s]
[1Aphase1 epoch 1:   6%|▋         | 81/1250 [00:19<04:41,  4.15it/s]
[1Aphase1 epoch 1:   7%|▋         | 82/1250 [00:19<04:41,  4.16it/s]
[1Aphase1 epoch 1:   7%|▋         | 83/1250 [00:19<04:48,  4.04it/s]
[1Aphase1 epoch 1:   7%|▋         | 84/1250 [00:19<04:43,  4.11it/s]
[1Aphase1 epoch 1:   7%|▋         | 85/1250 [00:20<04:42,  4.12it/s]
[1Aphase1 epoch 1:   7%|▋         | 86/1250 [00:20<04:39,  4.16it/s]
[1Aphase1 epoch 1:   7%|▋         | 87/1250 [00:20<04:38,  4.17it/s]
[1Aphase1 epoch 1:   7%|▋         | 88/1250 [00:20<04:34,  4.24it/s]
[1Aphase1 epoch 1:   7%|▋         | 89/1250 [00:21<04:35,  4.22it/s]
[1Aphase1 epoch 1:   7%|▋         | 90/1250 [00:21<04:30,  4.28it/s]
[1Aphase1 epoch 1:   7%|▋         | 91/1250 [00:21<04:31,  4.26it/s]
[1Aphase1 epoch 1:   7%|▋         | 92/1250 [00:21<04:28,  4.31it/s]
[1Aphase1 epoch 1:   7%|▋         | 93/1250 [00:22<04:30,  4.27it/s]
[1Aphase1 epoch 1:   8%|▊         | 94/1250 [00:22<04:35,  4.19it/s]
[1Aphase1 epoch 1:   8%|▊         | 95/1250 [00:22<04:35,  4.20it/s]
[1Aphase1 epoch 1:   8%|▊         | 96/1250 [00:22<04:38,  4.14it/s]
[1Aphase1 epoch 1:   8%|▊         | 97/1250 [00:23<04:40,  4.11it/s]
[1Aphase1 epoch 1:   8%|▊         | 98/1250 [00:23<04:34,  4.19it/s]
[1Aphase1 epoch 1:   8%|▊         | 99/1250 [00:23<04:38,  4.13it/s]
[1Aphase1 epoch 1:   8%|▊         | 100/1250 [00:23<04:41,  4.08it/s]
[1Aphase1 epoch 1:   8%|▊         | 101/1250 [00:24<04:35,  4.18it/s]
[1Aphase1 epoch 1:   8%|▊         | 102/1250 [00:24<04:38,  4.12it/s]
[1Aphase1 epoch 1:   8%|▊         | 103/1250 [00:24<04:44,  4.03it/s]
[1Aphase1 epoch 1:   8%|▊         | 104/1250 [00:24<04:37,  4.13it/s]
[1Aphase1 epoch 1:   8%|▊         | 105/1250 [00:25<04:39,  4.10it/s]
[1Aphase1 epoch 1:   8%|▊         | 106/1250 [00:25<04:36,  4.14it/s]
[1Aphase1 epoch 1:   9%|▊         | 107/1250 [00:25<04:35,  4.15it/s]
[1Aphase1 epoch 1:   9%|▊         | 108/1250 [00:25<04:33,  4.17it/s]
[1Aphase1 epoch 1:   9%|▊         | 109/1250 [00:25<04:33,  4.17it/s]
[1Aphase1 epoch 1:   9%|▉         | 110/1250 [00:26<04:33,  4.17it/s]
[1Aphase1 epoch 1:   9%|▉         | 111/1250 [00:26<04:31,  4.19it/s]
[1Aphase1 epoch 1:   9%|▉         | 112/1250 [00:26<04:32,  4.18it/s]
[1Aphase1 epoch 1:   9%|▉         | 113/1250 [00:26<04:35,  4.13it/s]
[1Aphase1 epoch 1:   9%|▉         | 114/1250 [00:27<04:32,  4.16it/s]
[1Aphase1 epoch 1:   9%|▉         | 115/1250 [00:27<04:36,  4.10it/s]
[1Aphase1 epoch 1:   9%|▉         | 116/1250 [00:27<04:30,  4.19it/s]
[1Aphase1 epoch 1:   9%|▉         | 117/1250 [00:27<04:29,  4.21it/s]
[1Aphase1 epoch 1:   9%|▉         | 118/1250 [00:28<04:25,  4.26it/s]
[1Aphase1 epoch 1:  10%|▉         | 119/1250 [00:28<04:27,  4.23it/s]
[1Aphase1 epoch 1:  10%|▉         | 120/1250 [00:28<04:28,  4.21it/s]
[1Aphase1 epoch 1:  10%|▉         | 121/1250 [00:28<04:28,  4.20it/s]
[1Aphase1 epoch 1:  10%|▉         | 122/1250 [00:29<04:31,  4.15it/s]
[1Aphase1 epoch 1:  10%|▉         | 123/1250 [00:29<04:35,  4.10it/s]
[1Aphase1 epoch 1:  10%|▉         | 124/1250 [00:29<04:32,  4.13it/s]
[1Aphase1 epoch 1:  10%|█         | 125/1250 [00:29<04:32,  4.14it/s]
[1Aphase1 epoch 1:  10%|█         | 126/1250 [00:30<04:34,  4.10it/s]
[1Aphase1 epoch 1:  10%|█         | 127/1250 [00:30<04:28,  4.19it/s]
[1Aphase1 epoch 1:  10%|█         | 128/1250 [00:30<04:24,  4.25it/s]
[1Aphase1 epoch 1:  10%|█         | 129/1250 [00:30<04:24,  4.23it/s]
[1Aphase1 epoch 1:  10%|█         | 130/1250 [00:30<04:24,  4.24it/s]
[1Aphase1 epoch 1:  10%|█         | 131/1250 [00:31<04:28,  4.16it/s]
[1Aphase1 epoch 1:  11%|█         | 132/1250 [00:31<04:32,  4.11it/s]
[1Aphase1 epoch 1:  11%|█         | 133/1250 [00:31<04:25,  4.20it/s]
[1Aphase1 epoch 1:  11%|█         | 134/1250 [00:31<04:21,  4.26it/s]
[1Aphase1 epoch 1:  11%|█         | 135/1250 [00:32<04:22,  4.26it/s]
[1Aphase1 epoch 1:  11%|█         | 136/1250 [00:32<04:23,  4.23it/s]
[1Aphase1 epoch 1:  11%|█         | 137/1250 [00:32<04:24,  4.21it/s]
[1Aphase1 epoch 1:  11%|█         | 138/1250 [00:32<04:25,  4.19it/s]
[1Aphase1 epoch 1:  11%|█         | 139/1250 [00:33<04:25,  4.19it/s]
[1Aphase1 epoch 1:  11%|█         | 140/1250 [00:33<04:24,  4.19it/s]
[1Aphase1 epoch 1:  11%|█▏        | 141/1250 [00:33<04:28,  4.13it/s]
[1Aphase1 epoch 1:  11%|█▏        | 142/1250 [00:33<04:26,  4.16it/s]
[1Aphase1 epoch 1:  11%|█▏        | 143/1250 [00:34<04:25,  4.17it/s]
[1Aphase1 epoch 1:  12%|█▏        | 144/1250 [00:34<04:28,  4.11it/s]
[1Aphase1 epoch 1:  12%|█▏        | 145/1250 [00:34<04:22,  4.21it/s]
[1Aphase1 epoch 1:  12%|█▏        | 146/1250 [00:34<04:23,  4.19it/s]
[1Aphase1 epoch 1:  12%|█▏        | 147/1250 [00:35<04:19,  4.25it/s]
[1Aphase1 epoch 1:  12%|█▏        | 148/1250 [00:35<04:20,  4.24it/s]
[1Aphase1 epoch 1:  12%|█▏        | 149/1250 [00:35<04:16,  4.29it/s]
[1Aphase1 epoch 1:  12%|█▏        | 150/1250 [00:35<04:14,  4.32it/s]
[1Aphase1 epoch 1:  12%|█▏        | 151/1250 [00:35<04:13,  4.34it/s]
[1Aphase1 epoch 1:  12%|█▏        | 152/1250 [00:36<04:15,  4.29it/s]
[1Aphase1 epoch 1:  12%|█▏        | 153/1250 [00:36<04:17,  4.26it/s]
[1Aphase1 epoch 1:  12%|█▏        | 154/1250 [00:36<04:15,  4.30it/s]
[1Aphase1 epoch 1:  12%|█▏        | 155/1250 [00:36<04:20,  4.20it/s]
[1Aphase1 epoch 1:  12%|█▏        | 156/1250 [00:37<04:19,  4.21it/s]
[1Aphase1 epoch 1:  13%|█▎        | 157/1250 [00:37<04:20,  4.20it/s]
[1Aphase1 epoch 1:  13%|█▎        | 158/1250 [00:37<04:23,  4.14it/s]
[1Aphase1 epoch 1:  13%|█▎        | 159/1250 [00:37<04:23,  4.15it/s]
[1Aphase1 epoch 1:  13%|█▎        | 160/1250 [00:38<04:25,  4.11it/s]
[1Aphase1 epoch 1:  13%|█▎        | 161/1250 [00:38<04:17,  4.22it/s]
[1Aphase1 epoch 1:  13%|█▎        | 162/1250 [00:38<04:18,  4.21it/s]
[1Aphase1 epoch 1:  13%|█▎        | 163/1250 [00:38<04:18,  4.21it/s]
[1Aphase1 epoch 1:  13%|█▎        | 164/1250 [00:39<04:14,  4.27it/s]
[1Aphase1 epoch 1:  13%|█▎        | 165/1250 [00:39<04:11,  4.32it/s]
[1Aphase1 epoch 1:  13%|█▎        | 166/1250 [00:39<04:12,  4.29it/s]
[1Aphase1 epoch 1:  13%|█▎        | 167/1250 [00:39<04:17,  4.20it/s]
[1Aphase1 epoch 1:  13%|█▎        | 168/1250 [00:39<04:14,  4.26it/s]
[1Aphase1 epoch 1:  14%|█▎        | 169/1250 [00:40<04:15,  4.24it/s]
[1Aphase1 epoch 1:  14%|█▎        | 170/1250 [00:40<04:15,  4.23it/s]
[1Aphase1 epoch 1:  14%|█▎        | 171/1250 [00:40<04:19,  4.15it/s]
[1Aphase1 epoch 1:  14%|█▍        | 172/1250 [00:40<04:22,  4.11it/s]
[1Aphase1 epoch 1:  14%|█▍        | 173/1250 [00:41<04:20,  4.14it/s]
[1Aphase1 epoch 1:  14%|█▍        | 174/1250 [00:41<04:18,  4.16it/s]
[1Aphase1 epoch 1:  14%|█▍        | 175/1250 [00:41<04:13,  4.23it/s]
[1Aphase1 epoch 1:  14%|█▍        | 176/1250 [00:41<04:21,  4.11it/s]
[1Aphase1 epoch 1:  14%|█▍        | 177/1250 [00:42<04:19,  4.14it/s]
[1Aphase1 epoch 1:  14%|█▍        | 178/1250 [00:42<04:25,  4.04it/s]
[1Aphase1 epoch 1:  14%|█▍        | 179/1250 [00:42<04:24,  4.04it/s]
[1Aphase1 epoch 1:  14%|█▍        | 180/1250 [00:42<04:21,  4.09it/s]
[1Aphase1 epoch 1:  14%|█▍        | 181/1250 [00:43<04:19,  4.13it/s]
[1Aphase1 epoch 1:  15%|█▍        | 182/1250 [00:43<04:16,  4.16it/s]
[1Aphase1 epoch 1:  15%|█▍        | 183/1250 [00:43<04:16,  4.16it/s]
[1Aphase1 epoch 1:  15%|█▍        | 184/1250 [00:43<04:14,  4.19it/s]
[1Aphase1 epoch 1:  15%|█▍        | 185/1250 [00:44<04:15,  4.17it/s]
[1Aphase1 epoch 1:  15%|█▍        | 186/1250 [00:44<04:17,  4.13it/s]
[1Aphase1 epoch 1:  15%|█▍        | 187/1250 [00:44<04:12,  4.21it/s]
[1Aphase1 epoch 1:  15%|█▌        | 188/1250 [00:44<04:13,  4.19it/s]
[1Aphase1 epoch 1:  15%|█▌        | 189/1250 [00:45<04:16,  4.14it/s]
[1Aphase1 epoch 1:  15%|█▌        | 190/1250 [00:45<04:15,  4.15it/s]
[1Aphase1 epoch 1:  15%|█▌        | 191/1250 [00:45<04:14,  4.16it/s]
[1Aphase1 epoch 1:  15%|█▌        | 192/1250 [00:45<04:09,  4.23it/s]
[1Aphase1 epoch 1:  15%|█▌        | 193/1250 [00:46<04:10,  4.22it/s]
[1Aphase1 epoch 1:  16%|█▌        | 194/1250 [00:46<04:14,  4.15it/s]
[1Aphase1 epoch 1:  16%|█▌        | 195/1250 [00:46<04:09,  4.23it/s]
[1Aphase1 epoch 1:  16%|█▌        | 196/1250 [00:46<04:05,  4.29it/s]
[1Aphase1 epoch 1:  16%|█▌        | 197/1250 [00:46<04:03,  4.32it/s]
[1Aphase1 epoch 1:  16%|█▌        | 198/1250 [00:47<04:08,  4.23it/s]
[1Aphase1 epoch 1:  16%|█▌        | 199/1250 [00:47<04:05,  4.28it/s]
[1Aphase1 epoch 1:  16%|█▌        | 200/1250 [00:47<04:06,  4.27it/s]
[1Aphase1 epoch 1:  16%|█▌        | 201/1250 [00:47<04:06,  4.26it/s]
[1Aphase1 epoch 1:  16%|█▌        | 202/1250 [00:48<04:06,  4.25it/s]
[1Aphase1 epoch 1:  16%|█▌        | 203/1250 [00:48<04:06,  4.24it/s]
[1Aphase1 epoch 1:  16%|█▋        | 204/1250 [00:48<04:07,  4.22it/s]
[1Aphase1 epoch 1:  16%|█▋        | 205/1250 [00:48<04:08,  4.20it/s]
[1Aphase1 epoch 1:  16%|█▋        | 206/1250 [00:49<04:04,  4.27it/s]
[1Aphase1 epoch 1:  17%|█▋        | 207/1250 [00:49<04:01,  4.31it/s]
[1Aphase1 epoch 1:  17%|█▋        | 208/1250 [00:49<03:59,  4.34it/s]
[1Aphase1 epoch 1:  17%|█▋        | 209/1250 [00:49<04:02,  4.29it/s]
[1Aphase1 epoch 1:  17%|█▋        | 210/1250 [00:50<04:04,  4.26it/s]
[1Aphase1 epoch 1:  17%|█▋        | 211/1250 [00:50<04:05,  4.24it/s]
[1Aphase1 epoch 1:  17%|█▋        | 212/1250 [00:50<04:00,  4.32it/s]
[1Aphase1 epoch 1:  17%|█▋        | 213/1250 [00:50<04:03,  4.27it/s]
[1Aphase1 epoch 1:  17%|█▋        | 214/1250 [00:50<04:03,  4.25it/s]
[1Aphase1 epoch 1:  17%|█▋        | 215/1250 [00:51<04:08,  4.17it/s]
[1Aphase1 epoch 1:  17%|█▋        | 216/1250 [00:51<04:10,  4.13it/s]
[1Aphase1 epoch 1:  17%|█▋        | 217/1250 [00:51<04:08,  4.15it/s]
[1Aphase1 epoch 1:  17%|█▋        | 218/1250 [00:51<04:10,  4.12it/s]
[1Aphase1 epoch 1:  18%|█▊        | 219/1250 [00:52<04:09,  4.13it/s]
[1Aphase1 epoch 1:  18%|█▊        | 220/1250 [00:52<04:08,  4.14it/s]
[1Aphase1 epoch 1:  18%|█▊        | 221/1250 [00:52<04:07,  4.15it/s]
[1Aphase1 epoch 1:  18%|█▊        | 222/1250 [00:52<04:06,  4.17it/s]
[1Aphase1 epoch 1:  18%|█▊        | 223/1250 [00:53<04:02,  4.24it/s]
[1Aphase1 epoch 1:  18%|█▊        | 224/1250 [00:53<04:03,  4.22it/s]
[1Aphase1 epoch 1:  18%|█▊        | 225/1250 [00:53<04:03,  4.22it/s]
[1Aphase1 epoch 1:  18%|█▊        | 226/1250 [00:53<04:03,  4.21it/s]
[1Aphase1 epoch 1:  18%|█▊        | 227/1250 [00:54<03:59,  4.27it/s]
[1Aphase1 epoch 1:  18%|█▊        | 228/1250 [00:54<04:03,  4.19it/s]
[1Aphase1 epoch 1:  18%|█▊        | 229/1250 [00:54<04:00,  4.25it/s]
[1Aphase1 epoch 1:  18%|█▊        | 230/1250 [00:54<04:03,  4.19it/s]
[1Aphase1 epoch 1:  18%|█▊        | 231/1250 [00:55<04:00,  4.24it/s]
[1Aphase1 epoch 1:  19%|█▊        | 232/1250 [00:55<03:57,  4.29it/s]
[1Aphase1 epoch 1:  19%|█▊        | 233/1250 [00:55<04:02,  4.19it/s]
[1Aphase1 epoch 1:  19%|█▊        | 234/1250 [00:55<03:59,  4.25it/s]
[1Aphase1 epoch 1:  19%|█▉        | 235/1250 [00:55<03:56,  4.30it/s]
[1Aphase1 epoch 1:  19%|█▉        | 236/1250 [00:56<03:58,  4.26it/s]
[1Aphase1 epoch 1:  19%|█▉        | 237/1250 [00:56<03:54,  4.31it/s]
[1Aphase1 epoch 1:  19%|█▉        | 238/1250 [00:56<04:00,  4.21it/s]
[1Aphase1 epoch 1:  19%|█▉        | 239/1250 [00:56<04:00,  4.20it/s]
[1Aphase1 epoch 1:  19%|█▉        | 240/1250 [00:57<03:57,  4.26it/s]
[1Aphase1 epoch 1:  19%|█▉        | 241/1250 [00:57<03:56,  4.26it/s]
[1Aphase1 epoch 1:  19%|█▉        | 242/1250 [00:57<03:54,  4.31it/s]
[1Aphase1 epoch 1:  19%|█▉        | 243/1250 [00:57<03:58,  4.22it/s]
[1Aphase1 epoch 1:  20%|█▉        | 244/1250 [00:58<03:59,  4.21it/s]
[1Aphase1 epoch 1:  20%|█▉        | 245/1250 [00:58<04:02,  4.15it/s]
[1Aphase1 epoch 1:  20%|█▉        | 246/1250 [00:58<04:01,  4.16it/s]
[1Aphase1 epoch 1:  20%|█▉        | 247/1250 [00:58<03:57,  4.23it/s]
[1Aphase1 epoch 1:  20%|█▉        | 248/1250 [00:59<03:58,  4.21it/s]
[1Aphase1 epoch 1:  20%|█▉        | 249/1250 [00:59<03:58,  4.21it/s]
[1Aphase1 epoch 1:  20%|██        | 250/1250 [00:59<03:54,  4.26it/s]
[1Aphase1 epoch 1:  20%|██        | 251/1250 [00:59<03:56,  4.23it/s]
[1Aphase1 epoch 1:  20%|██        | 252/1250 [00:59<03:56,  4.22it/s]
[1Aphase1 epoch 1:  20%|██        | 253/1250 [01:00<03:54,  4.26it/s]
[1Aphase1 epoch 1:  20%|██        | 254/1250 [01:00<03:54,  4.25it/s]
[1Aphase1 epoch 1:  20%|██        | 255/1250 [01:00<04:02,  4.10it/s]
[1Aphase1 epoch 1:  20%|██        | 256/1250 [01:00<04:01,  4.11it/s]
[1Aphase1 epoch 1:  21%|██        | 257/1250 [01:01<04:00,  4.13it/s]
[1Aphase1 epoch 1:  21%|██        | 258/1250 [01:01<03:59,  4.14it/s]
[1Aphase1 epoch 1:  21%|██        | 259/1250 [01:01<04:01,  4.11it/s]
[1Aphase1 epoch 1:  21%|██        | 260/1250 [01:01<03:59,  4.14it/s]
[1Aphase1 epoch 1:  21%|██        | 261/1250 [01:02<03:58,  4.15it/s]
[1Aphase1 epoch 1:  21%|██        | 262/1250 [01:02<03:53,  4.22it/s]
[1Aphase1 epoch 1:  21%|██        | 263/1250 [01:02<03:50,  4.29it/s]
[1Aphase1 epoch 1:  21%|██        | 264/1250 [01:02<03:48,  4.32it/s]
[1Aphase1 epoch 1:  21%|██        | 265/1250 [01:03<03:46,  4.34it/s]
[1Aphase1 epoch 1:  21%|██▏       | 266/1250 [01:03<03:52,  4.24it/s]
[1Aphase1 epoch 1:  21%|██▏       | 267/1250 [01:03<03:48,  4.30it/s]
[1Aphase1 epoch 1:  21%|██▏       | 268/1250 [01:03<03:50,  4.27it/s]
[1Aphase1 epoch 1:  22%|██▏       | 269/1250 [01:04<03:53,  4.19it/s]
[1Aphase1 epoch 1:  22%|██▏       | 270/1250 [01:04<03:53,  4.20it/s]
[1Aphase1 epoch 1:  22%|██▏       | 271/1250 [01:04<03:55,  4.15it/s]
[1Aphase1 epoch 1:  22%|██▏       | 272/1250 [01:04<03:51,  4.23it/s]
[1Aphase1 epoch 1:  22%|██▏       | 273/1250 [01:04<03:47,  4.29it/s]
[1Aphase1 epoch 1:  22%|██▏       | 274/1250 [01:05<03:45,  4.32it/s]
[1Aphase1 epoch 1:  22%|██▏       | 275/1250 [01:05<03:47,  4.29it/s]
[1Aphase1 epoch 1:  22%|██▏       | 276/1250 [01:05<03:45,  4.33it/s]
[1Aphase1 epoch 1:  22%|██▏       | 277/1250 [01:05<03:46,  4.30it/s]
[1Aphase1 epoch 1:  22%|██▏       | 278/1250 [01:06<03:50,  4.21it/s]
[1Aphase1 epoch 1:  22%|██▏       | 279/1250 [01:06<03:51,  4.20it/s]
[1Aphase1 epoch 1:  22%|██▏       | 280/1250 [01:06<03:47,  4.26it/s]
[1Aphase1 epoch 1:  22%|██▏       | 281/1250 [01:06<03:51,  4.18it/s]
[1Aphase1 epoch 1:  23%|██▎       | 282/1250 [01:07<03:54,  4.14it/s]
[1Aphase1 epoch 1:  23%|██▎       | 283/1250 [01:07<03:53,  4.15it/s]
[1Aphase1 epoch 1:  23%|██▎       | 284/1250 [01:07<03:51,  4.18it/s]
[1Aphase1 epoch 1:  23%|██▎       | 285/1250 [01:07<03:47,  4.24it/s]
[1Aphase1 epoch 1:  23%|██▎       | 286/1250 [01:08<03:48,  4.23it/s]
[1Aphase1 epoch 1:  23%|██▎       | 287/1250 [01:08<03:45,  4.27it/s]
[1Aphase1 epoch 1:  23%|██▎       | 288/1250 [01:08<03:42,  4.32it/s]
[1Aphase1 epoch 1:  23%|██▎       | 289/1250 [01:08<03:40,  4.35it/s]
[1Aphase1 epoch 1:  23%|██▎       | 290/1250 [01:08<03:45,  4.25it/s]
[1Aphase1 epoch 1:  23%|██▎       | 291/1250 [01:09<03:46,  4.22it/s]
[1Aphase1 epoch 1:  23%|██▎       | 292/1250 [01:09<03:43,  4.28it/s]
[1Aphase1 epoch 1:  23%|██▎       | 293/1250 [01:09<03:44,  4.26it/s]
[1Aphase1 epoch 1:  24%|██▎       | 294/1250 [01:09<03:42,  4.29it/s]
[1Aphase1 epoch 1:  24%|██▎       | 295/1250 [01:10<03:41,  4.32it/s]
[1Aphase1 epoch 1:  24%|██▎       | 296/1250 [01:10<03:46,  4.21it/s]
[1Aphase1 epoch 1:  24%|██▍       | 297/1250 [01:10<03:45,  4.22it/s]
[1Aphase1 epoch 1:  24%|██▍       | 298/1250 [01:10<03:46,  4.20it/s]
[1Aphase1 epoch 1:  24%|██▍       | 299/1250 [01:11<03:43,  4.26it/s]
[1Aphase1 epoch 1:  24%|██▍       | 300/1250 [01:11<03:50,  4.12it/s]
[1Aphase1 epoch 1:  24%|██▍       | 301/1250 [01:11<03:45,  4.21it/s]
[1Aphase1 epoch 1:  24%|██▍       | 302/1250 [01:11<03:45,  4.20it/s]
[1Aphase1 epoch 1:  24%|██▍       | 303/1250 [01:12<03:42,  4.26it/s]
[1Aphase1 epoch 1:  24%|██▍       | 304/1250 [01:12<03:42,  4.25it/s]
[1Aphase1 epoch 1:  24%|██▍       | 305/1250 [01:12<03:43,  4.24it/s]
[1Aphase1 epoch 1:  24%|██▍       | 306/1250 [01:12<03:44,  4.21it/s]
[1Aphase1 epoch 1:  25%|██▍       | 307/1250 [01:12<03:44,  4.20it/s]
[1Aphase1 epoch 1:  25%|██▍       | 308/1250 [01:13<03:47,  4.15it/s]
[1Aphase1 epoch 1:  25%|██▍       | 309/1250 [01:13<03:46,  4.16it/s]
[1Aphase1 epoch 1:  25%|██▍       | 310/1250 [01:13<03:44,  4.18it/s]
[1Aphase1 epoch 1:  25%|██▍       | 311/1250 [01:13<03:43,  4.20it/s]
[1Aphase1 epoch 1:  25%|██▍       | 312/1250 [01:14<03:42,  4.21it/s]
[1Aphase1 epoch 1:  25%|██▌       | 313/1250 [01:14<03:39,  4.26it/s]
[1Aphase1 epoch 1:  25%|██▌       | 314/1250 [01:14<03:36,  4.32it/s]
[1Aphase1 epoch 1:  25%|██▌       | 315/1250 [01:14<03:38,  4.27it/s]
[1Aphase1 epoch 1:  25%|██▌       | 316/1250 [01:15<03:40,  4.24it/s]
[1Aphase1 epoch 1:  25%|██▌       | 317/1250 [01:15<03:40,  4.23it/s]
[1Aphase1 epoch 1:  25%|██▌       | 318/1250 [01:15<03:41,  4.21it/s]
[1Aphase1 epoch 1:  26%|██▌       | 319/1250 [01:15<03:41,  4.20it/s]
[1Aphase1 epoch 1:  26%|██▌       | 320/1250 [01:16<03:40,  4.21it/s]
[1Aphase1 epoch 1:  26%|██▌       | 321/1250 [01:16<03:40,  4.22it/s]
[1Aphase1 epoch 1:  26%|██▌       | 322/1250 [01:16<03:40,  4.22it/s]
[1Aphase1 epoch 1:  26%|██▌       | 323/1250 [01:16<03:40,  4.21it/s]
[1Aphase1 epoch 1:  26%|██▌       | 324/1250 [01:17<03:42,  4.15it/s]
[1Aphase1 epoch 1:  26%|██▌       | 325/1250 [01:17<03:44,  4.12it/s]
[1Aphase1 epoch 1:  26%|██▌       | 326/1250 [01:17<03:40,  4.20it/s]
[1Aphase1 epoch 1:  26%|██▌       | 327/1250 [01:17<03:36,  4.27it/s]
[1Aphase1 epoch 1:  26%|██▌       | 328/1250 [01:17<03:34,  4.31it/s]
[1Aphase1 epoch 1:  26%|██▋       | 329/1250 [01:18<03:35,  4.26it/s]
[1Aphase1 epoch 1:  26%|██▋       | 330/1250 [01:18<03:35,  4.26it/s]
[1Aphase1 epoch 1:  26%|██▋       | 331/1250 [01:18<03:39,  4.19it/s]
[1Aphase1 epoch 1:  27%|██▋       | 332/1250 [01:18<03:36,  4.25it/s]
[1Aphase1 epoch 1:  27%|██▋       | 333/1250 [01:19<03:36,  4.23it/s]
[1Aphase1 epoch 1:  27%|██▋       | 334/1250 [01:19<03:34,  4.28it/s]
[1Aphase1 epoch 1:  27%|██▋       | 335/1250 [01:19<03:34,  4.26it/s]
[1Aphase1 epoch 1:  27%|██▋       | 336/1250 [01:19<03:35,  4.23it/s]
[1Aphase1 epoch 1:  27%|██▋       | 337/1250 [01:20<03:39,  4.16it/s]
[1Aphase1 epoch 1:  27%|██▋       | 338/1250 [01:20<03:38,  4.16it/s]
[1Aphase1 epoch 1:  27%|██▋       | 339/1250 [01:20<03:38,  4.17it/s]
[1Aphase1 epoch 1:  27%|██▋       | 340/1250 [01:20<03:37,  4.18it/s]
[1Aphase1 epoch 1:  27%|██▋       | 341/1250 [01:21<03:33,  4.25it/s]
[1Aphase1 epoch 1:  27%|██▋       | 342/1250 [01:21<03:30,  4.31it/s]
[1Aphase1 epoch 1:  27%|██▋       | 343/1250 [01:21<03:32,  4.27it/s]
[1Aphase1 epoch 1:  28%|██▊       | 344/1250 [01:21<03:33,  4.24it/s]
[1Aphase1 epoch 1:  28%|██▊       | 345/1250 [01:21<03:33,  4.24it/s]
[1Aphase1 epoch 1:  28%|██▊       | 346/1250 [01:22<03:29,  4.31it/s]
[1Aphase1 epoch 1:  28%|██▊       | 347/1250 [01:22<03:28,  4.34it/s]
[1Aphase1 epoch 1:  28%|██▊       | 348/1250 [01:22<03:30,  4.29it/s]
[1Aphase1 epoch 1:  28%|██▊       | 349/1250 [01:22<03:31,  4.26it/s]
[1Aphase1 epoch 1:  28%|██▊       | 350/1250 [01:23<03:32,  4.24it/s]
[1Aphase1 epoch 1:  28%|██▊       | 351/1250 [01:23<03:29,  4.30it/s]
[1Aphase1 epoch 1:  28%|██▊       | 352/1250 [01:23<03:27,  4.33it/s]
[1Aphase1 epoch 1:  28%|██▊       | 353/1250 [01:23<03:25,  4.36it/s]
[1Aphase1 epoch 1:  28%|██▊       | 354/1250 [01:24<03:27,  4.31it/s]
[1Aphase1 epoch 1:  28%|██▊       | 355/1250 [01:24<03:26,  4.33it/s]
[1Aphase1 epoch 1:  28%|██▊       | 356/1250 [01:24<03:25,  4.35it/s]
[1Aphase1 epoch 1:  29%|██▊       | 357/1250 [01:24<03:29,  4.26it/s]
[1Aphase1 epoch 1:  29%|██▊       | 358/1250 [01:24<03:27,  4.30it/s]
[1Aphase1 epoch 1:  29%|██▊       | 359/1250 [01:25<03:28,  4.26it/s]
[1Aphase1 epoch 1:  29%|██▉       | 360/1250 [01:25<03:26,  4.30it/s]
[1Aphase1 epoch 1:  29%|██▉       | 361/1250 [01:25<03:30,  4.22it/s]
[1Aphase1 epoch 1:  29%|██▉       | 362/1250 [01:25<03:30,  4.22it/s]
[1Aphase1 epoch 1:  29%|██▉       | 363/1250 [01:26<03:33,  4.16it/s]
[1Aphase1 epoch 1:  29%|██▉       | 364/1250 [01:26<03:31,  4.18it/s]
[1Aphase1 epoch 1:  29%|██▉       | 365/1250 [01:26<03:34,  4.13it/s]
[1Aphase1 epoch 1:  29%|██▉       | 366/1250 [01:26<03:33,  4.14it/s]
[1Aphase1 epoch 1:  29%|██▉       | 367/1250 [01:27<03:29,  4.22it/s]
[1Aphase1 epoch 1:  29%|██▉       | 368/1250 [01:27<03:29,  4.21it/s]
[1Aphase1 epoch 1:  30%|██▉       | 369/1250 [01:27<03:26,  4.27it/s]
[1Aphase1 epoch 1:  30%|██▉       | 370/1250 [01:27<03:24,  4.31it/s]
[1Aphase1 epoch 1:  30%|██▉       | 371/1250 [01:28<03:24,  4.29it/s]
[1Aphase1 epoch 1:  30%|██▉       | 372/1250 [01:28<03:25,  4.28it/s]
[1Aphase1 epoch 1:  30%|██▉       | 373/1250 [01:28<03:26,  4.26it/s]
[1Aphase1 epoch 1:  30%|██▉       | 374/1250 [01:28<03:26,  4.25it/s]
[1Aphase1 epoch 1:  30%|███       | 375/1250 [01:29<03:26,  4.23it/s]
[1Aphase1 epoch 1:  30%|███       | 376/1250 [01:29<03:26,  4.24it/s]
[1Aphase1 epoch 1:  30%|███       | 377/1250 [01:29<03:32,  4.11it/s]
[1Aphase1 epoch 1:  30%|███       | 378/1250 [01:29<03:28,  4.19it/s]
[1Aphase1 epoch 1:  30%|███       | 379/1250 [01:29<03:30,  4.14it/s]
[1Aphase1 epoch 1:  30%|███       | 380/1250 [01:30<03:29,  4.15it/s]
[1Aphase1 epoch 1:  30%|███       | 381/1250 [01:30<03:31,  4.12it/s]
[1Aphase1 epoch 1:  31%|███       | 382/1250 [01:30<03:32,  4.08it/s]
[1Aphase1 epoch 1:  31%|███       | 383/1250 [01:30<03:30,  4.12it/s]
[1Aphase1 epoch 1:  31%|███       | 384/1250 [01:31<03:26,  4.20it/s]
[1Aphase1 epoch 1:  31%|███       | 385/1250 [01:31<03:22,  4.27it/s]
[1Aphase1 epoch 1:  31%|███       | 386/1250 [01:31<03:19,  4.32it/s]
[1Aphase1 epoch 1:  31%|███       | 387/1250 [01:31<03:21,  4.29it/s]
[1Aphase1 epoch 1:  31%|███       | 388/1250 [01:32<03:21,  4.28it/s]
[1Aphase1 epoch 1:  31%|███       | 389/1250 [01:32<03:22,  4.26it/s]
[1Aphase1 epoch 1:  31%|███       | 390/1250 [01:32<03:19,  4.31it/s]
[1Aphase1 epoch 1:  31%|███▏      | 391/1250 [01:32<03:20,  4.27it/s]
[1Aphase1 epoch 1:  31%|███▏      | 392/1250 [01:33<03:21,  4.27it/s]
[1Aphase1 epoch 1:  31%|███▏      | 393/1250 [01:33<03:22,  4.24it/s]
[1Aphase1 epoch 1:  32%|███▏      | 394/1250 [01:33<03:22,  4.23it/s]
[1Aphase1 epoch 1:  32%|███▏      | 395/1250 [01:33<03:25,  4.16it/s]
[1Aphase1 epoch 1:  32%|███▏      | 396/1250 [01:34<03:25,  4.16it/s]
[1Aphase1 epoch 1:  32%|███▏      | 397/1250 [01:34<03:21,  4.24it/s]
[1Aphase1 epoch 1:  32%|███▏      | 398/1250 [01:34<03:21,  4.23it/s]
[1Aphase1 epoch 1:  32%|███▏      | 399/1250 [01:34<03:18,  4.29it/s]
[1Aphase1 epoch 1:  32%|███▏      | 400/1250 [01:34<03:18,  4.28it/s]
[1Aphase1 epoch 1:  32%|███▏      | 401/1250 [01:35<03:23,  4.18it/s]
[1Aphase1 epoch 1:  32%|███▏      | 402/1250 [01:35<03:24,  4.14it/s]
[1Aphase1 epoch 1:  32%|███▏      | 403/1250 [01:35<03:20,  4.22it/s]
[1Aphase1 epoch 1:  32%|███▏      | 404/1250 [01:35<03:20,  4.21it/s]
[1Aphase1 epoch 1:  32%|███▏      | 405/1250 [01:36<03:17,  4.27it/s]
[1Aphase1 epoch 1:  32%|███▏      | 406/1250 [01:36<03:21,  4.18it/s]
[1Aphase1 epoch 1:  33%|███▎      | 407/1250 [01:36<03:17,  4.26it/s]
[1Aphase1 epoch 1:  33%|███▎      | 408/1250 [01:36<03:17,  4.26it/s]
[1Aphase1 epoch 1:  33%|███▎      | 409/1250 [01:37<03:15,  4.30it/s]
[1Aphase1 epoch 1:  33%|███▎      | 410/1250 [01:37<03:17,  4.26it/s]
[1Aphase1 epoch 1:  33%|███▎      | 411/1250 [01:37<03:17,  4.25it/s]
[1Aphase1 epoch 1:  33%|███▎      | 412/1250 [01:37<03:15,  4.29it/s]
[1Aphase1 epoch 1:  33%|███▎      | 413/1250 [01:37<03:15,  4.28it/s]
[1Aphase1 epoch 1:  33%|███▎      | 414/1250 [01:38<03:13,  4.31it/s]
[1Aphase1 epoch 1:  33%|███▎      | 415/1250 [01:38<03:11,  4.36it/s]
[1Aphase1 epoch 1:  33%|███▎      | 416/1250 [01:38<03:16,  4.25it/s]
[1Aphase1 epoch 1:  33%|███▎      | 417/1250 [01:38<03:16,  4.24it/s]
[1Aphase1 epoch 1:  33%|███▎      | 418/1250 [01:39<03:16,  4.24it/s]
[1Aphase1 epoch 1:  34%|███▎      | 419/1250 [01:39<03:16,  4.22it/s]
[1Aphase1 epoch 1:  34%|███▎      | 420/1250 [01:39<03:16,  4.23it/s]
[1Aphase1 epoch 1:  34%|███▎      | 421/1250 [01:39<03:19,  4.15it/s]
[1Aphase1 epoch 1:  34%|███▍      | 422/1250 [01:40<03:19,  4.16it/s]
[1Aphase1 epoch 1:  34%|███▍      | 423/1250 [01:40<03:17,  4.18it/s]
[1Aphase1 epoch 1:  34%|███▍      | 424/1250 [01:40<03:19,  4.14it/s]
[1Aphase1 epoch 1:  34%|███▍      | 425/1250 [01:40<03:15,  4.21it/s]
[1Aphase1 epoch 1:  34%|███▍      | 426/1250 [01:41<03:16,  4.19it/s]
[1Aphase1 epoch 1:  34%|███▍      | 427/1250 [01:41<03:16,  4.19it/s]
[1Aphase1 epoch 1:  34%|███▍      | 428/1250 [01:41<03:15,  4.20it/s]
[1Aphase1 epoch 1:  34%|███▍      | 429/1250 [01:41<03:13,  4.25it/s]
[1Aphase1 epoch 1:  34%|███▍      | 430/1250 [01:42<03:13,  4.24it/s]
[1Aphase1 epoch 1:  34%|███▍      | 431/1250 [01:42<03:16,  4.16it/s]
[1Aphase1 epoch 1:  35%|███▍      | 432/1250 [01:42<03:13,  4.23it/s]
[1Aphase1 epoch 1:  35%|███▍      | 433/1250 [01:42<03:13,  4.23it/s]
[1Aphase1 epoch 1:  35%|███▍      | 434/1250 [01:43<03:18,  4.11it/s]
[1Aphase1 epoch 1:  35%|███▍      | 435/1250 [01:43<03:19,  4.08it/s]
[1Aphase1 epoch 1:  35%|███▍      | 436/1250 [01:43<03:17,  4.12it/s]
[1Aphase1 epoch 1:  35%|███▍      | 437/1250 [01:43<03:16,  4.13it/s]
[1Aphase1 epoch 1:  35%|███▌      | 438/1250 [01:43<03:12,  4.22it/s]
[1Aphase1 epoch 1:  35%|███▌      | 439/1250 [01:44<03:09,  4.27it/s]
[1Aphase1 epoch 1:  35%|███▌      | 440/1250 [01:44<03:12,  4.20it/s]
[1Aphase1 epoch 1:  35%|███▌      | 441/1250 [01:44<03:12,  4.20it/s]
[1Aphase1 epoch 1:  35%|███▌      | 442/1250 [01:44<03:12,  4.20it/s]
[1Aphase1 epoch 1:  35%|███▌      | 443/1250 [01:45<03:09,  4.26it/s]
[1Aphase1 epoch 1:  36%|███▌      | 444/1250 [01:45<03:10,  4.24it/s]
[1Aphase1 epoch 1:  36%|███▌      | 445/1250 [01:45<03:07,  4.29it/s]
[1Aphase1 epoch 1:  36%|███▌      | 446/1250 [01:45<03:14,  4.13it/s]
[1Aphase1 epoch 1:  36%|███▌      | 447/1250 [01:46<03:10,  4.21it/s]
[1Aphase1 epoch 1:  36%|███▌      | 448/1250 [01:46<03:07,  4.28it/s]
[1Aphase1 epoch 1:  36%|███▌      | 449/1250 [01:46<03:10,  4.21it/s]
[1Aphase1 epoch 1:  36%|███▌      | 450/1250 [01:46<03:10,  4.20it/s]
[1Aphase1 epoch 1:  36%|███▌      | 451/1250 [01:47<03:10,  4.20it/s]
[1Aphase1 epoch 1:  36%|███▌      | 452/1250 [01:47<03:10,  4.19it/s]
[1Aphase1 epoch 1:  36%|███▌      | 453/1250 [01:47<03:09,  4.20it/s]
[1Aphase1 epoch 1:  36%|███▋      | 454/1250 [01:47<03:08,  4.22it/s]
[1Aphase1 epoch 1:  36%|███▋      | 455/1250 [01:47<03:09,  4.20it/s]
[1Aphase1 epoch 1:  36%|███▋      | 456/1250 [01:48<03:08,  4.21it/s]
[1Aphase1 epoch 1:  37%|███▋      | 457/1250 [01:48<03:13,  4.10it/s]
[1Aphase1 epoch 1:  37%|███▋      | 458/1250 [01:48<03:12,  4.12it/s]
[1Aphase1 epoch 1:  37%|███▋      | 459/1250 [01:48<03:10,  4.15it/s]
[1Aphase1 epoch 1:  37%|███▋      | 460/1250 [01:49<03:10,  4.16it/s]
[1Aphase1 epoch 1:  37%|███▋      | 461/1250 [01:49<03:09,  4.17it/s]
[1Aphase1 epoch 1:  37%|███▋      | 462/1250 [01:49<03:08,  4.18it/s]
[1Aphase1 epoch 1:  37%|███▋      | 463/1250 [01:49<03:05,  4.25it/s]
[1Aphase1 epoch 1:  37%|███▋      | 464/1250 [01:50<03:06,  4.21it/s]
[1Aphase1 epoch 1:  37%|███▋      | 465/1250 [01:50<03:02,  4.31it/s]
[1Aphase1 epoch 1:  37%|███▋      | 466/1250 [01:50<03:03,  4.28it/s]
[1Aphase1 epoch 1:  37%|███▋      | 467/1250 [01:50<03:04,  4.25it/s]
[1Aphase1 epoch 1:  37%|███▋      | 468/1250 [01:51<03:07,  4.17it/s]
[1Aphase1 epoch 1:  38%|███▊      | 469/1250 [01:51<03:09,  4.13it/s]
[1Aphase1 epoch 1:  38%|███▊      | 470/1250 [01:51<03:07,  4.15it/s]
[1Aphase1 epoch 1:  38%|███▊      | 471/1250 [01:51<03:06,  4.18it/s]
[1Aphase1 epoch 1:  38%|███▊      | 472/1250 [01:52<03:03,  4.24it/s]
[1Aphase1 epoch 1:  38%|███▊      | 473/1250 [01:52<03:03,  4.23it/s]
[1Aphase1 epoch 1:  38%|███▊      | 474/1250 [01:52<03:01,  4.28it/s]
[1Aphase1 epoch 1:  38%|███▊      | 475/1250 [01:52<03:01,  4.27it/s]
[1Aphase1 epoch 1:  38%|███▊      | 476/1250 [01:52<02:59,  4.30it/s]
[1Aphase1 epoch 1:  38%|███▊      | 477/1250 [01:53<03:00,  4.29it/s]
[1Aphase1 epoch 1:  38%|███▊      | 478/1250 [01:53<02:58,  4.33it/s]
[1Aphase1 epoch 1:  38%|███▊      | 479/1250 [01:53<02:56,  4.36it/s]
[1Aphase1 epoch 1:  38%|███▊      | 480/1250 [01:53<02:58,  4.31it/s]
[1Aphase1 epoch 1:  38%|███▊      | 481/1250 [01:54<02:59,  4.29it/s]
[1Aphase1 epoch 1:  39%|███▊      | 482/1250 [01:54<02:59,  4.27it/s]
[1Aphase1 epoch 1:  39%|███▊      | 483/1250 [01:54<02:58,  4.31it/s]
[1Aphase1 epoch 1:  39%|███▊      | 484/1250 [01:54<02:58,  4.28it/s]
[1Aphase1 epoch 1:  39%|███▉      | 485/1250 [01:55<02:56,  4.33it/s]
[1Aphase1 epoch 1:  39%|███▉      | 486/1250 [01:55<02:55,  4.35it/s]
[1Aphase1 epoch 1:  39%|███▉      | 487/1250 [01:55<02:59,  4.24it/s]
[1Aphase1 epoch 1:  39%|███▉      | 488/1250 [01:55<02:59,  4.24it/s]
[1Aphase1 epoch 1:  39%|███▉      | 489/1250 [01:56<02:59,  4.24it/s]
[1Aphase1 epoch 1:  39%|███▉      | 490/1250 [01:56<02:59,  4.24it/s]
[1Aphase1 epoch 1:  39%|███▉      | 491/1250 [01:56<02:58,  4.25it/s]
[1Aphase1 epoch 1:  39%|███▉      | 492/1250 [01:56<02:59,  4.23it/s]
[1Aphase1 epoch 1:  39%|███▉      | 493/1250 [01:56<02:56,  4.28it/s]
[1Aphase1 epoch 1:  40%|███▉      | 494/1250 [01:57<02:57,  4.25it/s]
[1Aphase1 epoch 1:  40%|███▉      | 495/1250 [01:57<02:57,  4.25it/s]
[1Aphase1 epoch 1:  40%|███▉      | 496/1250 [01:57<03:00,  4.17it/s]
[1Aphase1 epoch 1:  40%|███▉      | 497/1250 [01:57<03:00,  4.17it/s]
[1Aphase1 epoch 1:  40%|███▉      | 498/1250 [01:58<02:59,  4.19it/s]
[1Aphase1 epoch 1:  40%|███▉      | 499/1250 [01:58<02:59,  4.18it/s]
[1Aphase1 epoch 1:  40%|████      | 500/1250 [01:58<02:58,  4.19it/s]
[1Aphase1 epoch 1:  40%|████      | 501/1250 [01:58<02:57,  4.21it/s]
[1Aphase1 epoch 1:  40%|████      | 502/1250 [01:59<03:00,  4.14it/s]
[1Aphase1 epoch 1:  40%|████      | 503/1250 [01:59<02:59,  4.17it/s]
[1Aphase1 epoch 1:  40%|████      | 504/1250 [01:59<02:58,  4.18it/s]
[1Aphase1 epoch 1:  40%|████      | 505/1250 [01:59<02:55,  4.25it/s]
[1Aphase1 epoch 1:  40%|████      | 506/1250 [02:00<02:57,  4.18it/s]
[1Aphase1 epoch 1:  41%|████      | 507/1250 [02:00<02:59,  4.13it/s]
[1Aphase1 epoch 1:  41%|████      | 508/1250 [02:00<02:58,  4.15it/s]
[1Aphase1 epoch 1:  41%|████      | 509/1250 [02:00<02:58,  4.15it/s]
[1Aphase1 epoch 1:  41%|████      | 510/1250 [02:01<02:59,  4.12it/s]
[1Aphase1 epoch 1:  41%|████      | 511/1250 [02:01<02:57,  4.15it/s]
[1Aphase1 epoch 1:  41%|████      | 512/1250 [02:01<02:57,  4.16it/s]
[1Aphase1 epoch 1:  41%|████      | 513/1250 [02:01<02:56,  4.18it/s]
[1Aphase1 epoch 1:  41%|████      | 514/1250 [02:01<02:57,  4.14it/s]
[1Aphase1 epoch 1:  41%|████      | 515/1250 [02:02<02:56,  4.15it/s]
[1Aphase1 epoch 1:  41%|████▏     | 516/1250 [02:02<02:58,  4.12it/s]
[1Aphase1 epoch 1:  41%|████▏     | 517/1250 [02:02<02:59,  4.08it/s]
[1Aphase1 epoch 1:  41%|████▏     | 518/1250 [02:02<02:58,  4.11it/s]
[1Aphase1 epoch 1:  42%|████▏     | 519/1250 [02:03<02:56,  4.14it/s]
[1Aphase1 epoch 1:  42%|████▏     | 520/1250 [02:03<02:55,  4.16it/s]
[1Aphase1 epoch 1:  42%|████▏     | 521/1250 [02:03<02:54,  4.17it/s]
[1Aphase1 epoch 1:  42%|████▏     | 522/1250 [02:03<02:53,  4.18it/s]
[1Aphase1 epoch 1:  42%|████▏     | 523/1250 [02:04<02:51,  4.25it/s]
[1Aphase1 epoch 1:  42%|████▏     | 524/1250 [02:04<02:47,  4.33it/s]
[1Aphase1 epoch 1:  42%|████▏     | 525/1250 [02:04<02:48,  4.29it/s]
[1Aphase1 epoch 1:  42%|████▏     | 526/1250 [02:04<02:50,  4.26it/s]
[1Aphase1 epoch 1:  42%|████▏     | 527/1250 [02:05<02:50,  4.24it/s]
[1Aphase1 epoch 1:  42%|████▏     | 528/1250 [02:05<02:51,  4.22it/s]
[1Aphase1 epoch 1:  42%|████▏     | 529/1250 [02:05<02:53,  4.17it/s]
[1Aphase1 epoch 1:  42%|████▏     | 530/1250 [02:05<02:51,  4.19it/s]
[1Aphase1 epoch 1:  42%|████▏     | 531/1250 [02:06<02:51,  4.20it/s]
[1Aphase1 epoch 1:  43%|████▎     | 532/1250 [02:06<02:48,  4.26it/s]
[1Aphase1 epoch 1:  43%|████▎     | 533/1250 [02:06<02:48,  4.26it/s]
[1Aphase1 epoch 1:  43%|████▎     | 534/1250 [02:06<02:51,  4.18it/s]
[1Aphase1 epoch 1:  43%|████▎     | 535/1250 [02:06<02:51,  4.17it/s]
[1Aphase1 epoch 1:  43%|████▎     | 536/1250 [02:07<02:55,  4.06it/s]
[1Aphase1 epoch 1:  43%|████▎     | 537/1250 [02:07<02:51,  4.16it/s]
[1Aphase1 epoch 1:  43%|████▎     | 538/1250 [02:07<02:47,  4.24it/s]
[1Aphase1 epoch 1:  43%|████▎     | 539/1250 [02:07<02:48,  4.22it/s]
[1Aphase1 epoch 1:  43%|████▎     | 540/1250 [02:08<02:45,  4.29it/s]
[1Aphase1 epoch 1:  43%|████▎     | 541/1250 [02:08<02:46,  4.26it/s]
[1Aphase1 epoch 1:  43%|████▎     | 542/1250 [02:08<02:48,  4.19it/s]
[1Aphase1 epoch 1:  43%|████▎     | 543/1250 [02:08<02:50,  4.14it/s]
[1Aphase1 epoch 1:  44%|████▎     | 544/1250 [02:09<02:47,  4.22it/s]
[1Aphase1 epoch 1:  44%|████▎     | 545/1250 [02:09<02:47,  4.21it/s]
[1Aphase1 epoch 1:  44%|████▎     | 546/1250 [02:09<02:47,  4.21it/s]
[1Aphase1 epoch 1:  44%|████▍     | 547/1250 [02:09<02:44,  4.26it/s]
[1Aphase1 epoch 1:  44%|████▍     | 548/1250 [02:10<02:50,  4.13it/s]
[1Aphase1 epoch 1:  44%|████▍     | 549/1250 [02:10<02:49,  4.15it/s]
[1Aphase1 epoch 1:  44%|████▍     | 550/1250 [02:10<02:45,  4.22it/s]
[1Aphase1 epoch 1:  44%|████▍     | 551/1250 [02:10<02:46,  4.21it/s]
[1Aphase1 epoch 1:  44%|████▍     | 552/1250 [02:11<02:43,  4.26it/s]
[1Aphase1 epoch 1:  44%|████▍     | 553/1250 [02:11<02:44,  4.24it/s]
[1Aphase1 epoch 1:  44%|████▍     | 554/1250 [02:11<02:44,  4.24it/s]
[1Aphase1 epoch 1:  44%|████▍     | 555/1250 [02:11<02:44,  4.22it/s]
[1Aphase1 epoch 1:  44%|████▍     | 556/1250 [02:11<02:42,  4.28it/s]
[1Aphase1 epoch 1:  45%|████▍     | 557/1250 [02:12<02:42,  4.27it/s]
[1Aphase1 epoch 1:  45%|████▍     | 558/1250 [02:12<02:45,  4.18it/s]
[1Aphase1 epoch 1:  45%|████▍     | 559/1250 [02:12<02:42,  4.24it/s]
[1Aphase1 epoch 1:  45%|████▍     | 560/1250 [02:12<02:45,  4.16it/s]
[1Aphase1 epoch 1:  45%|████▍     | 561/1250 [02:13<02:47,  4.10it/s]
[1Aphase1 epoch 1:  45%|████▍     | 562/1250 [02:13<02:48,  4.07it/s]
[1Aphase1 epoch 1:  45%|████▌     | 563/1250 [02:13<02:46,  4.12it/s]
[1Aphase1 epoch 1:  45%|████▌     | 564/1250 [02:13<02:47,  4.09it/s]
[1Aphase1 epoch 1:  45%|████▌     | 565/1250 [02:14<02:50,  4.02it/s]
[1Aphase1 epoch 1:  45%|████▌     | 566/1250 [02:14<02:50,  4.00it/s]
[1Aphase1 epoch 1:  45%|████▌     | 567/1250 [02:14<02:48,  4.06it/s]
[1Aphase1 epoch 1:  45%|████▌     | 568/1250 [02:14<02:46,  4.11it/s]
[1Aphase1 epoch 1:  46%|████▌     | 569/1250 [02:15<02:44,  4.13it/s]
[1Aphase1 epoch 1:  46%|████▌     | 570/1250 [02:15<02:46,  4.08it/s]
[1Aphase1 epoch 1:  46%|████▌     | 571/1250 [02:15<02:44,  4.14it/s]
[1Aphase1 epoch 1:  46%|████▌     | 572/1250 [02:15<02:47,  4.04it/s]
[1Aphase1 epoch 1:  46%|████▌     | 573/1250 [02:16<02:43,  4.14it/s]
[1Aphase1 epoch 1:  46%|████▌     | 574/1250 [02:16<02:46,  4.05it/s]
[1Aphase1 epoch 1:  46%|████▌     | 575/1250 [02:16<02:45,  4.08it/s]
[1Aphase1 epoch 1:  46%|████▌     | 576/1250 [02:16<02:45,  4.06it/s]
[1Aphase1 epoch 1:  46%|████▌     | 577/1250 [02:17<02:46,  4.05it/s]
[1Aphase1 epoch 1:  46%|████▌     | 578/1250 [02:17<02:45,  4.05it/s]
[1Aphase1 epoch 1:  46%|████▋     | 579/1250 [02:17<02:43,  4.11it/s]
[1Aphase1 epoch 1:  46%|████▋     | 580/1250 [02:17<02:42,  4.12it/s]
[1Aphase1 epoch 1:  46%|████▋     | 581/1250 [02:18<02:40,  4.16it/s]
[1Aphase1 epoch 1:  47%|████▋     | 582/1250 [02:18<02:37,  4.24it/s]
[1Aphase1 epoch 1:  47%|████▋     | 583/1250 [02:18<02:35,  4.29it/s]
[1Aphase1 epoch 1:  47%|████▋     | 584/1250 [02:18<02:36,  4.25it/s]
[1Aphase1 epoch 1:  47%|████▋     | 585/1250 [02:18<02:36,  4.25it/s]
[1Aphase1 epoch 1:  47%|████▋     | 586/1250 [02:19<02:38,  4.19it/s]
[1Aphase1 epoch 1:  47%|████▋     | 587/1250 [02:19<02:36,  4.24it/s]
[1Aphase1 epoch 1:  47%|████▋     | 588/1250 [02:19<02:40,  4.12it/s]
[1Aphase1 epoch 1:  47%|████▋     | 589/1250 [02:19<02:39,  4.15it/s]
[1Aphase1 epoch 1:  47%|████▋     | 590/1250 [02:20<02:38,  4.16it/s]
[1Aphase1 epoch 1:  47%|████▋     | 591/1250 [02:20<02:37,  4.18it/s]
[1Aphase1 epoch 1:  47%|████▋     | 592/1250 [02:20<02:35,  4.24it/s]
[1Aphase1 epoch 1:  47%|████▋     | 593/1250 [02:20<02:35,  4.22it/s]
[1Aphase1 epoch 1:  48%|████▊     | 594/1250 [02:21<02:33,  4.27it/s]
[1Aphase1 epoch 1:  48%|████▊     | 595/1250 [02:21<02:35,  4.20it/s]
[1Aphase1 epoch 1:  48%|████▊     | 596/1250 [02:21<02:35,  4.22it/s]
[1Aphase1 epoch 1:  48%|████▊     | 597/1250 [02:21<02:36,  4.17it/s]
[1Aphase1 epoch 1:  48%|████▊     | 598/1250 [02:22<02:33,  4.23it/s]
[1Aphase1 epoch 1:  48%|████▊     | 599/1250 [02:22<02:31,  4.29it/s]
[1Aphase1 epoch 1:  48%|████▊     | 600/1250 [02:22<02:30,  4.32it/s]
[1Aphase1 epoch 1:  48%|████▊     | 601/1250 [02:22<02:31,  4.29it/s]
[1Aphase1 epoch 1:  48%|████▊     | 602/1250 [02:23<02:30,  4.32it/s]
[1Aphase1 epoch 1:  48%|████▊     | 603/1250 [02:23<02:29,  4.34it/s]
[1Aphase1 epoch 1:  48%|████▊     | 604/1250 [02:23<02:28,  4.36it/s]
[1Aphase1 epoch 1:  48%|████▊     | 605/1250 [02:23<02:29,  4.32it/s]
[1Aphase1 epoch 1:  48%|████▊     | 606/1250 [02:23<02:30,  4.29it/s]
[1Aphase1 epoch 1:  49%|████▊     | 607/1250 [02:24<02:30,  4.26it/s]
[1Aphase1 epoch 1:  49%|████▊     | 608/1250 [02:24<02:30,  4.26it/s]
[1Aphase1 epoch 1:  49%|████▊     | 609/1250 [02:24<02:30,  4.26it/s]
[1Aphase1 epoch 1:  49%|████▉     | 610/1250 [02:24<02:29,  4.29it/s]
[1Aphase1 epoch 1:  49%|████▉     | 611/1250 [02:25<02:27,  4.33it/s]
[1Aphase1 epoch 1:  49%|████▉     | 612/1250 [02:25<02:29,  4.28it/s]
[1Aphase1 epoch 1:  49%|████▉     | 613/1250 [02:25<02:27,  4.32it/s]
[1Aphase1 epoch 1:  49%|████▉     | 614/1250 [02:25<02:28,  4.29it/s]
[1Aphase1 epoch 1:  49%|████▉     | 615/1250 [02:26<02:29,  4.25it/s]
[1Aphase1 epoch 1:  49%|████▉     | 616/1250 [02:26<02:31,  4.17it/s]
[1Aphase1 epoch 1:  49%|████▉     | 617/1250 [02:26<02:31,  4.19it/s]
[1Aphase1 epoch 1:  49%|████▉     | 618/1250 [02:26<02:30,  4.19it/s]
[1Aphase1 epoch 1:  50%|████▉     | 619/1250 [02:27<02:29,  4.21it/s]
[1Aphase1 epoch 1:  50%|████▉     | 620/1250 [02:27<02:32,  4.14it/s]
[1Aphase1 epoch 1:  50%|████▉     | 621/1250 [02:27<02:29,  4.21it/s]
[1Aphase1 epoch 1:  50%|████▉     | 622/1250 [02:27<02:29,  4.21it/s]
[1Aphase1 epoch 1:  50%|████▉     | 623/1250 [02:27<02:28,  4.22it/s]
[1Aphase1 epoch 1:  50%|████▉     | 624/1250 [02:28<02:28,  4.22it/s]
[1Aphase1 epoch 1:  50%|█████     | 625/1250 [02:28<02:28,  4.21it/s]
[1Aphase1 epoch 1:  50%|█████     | 626/1250 [02:28<02:28,  4.20it/s]
[1Aphase1 epoch 1:  50%|█████     | 627/1250 [02:28<02:27,  4.22it/s]
[1Aphase1 epoch 1:  50%|█████     | 628/1250 [02:29<02:25,  4.28it/s]
[1Aphase1 epoch 1:  50%|█████     | 629/1250 [02:29<02:27,  4.20it/s]
[1Aphase1 epoch 1:  50%|█████     | 630/1250 [02:29<02:27,  4.20it/s]
[1Aphase1 epoch 1:  50%|█████     | 631/1250 [02:29<02:27,  4.21it/s]
[1Aphase1 epoch 1:  51%|█████     | 632/1250 [02:30<02:24,  4.27it/s]
[1Aphase1 epoch 1:  51%|█████     | 633/1250 [02:30<02:30,  4.10it/s]
[1Aphase1 epoch 1:  51%|█████     | 634/1250 [02:30<02:28,  4.14it/s]
[1Aphase1 epoch 1:  51%|█████     | 635/1250 [02:30<02:28,  4.15it/s]
[1Aphase1 epoch 1:  51%|█████     | 636/1250 [02:31<02:29,  4.10it/s]
[1Aphase1 epoch 1:  51%|█████     | 637/1250 [02:31<02:28,  4.14it/s]
[1Aphase1 epoch 1:  51%|█████     | 638/1250 [02:31<02:27,  4.15it/s]
[1Aphase1 epoch 1:  51%|█████     | 639/1250 [02:31<02:26,  4.16it/s]
[1Aphase1 epoch 1:  51%|█████     | 640/1250 [02:32<02:26,  4.17it/s]
[1Aphase1 epoch 1:  51%|█████▏    | 641/1250 [02:32<02:25,  4.18it/s]
[1Aphase1 epoch 1:  51%|█████▏    | 642/1250 [02:32<02:25,  4.18it/s]
[1Aphase1 epoch 1:  51%|█████▏    | 643/1250 [02:32<02:25,  4.18it/s]
[1Aphase1 epoch 1:  52%|█████▏    | 644/1250 [02:32<02:24,  4.19it/s]
[1Aphase1 epoch 1:  52%|█████▏    | 645/1250 [02:33<02:23,  4.21it/s]
[1Aphase1 epoch 1:  52%|█████▏    | 646/1250 [02:33<02:25,  4.15it/s]
[1Aphase1 epoch 1:  52%|█████▏    | 647/1250 [02:33<02:24,  4.17it/s]
[1Aphase1 epoch 1:  52%|█████▏    | 648/1250 [02:33<02:24,  4.16it/s]
[1Aphase1 epoch 1:  52%|█████▏    | 649/1250 [02:34<02:21,  4.23it/s]
[1Aphase1 epoch 1:  52%|█████▏    | 650/1250 [02:34<02:22,  4.22it/s]
[1Aphase1 epoch 1:  52%|█████▏    | 651/1250 [02:34<02:20,  4.27it/s]
[1Aphase1 epoch 1:  52%|█████▏    | 652/1250 [02:34<02:18,  4.32it/s]
[1Aphase1 epoch 1:  52%|█████▏    | 653/1250 [02:35<02:19,  4.27it/s]
[1Aphase1 epoch 1:  52%|█████▏    | 654/1250 [02:35<02:22,  4.19it/s]
[1Aphase1 epoch 1:  52%|█████▏    | 655/1250 [02:35<02:20,  4.25it/s]
[1Aphase1 epoch 1:  52%|█████▏    | 656/1250 [02:35<02:20,  4.22it/s]
[1Aphase1 epoch 1:  53%|█████▎    | 657/1250 [02:36<02:22,  4.16it/s]
[1Aphase1 epoch 1:  53%|█████▎    | 658/1250 [02:36<02:19,  4.23it/s]
[1Aphase1 epoch 1:  53%|█████▎    | 659/1250 [02:36<02:19,  4.24it/s]
[1Aphase1 epoch 1:  53%|█████▎    | 660/1250 [02:36<02:19,  4.24it/s]
[1Aphase1 epoch 1:  53%|█████▎    | 661/1250 [02:37<02:19,  4.22it/s]
[1Aphase1 epoch 1:  53%|█████▎    | 662/1250 [02:37<02:22,  4.11it/s]
[1Aphase1 epoch 1:  53%|█████▎    | 663/1250 [02:37<02:21,  4.15it/s]
[1Aphase1 epoch 1:  53%|█████▎    | 664/1250 [02:37<02:20,  4.18it/s]
[1Aphase1 epoch 1:  53%|█████▎    | 665/1250 [02:37<02:17,  4.25it/s]
[1Aphase1 epoch 1:  53%|█████▎    | 666/1250 [02:38<02:20,  4.16it/s]
[1Aphase1 epoch 1:  53%|█████▎    | 667/1250 [02:38<02:19,  4.17it/s]
[1Aphase1 epoch 1:  53%|█████▎    | 668/1250 [02:38<02:19,  4.17it/s]
[1Aphase1 epoch 1:  54%|█████▎    | 669/1250 [02:38<02:17,  4.24it/s]
[1Aphase1 epoch 1:  54%|█████▎    | 670/1250 [02:39<02:17,  4.23it/s]
[1Aphase1 epoch 1:  54%|█████▎    | 671/1250 [02:39<02:17,  4.21it/s]
[1Aphase1 epoch 1:  54%|█████▍    | 672/1250 [02:39<02:16,  4.22it/s]
[1Aphase1 epoch 1:  54%|█████▍    | 673/1250 [02:39<02:18,  4.15it/s]
[1Aphase1 epoch 1:  54%|█████▍    | 674/1250 [02:40<02:17,  4.17it/s]
[1Aphase1 epoch 1:  54%|█████▍    | 675/1250 [02:40<02:22,  4.04it/s]
[1Aphase1 epoch 1:  54%|█████▍    | 676/1250 [02:40<02:22,  4.04it/s]
[1Aphase1 epoch 1:  54%|█████▍    | 677/1250 [02:40<02:20,  4.07it/s]
[1Aphase1 epoch 1:  54%|█████▍    | 678/1250 [02:41<02:17,  4.16it/s]
[1Aphase1 epoch 1:  54%|█████▍    | 679/1250 [02:41<02:18,  4.11it/s]
[1Aphase1 epoch 1:  54%|█████▍    | 680/1250 [02:41<02:18,  4.13it/s]
[1Aphase1 epoch 1:  54%|█████▍    | 681/1250 [02:41<02:15,  4.21it/s]
[1Aphase1 epoch 1:  55%|█████▍    | 682/1250 [02:42<02:13,  4.26it/s]
[1Aphase1 epoch 1:  55%|█████▍    | 683/1250 [02:42<02:15,  4.19it/s]
[1Aphase1 epoch 1:  55%|█████▍    | 684/1250 [02:42<02:14,  4.19it/s]
[1Aphase1 epoch 1:  55%|█████▍    | 685/1250 [02:42<02:14,  4.21it/s]
[1Aphase1 epoch 1:  55%|█████▍    | 686/1250 [02:43<02:12,  4.26it/s]
[1Aphase1 epoch 1:  55%|█████▍    | 687/1250 [02:43<02:10,  4.31it/s]
[1Aphase1 epoch 1:  55%|█████▌    | 688/1250 [02:43<02:11,  4.26it/s]
[1Aphase1 epoch 1:  55%|█████▌    | 689/1250 [02:43<02:14,  4.17it/s]
[1Aphase1 epoch 1:  55%|█████▌    | 690/1250 [02:43<02:15,  4.13it/s]
[1Aphase1 epoch 1:  55%|█████▌    | 691/1250 [02:44<02:16,  4.10it/s]
[1Aphase1 epoch 1:  55%|█████▌    | 692/1250 [02:44<02:15,  4.13it/s]
[1Aphase1 epoch 1:  55%|█████▌    | 693/1250 [02:44<02:14,  4.15it/s]
[1Aphase1 epoch 1:  56%|█████▌    | 694/1250 [02:44<02:11,  4.24it/s]
[1Aphase1 epoch 1:  56%|█████▌    | 695/1250 [02:45<02:09,  4.29it/s]
[1Aphase1 epoch 1:  56%|█████▌    | 696/1250 [02:45<02:11,  4.20it/s]
[1Aphase1 epoch 1:  56%|█████▌    | 697/1250 [02:45<02:13,  4.15it/s]
[1Aphase1 epoch 1:  56%|█████▌    | 698/1250 [02:45<02:12,  4.16it/s]
[1Aphase1 epoch 1:  56%|█████▌    | 699/1250 [02:46<02:09,  4.24it/s]
[1Aphase1 epoch 1:  56%|█████▌    | 700/1250 [02:46<02:09,  4.24it/s]
[1Aphase1 epoch 1:  56%|█████▌    | 701/1250 [02:46<02:11,  4.18it/s]
[1Aphase1 epoch 1:  56%|█████▌    | 702/1250 [02:46<02:09,  4.25it/s]
[1Aphase1 epoch 1:  56%|█████▌    | 703/1250 [02:47<02:10,  4.19it/s]
[1Aphase1 epoch 1:  56%|█████▋    | 704/1250 [02:47<02:11,  4.14it/s]
[1Aphase1 epoch 1:  56%|█████▋    | 705/1250 [02:47<02:10,  4.16it/s]
[1Aphase1 epoch 1:  56%|█████▋    | 706/1250 [02:47<02:10,  4.17it/s]
[1Aphase1 epoch 1:  57%|█████▋    | 707/1250 [02:48<02:10,  4.17it/s]
[1Aphase1 epoch 1:  57%|█████▋    | 708/1250 [02:48<02:07,  4.25it/s]
[1Aphase1 epoch 1:  57%|█████▋    | 709/1250 [02:48<02:09,  4.18it/s]
[1Aphase1 epoch 1:  57%|█████▋    | 710/1250 [02:48<02:10,  4.13it/s]
[1Aphase1 epoch 1:  57%|█████▋    | 711/1250 [02:48<02:10,  4.13it/s]
[1Aphase1 epoch 1:  57%|█████▋    | 712/1250 [02:49<02:09,  4.15it/s]
[1Aphase1 epoch 1:  57%|█████▋    | 713/1250 [02:49<02:09,  4.15it/s]
[1Aphase1 epoch 1:  57%|█████▋    | 714/1250 [02:49<02:08,  4.17it/s]
[1Aphase1 epoch 1:  57%|█████▋    | 715/1250 [02:49<02:09,  4.12it/s]
[1Aphase1 epoch 1:  57%|█████▋    | 716/1250 [02:50<02:10,  4.09it/s]
[1Aphase1 epoch 1:  57%|█████▋    | 717/1250 [02:50<02:09,  4.13it/s]
[1Aphase1 epoch 1:  57%|█████▋    | 718/1250 [02:50<02:06,  4.21it/s]
[1Aphase1 epoch 1:  58%|█████▊    | 719/1250 [02:50<02:06,  4.19it/s]
[1Aphase1 epoch 1:  58%|█████▊    | 720/1250 [02:51<02:06,  4.21it/s]
[1Aphase1 epoch 1:  58%|█████▊    | 721/1250 [02:51<02:04,  4.26it/s]
[1Aphase1 epoch 1:  58%|█████▊    | 722/1250 [02:51<02:05,  4.19it/s]
[1Aphase1 epoch 1:  58%|█████▊    | 723/1250 [02:51<02:03,  4.25it/s]
[1Aphase1 epoch 1:  58%|█████▊    | 724/1250 [02:52<02:02,  4.29it/s]
[1Aphase1 epoch 1:  58%|█████▊    | 725/1250 [02:52<02:04,  4.21it/s]
[1Aphase1 epoch 1:  58%|█████▊    | 726/1250 [02:52<02:06,  4.15it/s]
[1Aphase1 epoch 1:  58%|█████▊    | 727/1250 [02:52<02:05,  4.16it/s]
[1Aphase1 epoch 1:  58%|█████▊    | 728/1250 [02:53<02:03,  4.22it/s]
[1Aphase1 epoch 1:  58%|█████▊    | 729/1250 [02:53<02:04,  4.17it/s]
[1Aphase1 epoch 1:  58%|█████▊    | 730/1250 [02:53<02:04,  4.18it/s]
[1Aphase1 epoch 1:  58%|█████▊    | 731/1250 [02:53<02:05,  4.13it/s]
[1Aphase1 epoch 1:  59%|█████▊    | 732/1250 [02:54<02:05,  4.14it/s]
[1Aphase1 epoch 1:  59%|█████▊    | 733/1250 [02:54<02:02,  4.23it/s]
[1Aphase1 epoch 1:  59%|█████▊    | 734/1250 [02:54<02:03,  4.17it/s]
[1Aphase1 epoch 1:  59%|█████▉    | 735/1250 [02:54<02:03,  4.16it/s]
[1Aphase1 epoch 1:  59%|█████▉    | 736/1250 [02:54<02:02,  4.18it/s]
[1Aphase1 epoch 1:  59%|█████▉    | 737/1250 [02:55<02:02,  4.19it/s]
[1Aphase1 epoch 1:  59%|█████▉    | 738/1250 [02:55<02:01,  4.20it/s]
[1Aphase1 epoch 1:  59%|█████▉    | 739/1250 [02:55<01:59,  4.26it/s]
[1Aphase1 epoch 1:  59%|█████▉    | 740/1250 [02:55<02:00,  4.25it/s]
[1Aphase1 epoch 1:  59%|█████▉    | 741/1250 [02:56<02:00,  4.24it/s]
[1Aphase1 epoch 1:  59%|█████▉    | 742/1250 [02:56<02:01,  4.17it/s]
[1Aphase1 epoch 1:  59%|█████▉    | 743/1250 [02:56<02:01,  4.17it/s]
[1Aphase1 epoch 1:  60%|█████▉    | 744/1250 [02:56<02:01,  4.17it/s]
[1Aphase1 epoch 1:  60%|█████▉    | 745/1250 [02:57<02:00,  4.19it/s]
[1Aphase1 epoch 1:  60%|█████▉    | 746/1250 [02:57<01:59,  4.21it/s]
[1Aphase1 epoch 1:  60%|█████▉    | 747/1250 [02:57<02:03,  4.09it/s]
[1Aphase1 epoch 1:  60%|█████▉    | 748/1250 [02:57<02:03,  4.06it/s]
[1Aphase1 epoch 1:  60%|█████▉    | 749/1250 [02:58<02:01,  4.11it/s]
[1Aphase1 epoch 1:  60%|██████    | 750/1250 [02:58<02:04,  4.02it/s]
[1Aphase1 epoch 1:  60%|██████    | 751/1250 [02:58<02:03,  4.03it/s]
[1Aphase1 epoch 1:  60%|██████    | 752/1250 [02:58<02:00,  4.15it/s]
[1Aphase1 epoch 1:  60%|██████    | 753/1250 [02:59<01:59,  4.16it/s]
[1Aphase1 epoch 1:  60%|██████    | 754/1250 [02:59<02:00,  4.11it/s]
[1Aphase1 epoch 1:  60%|██████    | 755/1250 [02:59<01:59,  4.13it/s]
[1Aphase1 epoch 1:  60%|██████    | 756/1250 [02:59<02:00,  4.09it/s]
[1Aphase1 epoch 1:  61%|██████    | 757/1250 [03:00<01:59,  4.11it/s]
[1Aphase1 epoch 1:  61%|██████    | 758/1250 [03:00<01:58,  4.15it/s]
[1Aphase1 epoch 1:  61%|██████    | 759/1250 [03:00<01:58,  4.16it/s]
[1Aphase1 epoch 1:  61%|██████    | 760/1250 [03:00<01:59,  4.12it/s]
[1Aphase1 epoch 1:  61%|██████    | 761/1250 [03:00<01:56,  4.21it/s]
[1Aphase1 epoch 1:  61%|██████    | 762/1250 [03:01<01:53,  4.28it/s]
[1Aphase1 epoch 1:  61%|██████    | 763/1250 [03:01<01:53,  4.27it/s]
[1Aphase1 epoch 1:  61%|██████    | 764/1250 [03:01<01:52,  4.32it/s]
[1Aphase1 epoch 1:  61%|██████    | 765/1250 [03:01<01:53,  4.28it/s]
[1Aphase1 epoch 1:  61%|██████▏   | 766/1250 [03:02<01:51,  4.33it/s]
[1Aphase1 epoch 1:  61%|██████▏   | 767/1250 [03:02<01:52,  4.29it/s]
[1Aphase1 epoch 1:  61%|██████▏   | 768/1250 [03:02<01:54,  4.21it/s]
[1Aphase1 epoch 1:  62%|██████▏   | 769/1250 [03:02<01:54,  4.21it/s]
[1Aphase1 epoch 1:  62%|██████▏   | 770/1250 [03:03<01:54,  4.21it/s]
[1Aphase1 epoch 1:  62%|██████▏   | 771/1250 [03:03<01:55,  4.15it/s]
[1Aphase1 epoch 1:  62%|██████▏   | 772/1250 [03:03<01:54,  4.16it/s]
[1Aphase1 epoch 1:  62%|██████▏   | 773/1250 [03:03<01:55,  4.12it/s]
[1Aphase1 epoch 1:  62%|██████▏   | 774/1250 [03:04<01:54,  4.16it/s]
[1Aphase1 epoch 1:  62%|██████▏   | 775/1250 [03:04<01:54,  4.16it/s]
[1Aphase1 epoch 1:  62%|██████▏   | 776/1250 [03:04<01:53,  4.16it/s]
[1Aphase1 epoch 1:  62%|██████▏   | 777/1250 [03:04<01:52,  4.19it/s]
[1Aphase1 epoch 1:  62%|██████▏   | 778/1250 [03:05<01:52,  4.20it/s]
[1Aphase1 epoch 1:  62%|██████▏   | 779/1250 [03:05<01:51,  4.21it/s]
[1Aphase1 epoch 1:  62%|██████▏   | 780/1250 [03:05<01:53,  4.16it/s]
[1Aphase1 epoch 1:  62%|██████▏   | 781/1250 [03:05<01:53,  4.12it/s]
[1Aphase1 epoch 1:  63%|██████▎   | 782/1250 [03:05<01:54,  4.09it/s]
[1Aphase1 epoch 1:  63%|██████▎   | 783/1250 [03:06<01:53,  4.12it/s]
[1Aphase1 epoch 1:  63%|██████▎   | 784/1250 [03:06<01:52,  4.14it/s]
[1Aphase1 epoch 1:  63%|██████▎   | 785/1250 [03:06<01:52,  4.15it/s]
[1Aphase1 epoch 1:  63%|██████▎   | 786/1250 [03:06<01:51,  4.16it/s]
[1Aphase1 epoch 1:  63%|██████▎   | 787/1250 [03:07<01:51,  4.16it/s]
[1Aphase1 epoch 1:  63%|██████▎   | 788/1250 [03:07<01:52,  4.11it/s]
[1Aphase1 epoch 1:  63%|██████▎   | 789/1250 [03:07<01:53,  4.07it/s]
[1Aphase1 epoch 1:  63%|██████▎   | 790/1250 [03:07<01:53,  4.06it/s]
[1Aphase1 epoch 1:  63%|██████▎   | 791/1250 [03:08<01:51,  4.10it/s]
[1Aphase1 epoch 1:  63%|██████▎   | 792/1250 [03:08<01:49,  4.19it/s]
[1Aphase1 epoch 1:  63%|██████▎   | 793/1250 [03:08<01:47,  4.27it/s]
[1Aphase1 epoch 1:  64%|██████▎   | 794/1250 [03:08<01:45,  4.31it/s]
[1Aphase1 epoch 1:  64%|██████▎   | 795/1250 [03:09<01:46,  4.27it/s]
[1Aphase1 epoch 1:  64%|██████▎   | 796/1250 [03:09<01:45,  4.31it/s]
[1Aphase1 epoch 1:  64%|██████▍   | 797/1250 [03:09<01:45,  4.29it/s]
[1Aphase1 epoch 1:  64%|██████▍   | 798/1250 [03:09<01:47,  4.19it/s]
[1Aphase1 epoch 1:  64%|██████▍   | 799/1250 [03:10<01:47,  4.20it/s]
[1Aphase1 epoch 1:  64%|██████▍   | 800/1250 [03:10<01:47,  4.20it/s]
[1Aphase1 epoch 1:  64%|██████▍   | 801/1250 [03:10<01:46,  4.20it/s]
[1Aphase1 epoch 1:  64%|██████▍   | 802/1250 [03:10<01:47,  4.15it/s]
[1Aphase1 epoch 1:  64%|██████▍   | 803/1250 [03:11<01:47,  4.18it/s]
[1Aphase1 epoch 1:  64%|██████▍   | 804/1250 [03:11<01:46,  4.18it/s]
[1Aphase1 epoch 1:  64%|██████▍   | 805/1250 [03:11<01:44,  4.25it/s]
[1Aphase1 epoch 1:  64%|██████▍   | 806/1250 [03:11<01:46,  4.18it/s]
[1Aphase1 epoch 1:  65%|██████▍   | 807/1250 [03:11<01:44,  4.25it/s]
[1Aphase1 epoch 1:  65%|██████▍   | 808/1250 [03:12<01:44,  4.24it/s]
[1Aphase1 epoch 1:  65%|██████▍   | 809/1250 [03:12<01:43,  4.24it/s]
[1Aphase1 epoch 1:  65%|██████▍   | 810/1250 [03:12<01:43,  4.24it/s]
[1Aphase1 epoch 1:  65%|██████▍   | 811/1250 [03:12<01:42,  4.29it/s]
[1Aphase1 epoch 1:  65%|██████▍   | 812/1250 [03:13<01:41,  4.32it/s]
[1Aphase1 epoch 1:  65%|██████▌   | 813/1250 [03:13<01:42,  4.26it/s]
[1Aphase1 epoch 1:  65%|██████▌   | 814/1250 [03:13<01:41,  4.31it/s]
[1Aphase1 epoch 1:  65%|██████▌   | 815/1250 [03:13<01:42,  4.23it/s]
[1Aphase1 epoch 1:  65%|██████▌   | 816/1250 [03:14<01:41,  4.27it/s]
[1Aphase1 epoch 1:  65%|██████▌   | 817/1250 [03:14<01:42,  4.24it/s]
[1Aphase1 epoch 1:  65%|██████▌   | 818/1250 [03:14<01:42,  4.23it/s]
[1Aphase1 epoch 1:  66%|██████▌   | 819/1250 [03:14<01:41,  4.23it/s]
[1Aphase1 epoch 1:  66%|██████▌   | 820/1250 [03:15<01:41,  4.22it/s]
[1Aphase1 epoch 1:  66%|██████▌   | 821/1250 [03:15<01:42,  4.20it/s]
[1Aphase1 epoch 1:  66%|██████▌   | 822/1250 [03:15<01:41,  4.21it/s]
[1Aphase1 epoch 1:  66%|██████▌   | 823/1250 [03:15<01:39,  4.28it/s]
[1Aphase1 epoch 1:  66%|██████▌   | 824/1250 [03:15<01:38,  4.32it/s]
[1Aphase1 epoch 1:  66%|██████▌   | 825/1250 [03:16<01:39,  4.27it/s]
[1Aphase1 epoch 1:  66%|██████▌   | 826/1250 [03:16<01:39,  4.25it/s]
[1Aphase1 epoch 1:  66%|██████▌   | 827/1250 [03:16<01:39,  4.24it/s]
[1Aphase1 epoch 1:  66%|██████▌   | 828/1250 [03:16<01:40,  4.18it/s]
[1Aphase1 epoch 1:  66%|██████▋   | 829/1250 [03:17<01:41,  4.13it/s]
[1Aphase1 epoch 1:  66%|██████▋   | 830/1250 [03:17<01:39,  4.22it/s]
[1Aphase1 epoch 1:  66%|██████▋   | 831/1250 [03:17<01:40,  4.16it/s]
[1Aphase1 epoch 1:  67%|██████▋   | 832/1250 [03:17<01:40,  4.18it/s]
[1Aphase1 epoch 1:  67%|██████▋   | 833/1250 [03:18<01:38,  4.24it/s]
[1Aphase1 epoch 1:  67%|██████▋   | 834/1250 [03:18<01:36,  4.29it/s]
[1Aphase1 epoch 1:  67%|██████▋   | 835/1250 [03:18<01:37,  4.25it/s]
[1Aphase1 epoch 1:  67%|██████▋   | 836/1250 [03:18<01:38,  4.22it/s]
[1Aphase1 epoch 1:  67%|██████▋   | 837/1250 [03:19<01:37,  4.22it/s]
[1Aphase1 epoch 1:  67%|██████▋   | 838/1250 [03:19<01:38,  4.17it/s]
[1Aphase1 epoch 1:  67%|██████▋   | 839/1250 [03:19<01:36,  4.24it/s]
[1Aphase1 epoch 1:  67%|██████▋   | 840/1250 [03:19<01:37,  4.23it/s]
[1Aphase1 epoch 1:  67%|██████▋   | 841/1250 [03:19<01:37,  4.21it/s]
[1Aphase1 epoch 1:  67%|██████▋   | 842/1250 [03:20<01:37,  4.19it/s]
[1Aphase1 epoch 1:  67%|██████▋   | 843/1250 [03:20<01:34,  4.29it/s]
[1Aphase1 epoch 1:  68%|██████▊   | 844/1250 [03:20<01:35,  4.26it/s]
[1Aphase1 epoch 1:  68%|██████▊   | 845/1250 [03:20<01:35,  4.24it/s]
[1Aphase1 epoch 1:  68%|██████▊   | 846/1250 [03:21<01:37,  4.15it/s]
[1Aphase1 epoch 1:  68%|██████▊   | 847/1250 [03:21<01:36,  4.17it/s]
[1Aphase1 epoch 1:  68%|██████▊   | 848/1250 [03:21<01:36,  4.17it/s]
[1Aphase1 epoch 1:  68%|██████▊   | 849/1250 [03:21<01:34,  4.24it/s]
[1Aphase1 epoch 1:  68%|██████▊   | 850/1250 [03:22<01:35,  4.21it/s]
[1Aphase1 epoch 1:  68%|██████▊   | 851/1250 [03:22<01:35,  4.20it/s]
[1Aphase1 epoch 1:  68%|██████▊   | 852/1250 [03:22<01:33,  4.26it/s]
[1Aphase1 epoch 1:  68%|██████▊   | 853/1250 [03:22<01:32,  4.31it/s]
[1Aphase1 epoch 1:  68%|██████▊   | 854/1250 [03:23<01:32,  4.26it/s]
[1Aphase1 epoch 1:  68%|██████▊   | 855/1250 [03:23<01:33,  4.22it/s]
[1Aphase1 epoch 1:  68%|██████▊   | 856/1250 [03:23<01:33,  4.20it/s]
[1Aphase1 epoch 1:  69%|██████▊   | 857/1250 [03:23<01:33,  4.22it/s]
[1Aphase1 epoch 1:  69%|██████▊   | 858/1250 [03:24<01:33,  4.20it/s]
[1Aphase1 epoch 1:  69%|██████▊   | 859/1250 [03:24<01:32,  4.22it/s]
[1Aphase1 epoch 1:  69%|██████▉   | 860/1250 [03:24<01:32,  4.20it/s]
[1Aphase1 epoch 1:  69%|██████▉   | 861/1250 [03:24<01:32,  4.20it/s]
[1Aphase1 epoch 1:  69%|██████▉   | 862/1250 [03:24<01:30,  4.27it/s]
[1Aphase1 epoch 1:  69%|██████▉   | 863/1250 [03:25<01:31,  4.24it/s]
[1Aphase1 epoch 1:  69%|██████▉   | 864/1250 [03:25<01:29,  4.30it/s]
[1Aphase1 epoch 1:  69%|██████▉   | 865/1250 [03:25<01:30,  4.25it/s]
[1Aphase1 epoch 1:  69%|██████▉   | 866/1250 [03:25<01:32,  4.17it/s]
[1Aphase1 epoch 1:  69%|██████▉   | 867/1250 [03:26<01:30,  4.24it/s]
[1Aphase1 epoch 1:  69%|██████▉   | 868/1250 [03:26<01:31,  4.18it/s]
[1Aphase1 epoch 1:  70%|██████▉   | 869/1250 [03:26<01:30,  4.19it/s]
[1Aphase1 epoch 1:  70%|██████▉   | 870/1250 [03:26<01:30,  4.18it/s]
[1Aphase1 epoch 1:  70%|██████▉   | 871/1250 [03:27<01:30,  4.18it/s]
[1Aphase1 epoch 1:  70%|██████▉   | 872/1250 [03:27<01:30,  4.18it/s]
[1Aphase1 epoch 1:  70%|██████▉   | 873/1250 [03:27<01:32,  4.07it/s]
[1Aphase1 epoch 1:  70%|██████▉   | 874/1250 [03:27<01:31,  4.10it/s]
[1Aphase1 epoch 1:  70%|███████   | 875/1250 [03:28<01:29,  4.19it/s]
[1Aphase1 epoch 1:  70%|███████   | 876/1250 [03:28<01:30,  4.12it/s]
[1Aphase1 epoch 1:  70%|███████   | 877/1250 [03:28<01:30,  4.13it/s]
[1Aphase1 epoch 1:  70%|███████   | 878/1250 [03:28<01:31,  4.05it/s]
[1Aphase1 epoch 1:  70%|███████   | 879/1250 [03:29<01:29,  4.14it/s]
[1Aphase1 epoch 1:  70%|███████   | 880/1250 [03:29<01:29,  4.15it/s]
[1Aphase1 epoch 1:  70%|███████   | 881/1250 [03:29<01:27,  4.23it/s]
[1Aphase1 epoch 1:  71%|███████   | 882/1250 [03:29<01:27,  4.23it/s]
[1Aphase1 epoch 1:  71%|███████   | 883/1250 [03:29<01:26,  4.22it/s]
[1Aphase1 epoch 1:  71%|███████   | 884/1250 [03:30<01:28,  4.14it/s]
[1Aphase1 epoch 1:  71%|███████   | 885/1250 [03:30<01:27,  4.15it/s]
[1Aphase1 epoch 1:  71%|███████   | 886/1250 [03:30<01:27,  4.16it/s]
[1Aphase1 epoch 1:  71%|███████   | 887/1250 [03:30<01:26,  4.19it/s]
[1Aphase1 epoch 1:  71%|███████   | 888/1250 [03:31<01:25,  4.25it/s]
[1Aphase1 epoch 1:  71%|███████   | 889/1250 [03:31<01:24,  4.29it/s]
[1Aphase1 epoch 1:  71%|███████   | 890/1250 [03:31<01:24,  4.26it/s]
[1Aphase1 epoch 1:  71%|███████▏  | 891/1250 [03:31<01:24,  4.24it/s]
[1Aphase1 epoch 1:  71%|███████▏  | 892/1250 [03:32<01:24,  4.22it/s]
[1Aphase1 epoch 1:  71%|███████▏  | 893/1250 [03:32<01:23,  4.27it/s]
[1Aphase1 epoch 1:  72%|███████▏  | 894/1250 [03:32<01:25,  4.18it/s]
[1Aphase1 epoch 1:  72%|███████▏  | 895/1250 [03:32<01:27,  4.06it/s]
[1Aphase1 epoch 1:  72%|███████▏  | 896/1250 [03:33<01:25,  4.15it/s]
[1Aphase1 epoch 1:  72%|███████▏  | 897/1250 [03:33<01:25,  4.15it/s]
[1Aphase1 epoch 1:  72%|███████▏  | 898/1250 [03:33<01:24,  4.16it/s]
[1Aphase1 epoch 1:  72%|███████▏  | 899/1250 [03:33<01:22,  4.24it/s]
[1Aphase1 epoch 1:  72%|███████▏  | 900/1250 [03:34<01:21,  4.29it/s]
[1Aphase1 epoch 1:  72%|███████▏  | 901/1250 [03:34<01:22,  4.25it/s]
[1Aphase1 epoch 1:  72%|███████▏  | 902/1250 [03:34<01:21,  4.25it/s]
[1Aphase1 epoch 1:  72%|███████▏  | 903/1250 [03:34<01:20,  4.30it/s]
[1Aphase1 epoch 1:  72%|███████▏  | 904/1250 [03:34<01:21,  4.26it/s]
[1Aphase1 epoch 1:  72%|███████▏  | 905/1250 [03:35<01:21,  4.22it/s]
[1Aphase1 epoch 1:  72%|███████▏  | 906/1250 [03:35<01:21,  4.23it/s]
[1Aphase1 epoch 1:  73%|███████▎  | 907/1250 [03:35<01:20,  4.28it/s]
[1Aphase1 epoch 1:  73%|███████▎  | 908/1250 [03:35<01:21,  4.18it/s]
[1Aphase1 epoch 1:  73%|███████▎  | 909/1250 [03:36<01:21,  4.17it/s]
[1Aphase1 epoch 1:  73%|███████▎  | 910/1250 [03:36<01:21,  4.18it/s]
[1Aphase1 epoch 1:  73%|███████▎  | 911/1250 [03:36<01:21,  4.14it/s]
[1Aphase1 epoch 1:  73%|███████▎  | 912/1250 [03:36<01:21,  4.14it/s]
[1Aphase1 epoch 1:  73%|███████▎  | 913/1250 [03:37<01:21,  4.15it/s]
[1Aphase1 epoch 1:  73%|███████▎  | 914/1250 [03:37<01:20,  4.18it/s]
[1Aphase1 epoch 1:  73%|███████▎  | 915/1250 [03:37<01:19,  4.20it/s]
[1Aphase1 epoch 1:  73%|███████▎  | 916/1250 [03:37<01:18,  4.27it/s]
[1Aphase1 epoch 1:  73%|███████▎  | 917/1250 [03:38<01:17,  4.32it/s]
[1Aphase1 epoch 1:  73%|███████▎  | 918/1250 [03:38<01:16,  4.34it/s]
[1Aphase1 epoch 1:  74%|███████▎  | 919/1250 [03:38<01:17,  4.29it/s]
[1Aphase1 epoch 1:  74%|███████▎  | 920/1250 [03:38<01:17,  4.25it/s]
[1Aphase1 epoch 1:  74%|███████▎  | 921/1250 [03:38<01:17,  4.23it/s]
[1Aphase1 epoch 1:  74%|███████▍  | 922/1250 [03:39<01:17,  4.23it/s]
[1Aphase1 epoch 1:  74%|███████▍  | 923/1250 [03:39<01:16,  4.28it/s]
[1Aphase1 epoch 1:  74%|███████▍  | 924/1250 [03:39<01:17,  4.18it/s]
[1Aphase1 epoch 1:  74%|███████▍  | 925/1250 [03:39<01:17,  4.20it/s]
[1Aphase1 epoch 1:  74%|███████▍  | 926/1250 [03:40<01:17,  4.19it/s]
[1Aphase1 epoch 1:  74%|███████▍  | 927/1250 [03:40<01:16,  4.21it/s]
[1Aphase1 epoch 1:  74%|███████▍  | 928/1250 [03:40<01:16,  4.22it/s]
[1Aphase1 epoch 1:  74%|███████▍  | 929/1250 [03:40<01:14,  4.29it/s]
[1Aphase1 epoch 1:  74%|███████▍  | 930/1250 [03:41<01:15,  4.26it/s]
[1Aphase1 epoch 1:  74%|███████▍  | 931/1250 [03:41<01:14,  4.26it/s]
[1Aphase1 epoch 1:  75%|███████▍  | 932/1250 [03:41<01:16,  4.16it/s]
[1Aphase1 epoch 1:  75%|███████▍  | 933/1250 [03:41<01:15,  4.17it/s]
[1Aphase1 epoch 1:  75%|███████▍  | 934/1250 [03:42<01:15,  4.17it/s]
[1Aphase1 epoch 1:  75%|███████▍  | 935/1250 [03:42<01:15,  4.19it/s]
[1Aphase1 epoch 1:  75%|███████▍  | 936/1250 [03:42<01:14,  4.19it/s]
[1Aphase1 epoch 1:  75%|███████▍  | 937/1250 [03:42<01:13,  4.25it/s]
[1Aphase1 epoch 1:  75%|███████▌  | 938/1250 [03:43<01:14,  4.18it/s]
[1Aphase1 epoch 1:  75%|███████▌  | 939/1250 [03:43<01:14,  4.17it/s]
[1Aphase1 epoch 1:  75%|███████▌  | 940/1250 [03:43<01:14,  4.18it/s]
[1Aphase1 epoch 1:  75%|███████▌  | 941/1250 [03:43<01:12,  4.25it/s]
[1Aphase1 epoch 1:  75%|███████▌  | 942/1250 [03:43<01:11,  4.29it/s]
[1Aphase1 epoch 1:  75%|███████▌  | 943/1250 [03:44<01:13,  4.19it/s]
[1Aphase1 epoch 1:  76%|███████▌  | 944/1250 [03:44<01:11,  4.25it/s]
[1Aphase1 epoch 1:  76%|███████▌  | 945/1250 [03:44<01:11,  4.29it/s]
[1Aphase1 epoch 1:  76%|███████▌  | 946/1250 [03:44<01:10,  4.32it/s]
[1Aphase1 epoch 1:  76%|███████▌  | 947/1250 [03:45<01:10,  4.30it/s]
[1Aphase1 epoch 1:  76%|███████▌  | 948/1250 [03:45<01:10,  4.27it/s]
[1Aphase1 epoch 1:  76%|███████▌  | 949/1250 [03:45<01:13,  4.10it/s]
[1Aphase1 epoch 1:  76%|███████▌  | 950/1250 [03:45<01:11,  4.18it/s]
[1Aphase1 epoch 1:  76%|███████▌  | 951/1250 [03:46<01:11,  4.20it/s]
[1Aphase1 epoch 1:  76%|███████▌  | 952/1250 [03:46<01:10,  4.21it/s]
[1Aphase1 epoch 1:  76%|███████▌  | 953/1250 [03:46<01:10,  4.22it/s]
[1Aphase1 epoch 1:  76%|███████▋  | 954/1250 [03:46<01:10,  4.21it/s]
[1Aphase1 epoch 1:  76%|███████▋  | 955/1250 [03:47<01:10,  4.20it/s]
[1Aphase1 epoch 1:  76%|███████▋  | 956/1250 [03:47<01:10,  4.20it/s]
[1Aphase1 epoch 1:  77%|███████▋  | 957/1250 [03:47<01:10,  4.15it/s]
[1Aphase1 epoch 1:  77%|███████▋  | 958/1250 [03:47<01:10,  4.16it/s]
[1Aphase1 epoch 1:  77%|███████▋  | 959/1250 [03:48<01:10,  4.12it/s]
[1Aphase1 epoch 1:  77%|███████▋  | 960/1250 [03:48<01:10,  4.14it/s]
[1Aphase1 epoch 1:  77%|███████▋  | 961/1250 [03:48<01:12,  4.01it/s]
[1Aphase1 epoch 1:  77%|███████▋  | 962/1250 [03:48<01:10,  4.06it/s]
[1Aphase1 epoch 1:  77%|███████▋  | 963/1250 [03:48<01:08,  4.17it/s]
[1Aphase1 epoch 1:  77%|███████▋  | 964/1250 [03:49<01:07,  4.25it/s]
[1Aphase1 epoch 1:  77%|███████▋  | 965/1250 [03:49<01:07,  4.22it/s]
[1Aphase1 epoch 1:  77%|███████▋  | 966/1250 [03:49<01:08,  4.16it/s]
[1Aphase1 epoch 1:  77%|███████▋  | 967/1250 [03:49<01:08,  4.15it/s]
[1Aphase1 epoch 1:  77%|███████▋  | 968/1250 [03:50<01:06,  4.22it/s]
[1Aphase1 epoch 1:  78%|███████▊  | 969/1250 [03:50<01:07,  4.17it/s]
[1Aphase1 epoch 1:  78%|███████▊  | 970/1250 [03:50<01:07,  4.18it/s]
[1Aphase1 epoch 1:  78%|███████▊  | 971/1250 [03:50<01:05,  4.27it/s]
[1Aphase1 epoch 1:  78%|███████▊  | 972/1250 [03:51<01:05,  4.25it/s]
[1Aphase1 epoch 1:  78%|███████▊  | 973/1250 [03:51<01:05,  4.23it/s]
[1Aphase1 epoch 1:  78%|███████▊  | 974/1250 [03:51<01:05,  4.23it/s]
[1Aphase1 epoch 1:  78%|███████▊  | 975/1250 [03:51<01:06,  4.14it/s]
[1Aphase1 epoch 1:  78%|███████▊  | 976/1250 [03:52<01:05,  4.16it/s]
[1Aphase1 epoch 1:  78%|███████▊  | 977/1250 [03:52<01:06,  4.13it/s]
[1Aphase1 epoch 1:  78%|███████▊  | 978/1250 [03:52<01:06,  4.10it/s]
[1Aphase1 epoch 1:  78%|███████▊  | 979/1250 [03:52<01:05,  4.12it/s]
[1Aphase1 epoch 1:  78%|███████▊  | 980/1250 [03:53<01:06,  4.08it/s]
[1Aphase1 epoch 1:  78%|███████▊  | 981/1250 [03:53<01:04,  4.17it/s]
[1Aphase1 epoch 1:  79%|███████▊  | 982/1250 [03:53<01:04,  4.14it/s]
[1Aphase1 epoch 1:  79%|███████▊  | 983/1250 [03:53<01:03,  4.22it/s]
[1Aphase1 epoch 1:  79%|███████▊  | 984/1250 [03:54<01:03,  4.21it/s]
[1Aphase1 epoch 1:  79%|███████▉  | 985/1250 [03:54<01:02,  4.27it/s]
[1Aphase1 epoch 1:  79%|███████▉  | 986/1250 [03:54<01:02,  4.24it/s]
[1Aphase1 epoch 1:  79%|███████▉  | 987/1250 [03:54<01:03,  4.15it/s]
[1Aphase1 epoch 1:  79%|███████▉  | 988/1250 [03:54<01:03,  4.12it/s]
[1Aphase1 epoch 1:  79%|███████▉  | 989/1250 [03:55<01:02,  4.20it/s]
[1Aphase1 epoch 1:  79%|███████▉  | 990/1250 [03:55<01:00,  4.27it/s]
[1Aphase1 epoch 1:  79%|███████▉  | 991/1250 [03:55<01:00,  4.31it/s]
[1Aphase1 epoch 1:  79%|███████▉  | 992/1250 [03:55<00:59,  4.35it/s]
[1Aphase1 epoch 1:  79%|███████▉  | 993/1250 [03:56<00:58,  4.38it/s]
[1Aphase1 epoch 1:  80%|███████▉  | 994/1250 [03:56<00:58,  4.38it/s]
[1Aphase1 epoch 1:  80%|███████▉  | 995/1250 [03:56<00:58,  4.38it/s]
[1Aphase1 epoch 1:  80%|███████▉  | 996/1250 [03:56<00:59,  4.25it/s]
[1Aphase1 epoch 1:  80%|███████▉  | 997/1250 [03:57<00:58,  4.29it/s]
[1Aphase1 epoch 1:  80%|███████▉  | 998/1250 [03:57<00:58,  4.34it/s]
[1Aphase1 epoch 1:  80%|███████▉  | 999/1250 [03:57<00:58,  4.29it/s]
[1Aphase1 epoch 1:  80%|████████  | 1000/1250 [03:57<00:57,  4.33it/s]
[1Aphase1 epoch 1:  80%|████████  | 1001/1250 [03:57<00:57,  4.34it/s]
[1Aphase1 epoch 1:  80%|████████  | 1002/1250 [03:58<00:57,  4.29it/s]
[1Aphase1 epoch 1:  80%|████████  | 1003/1250 [03:58<00:58,  4.25it/s]
[1Aphase1 epoch 1:  80%|████████  | 1004/1250 [03:58<00:58,  4.23it/s]
[1Aphase1 epoch 1:  80%|████████  | 1005/1250 [03:58<00:57,  4.28it/s]
[1Aphase1 epoch 1:  80%|████████  | 1006/1250 [03:59<00:56,  4.31it/s]
[1Aphase1 epoch 1:  81%|████████  | 1007/1250 [03:59<00:57,  4.21it/s]
[1Aphase1 epoch 1:  81%|████████  | 1008/1250 [03:59<00:57,  4.19it/s]
[1Aphase1 epoch 1:  81%|████████  | 1009/1250 [03:59<00:56,  4.27it/s]
[1Aphase1 epoch 1:  81%|████████  | 1010/1250 [04:00<00:58,  4.13it/s]
[1Aphase1 epoch 1:  81%|████████  | 1011/1250 [04:00<00:57,  4.14it/s]
[1Aphase1 epoch 1:  81%|████████  | 1012/1250 [04:00<00:57,  4.11it/s]
[1Aphase1 epoch 1:  81%|████████  | 1013/1250 [04:00<00:57,  4.13it/s]
[1Aphase1 epoch 1:  81%|████████  | 1014/1250 [04:01<00:57,  4.14it/s]
[1Aphase1 epoch 1:  81%|████████  | 1015/1250 [04:01<00:56,  4.15it/s]
[1Aphase1 epoch 1:  81%|████████▏ | 1016/1250 [04:01<00:56,  4.17it/s]
[1Aphase1 epoch 1:  81%|████████▏ | 1017/1250 [04:01<00:55,  4.19it/s]
[1Aphase1 epoch 1:  81%|████████▏ | 1018/1250 [04:02<00:56,  4.13it/s]
[1Aphase1 epoch 1:  82%|████████▏ | 1019/1250 [04:02<00:54,  4.21it/s]
[1Aphase1 epoch 1:  82%|████████▏ | 1020/1250 [04:02<00:54,  4.20it/s]
[1Aphase1 epoch 1:  82%|████████▏ | 1021/1250 [04:02<00:54,  4.18it/s]
[1Aphase1 epoch 1:  82%|████████▏ | 1022/1250 [04:02<00:54,  4.20it/s]
[1Aphase1 epoch 1:  82%|████████▏ | 1023/1250 [04:03<00:54,  4.20it/s]
[1Aphase1 epoch 1:  82%|████████▏ | 1024/1250 [04:03<00:53,  4.20it/s]
[1Aphase1 epoch 1:  82%|████████▏ | 1025/1250 [04:03<00:53,  4.19it/s]
[1Aphase1 epoch 1:  82%|████████▏ | 1026/1250 [04:03<00:52,  4.25it/s]
[1Aphase1 epoch 1:  82%|████████▏ | 1027/1250 [04:04<00:54,  4.11it/s]
[1Aphase1 epoch 1:  82%|████████▏ | 1028/1250 [04:04<00:52,  4.19it/s]
[1Aphase1 epoch 1:  82%|████████▏ | 1029/1250 [04:04<00:52,  4.19it/s]
[1Aphase1 epoch 1:  82%|████████▏ | 1030/1250 [04:04<00:51,  4.25it/s]
[1Aphase1 epoch 1:  82%|████████▏ | 1031/1250 [04:05<00:50,  4.30it/s]
[1Aphase1 epoch 1:  83%|████████▎ | 1032/1250 [04:05<00:52,  4.15it/s]
[1Aphase1 epoch 1:  83%|████████▎ | 1033/1250 [04:05<00:52,  4.17it/s]
[1Aphase1 epoch 1:  83%|████████▎ | 1034/1250 [04:05<00:51,  4.23it/s]
[1Aphase1 epoch 1:  83%|████████▎ | 1035/1250 [04:06<00:50,  4.22it/s]
[1Aphase1 epoch 1:  83%|████████▎ | 1036/1250 [04:06<00:50,  4.28it/s]
[1Aphase1 epoch 1:  83%|████████▎ | 1037/1250 [04:06<00:49,  4.26it/s]
[1Aphase1 epoch 1:  83%|████████▎ | 1038/1250 [04:06<00:50,  4.17it/s]
[1Aphase1 epoch 1:  83%|████████▎ | 1039/1250 [04:07<00:49,  4.25it/s]
[1Aphase1 epoch 1:  83%|████████▎ | 1040/1250 [04:07<00:49,  4.22it/s]
[1Aphase1 epoch 1:  83%|████████▎ | 1041/1250 [04:07<00:50,  4.16it/s]
[1Aphase1 epoch 1:  83%|████████▎ | 1042/1250 [04:07<00:50,  4.12it/s]
[1Aphase1 epoch 1:  83%|████████▎ | 1043/1250 [04:08<00:50,  4.09it/s]
[1Aphase1 epoch 1:  84%|████████▎ | 1044/1250 [04:08<00:50,  4.11it/s]
[1Aphase1 epoch 1:  84%|████████▎ | 1045/1250 [04:08<00:49,  4.13it/s]
[1Aphase1 epoch 1:  84%|████████▎ | 1046/1250 [04:08<00:48,  4.21it/s]
[1Aphase1 epoch 1:  84%|████████▍ | 1047/1250 [04:08<00:47,  4.28it/s]
[1Aphase1 epoch 1:  84%|████████▍ | 1048/1250 [04:09<00:47,  4.26it/s]
[1Aphase1 epoch 1:  84%|████████▍ | 1049/1250 [04:09<00:47,  4.24it/s]
[1Aphase1 epoch 1:  84%|████████▍ | 1050/1250 [04:09<00:47,  4.22it/s]
[1Aphase1 epoch 1:  84%|████████▍ | 1051/1250 [04:09<00:46,  4.27it/s]
[1Aphase1 epoch 1:  84%|████████▍ | 1052/1250 [04:10<00:45,  4.31it/s]
[1Aphase1 epoch 1:  84%|████████▍ | 1053/1250 [04:10<00:45,  4.34it/s]
[1Aphase1 epoch 1:  84%|████████▍ | 1054/1250 [04:10<00:45,  4.29it/s]
[1Aphase1 epoch 1:  84%|████████▍ | 1055/1250 [04:10<00:45,  4.27it/s]
[1Aphase1 epoch 1:  84%|████████▍ | 1056/1250 [04:11<00:46,  4.18it/s]
[1Aphase1 epoch 1:  85%|████████▍ | 1057/1250 [04:11<00:47,  4.07it/s]
[1Aphase1 epoch 1:  85%|████████▍ | 1058/1250 [04:11<00:46,  4.10it/s]
[1Aphase1 epoch 1:  85%|████████▍ | 1059/1250 [04:11<00:45,  4.19it/s]
[1Aphase1 epoch 1:  85%|████████▍ | 1060/1250 [04:12<00:44,  4.25it/s]
[1Aphase1 epoch 1:  85%|████████▍ | 1061/1250 [04:12<00:45,  4.16it/s]
[1Aphase1 epoch 1:  85%|████████▍ | 1062/1250 [04:12<00:44,  4.18it/s]
[1Aphase1 epoch 1:  85%|████████▌ | 1063/1250 [04:12<00:44,  4.17it/s]
[1Aphase1 epoch 1:  85%|████████▌ | 1064/1250 [04:12<00:44,  4.17it/s]
[1Aphase1 epoch 1:  85%|████████▌ | 1065/1250 [04:13<00:44,  4.18it/s]
[1Aphase1 epoch 1:  85%|████████▌ | 1066/1250 [04:13<00:43,  4.23it/s]
[1Aphase1 epoch 1:  85%|████████▌ | 1067/1250 [04:13<00:44,  4.16it/s]
[1Aphase1 epoch 1:  85%|████████▌ | 1068/1250 [04:13<00:44,  4.11it/s]
[1Aphase1 epoch 1:  86%|████████▌ | 1069/1250 [04:14<00:44,  4.03it/s]
[1Aphase1 epoch 1:  86%|████████▌ | 1070/1250 [04:14<00:44,  4.06it/s]
[1Aphase1 epoch 1:  86%|████████▌ | 1071/1250 [04:14<00:44,  4.04it/s]
[1Aphase1 epoch 1:  86%|████████▌ | 1072/1250 [04:14<00:44,  4.04it/s]
[1Aphase1 epoch 1:  86%|████████▌ | 1073/1250 [04:15<00:44,  4.02it/s]
[1Aphase1 epoch 1:  86%|████████▌ | 1074/1250 [04:15<00:42,  4.13it/s]
[1Aphase1 epoch 1:  86%|████████▌ | 1075/1250 [04:15<00:42,  4.14it/s]
[1Aphase1 epoch 1:  86%|████████▌ | 1076/1250 [04:15<00:41,  4.17it/s]
[1Aphase1 epoch 1:  86%|████████▌ | 1077/1250 [04:16<00:41,  4.18it/s]
[1Aphase1 epoch 1:  86%|████████▌ | 1078/1250 [04:16<00:41,  4.19it/s]
[1Aphase1 epoch 1:  86%|████████▋ | 1079/1250 [04:16<00:40,  4.25it/s]
[1Aphase1 epoch 1:  86%|████████▋ | 1080/1250 [04:16<00:39,  4.29it/s]
[1Aphase1 epoch 1:  86%|████████▋ | 1081/1250 [04:17<00:39,  4.26it/s]
[1Aphase1 epoch 1:  87%|████████▋ | 1082/1250 [04:17<00:38,  4.31it/s]
[1Aphase1 epoch 1:  87%|████████▋ | 1083/1250 [04:17<00:39,  4.26it/s]
[1Aphase1 epoch 1:  87%|████████▋ | 1084/1250 [04:17<00:38,  4.31it/s]
[1Aphase1 epoch 1:  87%|████████▋ | 1085/1250 [04:18<00:39,  4.20it/s]
[1Aphase1 epoch 1:  87%|████████▋ | 1086/1250 [04:18<00:39,  4.13it/s]
[1Aphase1 epoch 1:  87%|████████▋ | 1087/1250 [04:18<00:39,  4.09it/s]
[1Aphase1 epoch 1:  87%|████████▋ | 1088/1250 [04:18<00:39,  4.05it/s]
[1Aphase1 epoch 1:  87%|████████▋ | 1089/1250 [04:19<00:39,  4.09it/s]
[1Aphase1 epoch 1:  87%|████████▋ | 1090/1250 [04:19<00:38,  4.13it/s]
[1Aphase1 epoch 1:  87%|████████▋ | 1091/1250 [04:19<00:38,  4.14it/s]
[1Aphase1 epoch 1:  87%|████████▋ | 1092/1250 [04:19<00:38,  4.14it/s]
[1Aphase1 epoch 1:  87%|████████▋ | 1093/1250 [04:19<00:38,  4.10it/s]
[1Aphase1 epoch 1:  88%|████████▊ | 1094/1250 [04:20<00:37,  4.13it/s]
[1Aphase1 epoch 1:  88%|████████▊ | 1095/1250 [04:20<00:37,  4.10it/s]
[1Aphase1 epoch 1:  88%|████████▊ | 1096/1250 [04:20<00:37,  4.13it/s]
[1Aphase1 epoch 1:  88%|████████▊ | 1097/1250 [04:20<00:37,  4.13it/s]
[1Aphase1 epoch 1:  88%|████████▊ | 1098/1250 [04:21<00:36,  4.18it/s]
[1Aphase1 epoch 1:  88%|████████▊ | 1099/1250 [04:21<00:36,  4.17it/s]
[1Aphase1 epoch 1:  88%|████████▊ | 1100/1250 [04:21<00:35,  4.19it/s]
[1Aphase1 epoch 1:  88%|████████▊ | 1101/1250 [04:21<00:35,  4.18it/s]
[1Aphase1 epoch 1:  88%|████████▊ | 1102/1250 [04:22<00:35,  4.14it/s]
[1Aphase1 epoch 1:  88%|████████▊ | 1103/1250 [04:22<00:35,  4.15it/s]
[1Aphase1 epoch 1:  88%|████████▊ | 1104/1250 [04:22<00:35,  4.16it/s]
[1Aphase1 epoch 1:  88%|████████▊ | 1105/1250 [04:22<00:34,  4.18it/s]
[1Aphase1 epoch 1:  88%|████████▊ | 1106/1250 [04:23<00:34,  4.17it/s]
[1Aphase1 epoch 1:  89%|████████▊ | 1107/1250 [04:23<00:34,  4.17it/s]
[1Aphase1 epoch 1:  89%|████████▊ | 1108/1250 [04:23<00:34,  4.07it/s]
[1Aphase1 epoch 1:  89%|████████▊ | 1109/1250 [04:23<00:34,  4.05it/s]
[1Aphase1 epoch 1:  89%|████████▉ | 1110/1250 [04:24<00:33,  4.16it/s]
[1Aphase1 epoch 1:  89%|████████▉ | 1111/1250 [04:24<00:33,  4.12it/s]
[1Aphase1 epoch 1:  89%|████████▉ | 1112/1250 [04:24<00:32,  4.19it/s]
[1Aphase1 epoch 1:  89%|████████▉ | 1113/1250 [04:24<00:33,  4.14it/s]
[1Aphase1 epoch 1:  89%|████████▉ | 1114/1250 [04:25<00:32,  4.15it/s]
[1Aphase1 epoch 1:  89%|████████▉ | 1115/1250 [04:25<00:32,  4.18it/s]
[1Aphase1 epoch 1:  89%|████████▉ | 1116/1250 [04:25<00:32,  4.18it/s]
[1Aphase1 epoch 1:  89%|████████▉ | 1117/1250 [04:25<00:32,  4.13it/s]
[1Aphase1 epoch 1:  89%|████████▉ | 1118/1250 [04:26<00:31,  4.15it/s]
[1Aphase1 epoch 1:  90%|████████▉ | 1119/1250 [04:26<00:30,  4.23it/s]
[1Aphase1 epoch 1:  90%|████████▉ | 1120/1250 [04:26<00:31,  4.16it/s]
[1Aphase1 epoch 1:  90%|████████▉ | 1121/1250 [04:26<00:30,  4.18it/s]
[1Aphase1 epoch 1:  90%|████████▉ | 1122/1250 [04:26<00:30,  4.26it/s]
[1Aphase1 epoch 1:  90%|████████▉ | 1123/1250 [04:27<00:30,  4.18it/s]
[1Aphase1 epoch 1:  90%|████████▉ | 1124/1250 [04:27<00:29,  4.24it/s]
[1Aphase1 epoch 1:  90%|█████████ | 1125/1250 [04:27<00:29,  4.23it/s]
[1Aphase1 epoch 1:  90%|█████████ | 1126/1250 [04:27<00:29,  4.21it/s]
[1Aphase1 epoch 1:  90%|█████████ | 1127/1250 [04:28<00:30,  4.10it/s]
[1Aphase1 epoch 1:  90%|█████████ | 1128/1250 [04:28<00:29,  4.13it/s]
[1Aphase1 epoch 1:  90%|█████████ | 1129/1250 [04:28<00:29,  4.04it/s]
[1Aphase1 epoch 1:  90%|█████████ | 1130/1250 [04:28<00:29,  4.08it/s]
[1Aphase1 epoch 1:  90%|█████████ | 1131/1250 [04:29<00:28,  4.10it/s]
[1Aphase1 epoch 1:  91%|█████████ | 1132/1250 [04:29<00:28,  4.19it/s]
[1Aphase1 epoch 1:  91%|█████████ | 1133/1250 [04:29<00:28,  4.09it/s]
[1Aphase1 epoch 1:  91%|█████████ | 1134/1250 [04:29<00:27,  4.19it/s]
[1Aphase1 epoch 1:  91%|█████████ | 1135/1250 [04:30<00:28,  4.08it/s]
[1Aphase1 epoch 1:  91%|█████████ | 1136/1250 [04:30<00:27,  4.11it/s]
[1Aphase1 epoch 1:  91%|█████████ | 1137/1250 [04:30<00:27,  4.14it/s]
[1Aphase1 epoch 1:  91%|█████████ | 1138/1250 [04:30<00:27,  4.11it/s]
[1Aphase1 epoch 1:  91%|█████████ | 1139/1250 [04:31<00:26,  4.12it/s]
[1Aphase1 epoch 1:  91%|█████████ | 1140/1250 [04:31<00:26,  4.21it/s]
[1Aphase1 epoch 1:  91%|█████████▏| 1141/1250 [04:31<00:26,  4.18it/s]
[1Aphase1 epoch 1:  91%|█████████▏| 1142/1250 [04:31<00:26,  4.13it/s]
[1Aphase1 epoch 1:  91%|█████████▏| 1143/1250 [04:32<00:25,  4.14it/s]
[1Aphase1 epoch 1:  92%|█████████▏| 1144/1250 [04:32<00:25,  4.15it/s]
[1Aphase1 epoch 1:  92%|█████████▏| 1145/1250 [04:32<00:24,  4.22it/s]
[1Aphase1 epoch 1:  92%|█████████▏| 1146/1250 [04:32<00:25,  4.15it/s]
[1Aphase1 epoch 1:  92%|█████████▏| 1147/1250 [04:32<00:24,  4.18it/s]
[1Aphase1 epoch 1:  92%|█████████▏| 1148/1250 [04:33<00:24,  4.24it/s]
[1Aphase1 epoch 1:  92%|█████████▏| 1149/1250 [04:33<00:23,  4.29it/s]
[1Aphase1 epoch 1:  92%|█████████▏| 1150/1250 [04:33<00:23,  4.32it/s]
[1Aphase1 epoch 1:  92%|█████████▏| 1151/1250 [04:33<00:23,  4.22it/s]
[1Aphase1 epoch 1:  92%|█████████▏| 1152/1250 [04:34<00:22,  4.28it/s]
[1Aphase1 epoch 1:  92%|█████████▏| 1153/1250 [04:34<00:22,  4.31it/s]
[1Aphase1 epoch 1:  92%|█████████▏| 1154/1250 [04:34<00:22,  4.27it/s]
[1Aphase1 epoch 1:  92%|█████████▏| 1155/1250 [04:34<00:22,  4.20it/s]
[1Aphase1 epoch 1:  92%|█████████▏| 1156/1250 [04:35<00:22,  4.19it/s]
[1Aphase1 epoch 1:  93%|█████████▎| 1157/1250 [04:35<00:22,  4.19it/s]
[1Aphase1 epoch 1:  93%|█████████▎| 1158/1250 [04:35<00:21,  4.19it/s]
[1Aphase1 epoch 1:  93%|█████████▎| 1159/1250 [04:35<00:22,  4.08it/s]
[1Aphase1 epoch 1:  93%|█████████▎| 1160/1250 [04:36<00:22,  4.05it/s]
[1Aphase1 epoch 1:  93%|█████████▎| 1161/1250 [04:36<00:22,  4.04it/s]
[1Aphase1 epoch 1:  93%|█████████▎| 1162/1250 [04:36<00:21,  4.03it/s]
[1Aphase1 epoch 1:  93%|█████████▎| 1163/1250 [04:36<00:21,  4.04it/s]
[1Aphase1 epoch 1:  93%|█████████▎| 1164/1250 [04:37<00:20,  4.10it/s]
[1Aphase1 epoch 1:  93%|█████████▎| 1165/1250 [04:37<00:20,  4.12it/s]
[1Aphase1 epoch 1:  93%|█████████▎| 1166/1250 [04:37<00:20,  4.07it/s]
[1Aphase1 epoch 1:  93%|█████████▎| 1167/1250 [04:37<00:19,  4.17it/s]
[1Aphase1 epoch 1:  93%|█████████▎| 1168/1250 [04:38<00:20,  4.07it/s]
[1Aphase1 epoch 1:  94%|█████████▎| 1169/1250 [04:38<00:19,  4.16it/s]
[1Aphase1 epoch 1:  94%|█████████▎| 1170/1250 [04:38<00:19,  4.12it/s]
[1Aphase1 epoch 1:  94%|█████████▎| 1171/1250 [04:38<00:19,  4.15it/s]
[1Aphase1 epoch 1:  94%|█████████▍| 1172/1250 [04:38<00:18,  4.15it/s]
[1Aphase1 epoch 1:  94%|█████████▍| 1173/1250 [04:39<00:18,  4.10it/s]
[1Aphase1 epoch 1:  94%|█████████▍| 1174/1250 [04:39<00:18,  4.11it/s]
[1Aphase1 epoch 1:  94%|█████████▍| 1175/1250 [04:39<00:18,  4.07it/s]
[1Aphase1 epoch 1:  94%|█████████▍| 1176/1250 [04:39<00:18,  4.05it/s]
[1Aphase1 epoch 1:  94%|█████████▍| 1177/1250 [04:40<00:17,  4.15it/s]
[1Aphase1 epoch 1:  94%|█████████▍| 1178/1250 [04:40<00:17,  4.22it/s]
[1Aphase1 epoch 1:  94%|█████████▍| 1179/1250 [04:40<00:17,  4.14it/s]
[1Aphase1 epoch 1:  94%|█████████▍| 1180/1250 [04:40<00:17,  4.09it/s]
[1Aphase1 epoch 1:  94%|█████████▍| 1181/1250 [04:41<00:16,  4.12it/s]
[1Aphase1 epoch 1:  95%|█████████▍| 1182/1250 [04:41<00:16,  4.14it/s]
[1Aphase1 epoch 1:  95%|█████████▍| 1183/1250 [04:41<00:15,  4.22it/s]
[1Aphase1 epoch 1:  95%|█████████▍| 1184/1250 [04:41<00:15,  4.21it/s]
[1Aphase1 epoch 1:  95%|█████████▍| 1185/1250 [04:42<00:15,  4.19it/s]
[1Aphase1 epoch 1:  95%|█████████▍| 1186/1250 [04:42<00:15,  4.13it/s]
[1Aphase1 epoch 1:  95%|█████████▍| 1187/1250 [04:42<00:15,  4.10it/s]
[1Aphase1 epoch 1:  95%|█████████▌| 1188/1250 [04:42<00:15,  4.12it/s]
[1Aphase1 epoch 1:  95%|█████████▌| 1189/1250 [04:43<00:14,  4.08it/s]
[1Aphase1 epoch 1:  95%|█████████▌| 1190/1250 [04:43<00:14,  4.11it/s]
[1Aphase1 epoch 1:  95%|█████████▌| 1191/1250 [04:43<00:14,  4.14it/s]
[1Aphase1 epoch 1:  95%|█████████▌| 1192/1250 [04:43<00:13,  4.17it/s]
[1Aphase1 epoch 1:  95%|█████████▌| 1193/1250 [04:44<00:13,  4.11it/s]
[1Aphase1 epoch 1:  96%|█████████▌| 1194/1250 [04:44<00:13,  4.19it/s]
[1Aphase1 epoch 1:  96%|█████████▌| 1195/1250 [04:44<00:13,  4.20it/s]
[1Aphase1 epoch 1:  96%|█████████▌| 1196/1250 [04:44<00:12,  4.19it/s]
[1Aphase1 epoch 1:  96%|█████████▌| 1197/1250 [04:45<00:12,  4.19it/s]
[1Aphase1 epoch 1:  96%|█████████▌| 1198/1250 [04:45<00:12,  4.20it/s]
[1Aphase1 epoch 1:  96%|█████████▌| 1199/1250 [04:45<00:11,  4.26it/s]
[1Aphase1 epoch 1:  96%|█████████▌| 1200/1250 [04:45<00:11,  4.22it/s]
[1Aphase1 epoch 1:  96%|█████████▌| 1201/1250 [04:45<00:11,  4.20it/s]
[1Aphase1 epoch 1:  96%|█████████▌| 1202/1250 [04:46<00:11,  4.15it/s]
[1Aphase1 epoch 1:  96%|█████████▌| 1203/1250 [04:46<00:11,  4.16it/s]
[1Aphase1 epoch 1:  96%|█████████▋| 1204/1250 [04:46<00:11,  4.18it/s]
[1Aphase1 epoch 1:  96%|█████████▋| 1205/1250 [04:46<00:10,  4.17it/s]
[1Aphase1 epoch 1:  96%|█████████▋| 1206/1250 [04:47<00:10,  4.17it/s]
[1Aphase1 epoch 1:  97%|█████████▋| 1207/1250 [04:47<00:10,  4.19it/s]
[1Aphase1 epoch 1:  97%|█████████▋| 1208/1250 [04:47<00:10,  4.14it/s]
[1Aphase1 epoch 1:  97%|█████████▋| 1209/1250 [04:47<00:09,  4.15it/s]
[1Aphase1 epoch 1:  97%|█████████▋| 1210/1250 [04:48<00:09,  4.17it/s]
[1Aphase1 epoch 1:  97%|█████████▋| 1211/1250 [04:48<00:09,  4.28it/s]
[1Aphase1 epoch 1:  97%|█████████▋| 1212/1250 [04:48<00:08,  4.24it/s]
[1Aphase1 epoch 1:  97%|█████████▋| 1213/1250 [04:48<00:09,  4.11it/s]
[1Aphase1 epoch 1:  97%|█████████▋| 1214/1250 [04:49<00:08,  4.09it/s]
[1Aphase1 epoch 1:  97%|█████████▋| 1215/1250 [04:49<00:08,  4.12it/s]
[1Aphase1 epoch 1:  97%|█████████▋| 1216/1250 [04:49<00:08,  4.14it/s]
[1Aphase1 epoch 1:  97%|█████████▋| 1217/1250 [04:49<00:07,  4.16it/s]
[1Aphase1 epoch 1:  97%|█████████▋| 1218/1250 [04:50<00:07,  4.16it/s]
[1Aphase1 epoch 1:  98%|█████████▊| 1219/1250 [04:50<00:07,  4.18it/s]
[1Aphase1 epoch 1:  98%|█████████▊| 1220/1250 [04:50<00:07,  4.24it/s]
[1Aphase1 epoch 1:  98%|█████████▊| 1221/1250 [04:50<00:06,  4.29it/s]
[1Aphase1 epoch 1:  98%|█████████▊| 1222/1250 [04:50<00:06,  4.21it/s]
[1Aphase1 epoch 1:  98%|█████████▊| 1223/1250 [04:51<00:06,  4.20it/s]
[1Aphase1 epoch 1:  98%|█████████▊| 1224/1250 [04:51<00:06,  4.21it/s]
[1Aphase1 epoch 1:  98%|█████████▊| 1225/1250 [04:51<00:05,  4.20it/s]
[1Aphase1 epoch 1:  98%|█████████▊| 1226/1250 [04:51<00:05,  4.19it/s]
[1Aphase1 epoch 1:  98%|█████████▊| 1227/1250 [04:52<00:05,  4.18it/s]
[1Aphase1 epoch 1:  98%|█████████▊| 1228/1250 [04:52<00:05,  4.13it/s]
[1Aphase1 epoch 1:  98%|█████████▊| 1229/1250 [04:52<00:04,  4.21it/s]
[1Aphase1 epoch 1:  98%|█████████▊| 1230/1250 [04:52<00:04,  4.26it/s]
[1Aphase1 epoch 1:  98%|█████████▊| 1231/1250 [04:53<00:04,  4.22it/s]
[1Aphase1 epoch 1:  99%|█████████▊| 1232/1250 [04:53<00:04,  4.20it/s]
[1Aphase1 epoch 1:  99%|█████████▊| 1233/1250 [04:53<00:04,  4.19it/s]
[1Aphase1 epoch 1:  99%|█████████▊| 1234/1250 [04:53<00:03,  4.18it/s]
[1Aphase1 epoch 1:  99%|█████████▉| 1235/1250 [04:54<00:03,  4.24it/s]
[1Aphase1 epoch 1:  99%|█████████▉| 1236/1250 [04:54<00:03,  4.30it/s]
[1Aphase1 epoch 1:  99%|█████████▉| 1237/1250 [04:54<00:03,  4.25it/s]
[1Aphase1 epoch 1:  99%|█████████▉| 1238/1250 [04:54<00:02,  4.22it/s]
[1Aphase1 epoch 1:  99%|█████████▉| 1239/1250 [04:55<00:02,  4.14it/s]
[1Aphase1 epoch 1:  99%|█████████▉| 1240/1250 [04:55<00:02,  4.16it/s]
[1Aphase1 epoch 1:  99%|█████████▉| 1241/1250 [04:55<00:02,  4.16it/s]
[1Aphase1 epoch 1:  99%|█████████▉| 1242/1250 [04:55<00:01,  4.04it/s]
[1Aphase1 epoch 1:  99%|█████████▉| 1243/1250 [04:56<00:01,  4.09it/s]
[1Aphase1 epoch 1: 100%|█████████▉| 1244/1250 [04:56<00:01,  4.06it/s]
[1Aphase1 epoch 1: 100%|█████████▉| 1245/1250 [04:56<00:01,  4.09it/s]
[1Aphase1 epoch 1: 100%|█████████▉| 1246/1250 [04:56<00:00,  4.19it/s]
[1Aphase1 epoch 1: 100%|█████████▉| 1247/1250 [04:56<00:00,  4.18it/s]
[1Aphase1 epoch 1: 100%|█████████▉| 1248/1250 [04:57<00:00,  4.18it/s]
[1Aphase1 epoch 1: 100%|█████████▉| 1249/1250 [04:57<00:00,  4.16it/s]
[1Aphase1 epoch 1: 100%|██████████| 1250/1250 [04:57<00:00,  4.10it/s]
[1A                                                                   
[1A
[1Aphase1 epoch 2:   0%|          | 0/1250 [00:00<?, ?it/s]
[1Aphase1 epoch 2:   0%|          | 1/1250 [00:00<04:54,  4.24it/s]
[1Aphase1 epoch 2:   0%|          | 2/1250 [00:00<05:03,  4.12it/s]
[1Aphase1 epoch 2:   0%|          | 3/1250 [00:00<05:07,  4.06it/s]
[1Aphase1 epoch 2:   0%|          | 4/1250 [00:00<05:08,  4.04it/s]
[1Aphase1 epoch 2:   0%|          | 5/1250 [00:01<05:04,  4.08it/s]
[1Aphase1 epoch 2:   0%|          | 6/1250 [00:01<05:02,  4.11it/s]
[1Aphase1 epoch 2:   1%|          | 7/1250 [00:01<04:56,  4.19it/s]
[1Aphase1 epoch 2:   1%|          | 8/1250 [00:01<04:52,  4.25it/s]
[1Aphase1 epoch 2:   1%|          | 9/1250 [00:02<04:57,  4.17it/s]
[1Aphase1 epoch 2:   1%|          | 10/1250 [00:02<04:55,  4.19it/s]
[1Aphase1 epoch 2:   1%|          | 11/1250 [00:02<04:51,  4.25it/s]
[1Aphase1 epoch 2:   1%|          | 12/1250 [00:02<04:57,  4.16it/s]
[1Aphase1 epoch 2:   1%|          | 13/1250 [00:03<05:00,  4.12it/s]
[1Aphase1 epoch 2:   1%|          | 14/1250 [00:03<05:02,  4.09it/s]
[1Aphase1 epoch 2:   1%|          | 15/1250 [00:03<04:59,  4.12it/s]
[1Aphase1 epoch 2:   1%|▏         | 16/1250 [00:03<04:52,  4.22it/s]
[1Aphase1 epoch 2:   1%|▏         | 17/1250 [00:04<04:52,  4.22it/s]
[1Aphase1 epoch 2:   1%|▏         | 18/1250 [00:04<04:53,  4.20it/s]
[1Aphase1 epoch 2:   2%|▏         | 19/1250 [00:04<04:48,  4.26it/s]
[1Aphase1 epoch 2:   2%|▏         | 20/1250 [00:04<04:49,  4.25it/s]
[1Aphase1 epoch 2:   2%|▏         | 21/1250 [00:05<04:54,  4.17it/s]
[1Aphase1 epoch 2:   2%|▏         | 22/1250 [00:05<04:57,  4.13it/s]
[1Aphase1 epoch 2:   2%|▏         | 23/1250 [00:05<04:55,  4.15it/s]
[1Aphase1 epoch 2:   2%|▏         | 24/1250 [00:05<04:54,  4.16it/s]
[1Aphase1 epoch 2:   2%|▏         | 25/1250 [00:06<04:53,  4.17it/s]
[1Aphase1 epoch 2:   2%|▏         | 26/1250 [00:06<04:56,  4.12it/s]
[1Aphase1 epoch 2:   2%|▏         | 27/1250 [00:06<04:54,  4.16it/s]
[1Aphase1 epoch 2:   2%|▏         | 28/1250 [00:06<04:54,  4.15it/s]
[1Aphase1 epoch 2:   2%|▏         | 29/1250 [00:06<04:57,  4.10it/s]
[1Aphase1 epoch 2:   2%|▏         | 30/1250 [00:07<04:51,  4.18it/s]
[1Aphase1 epoch 2:   2%|▏         | 31/1250 [00:07<04:55,  4.12it/s]
[1Aphase1 epoch 2:   3%|▎         | 32/1250 [00:07<04:53,  4.15it/s]
[1Aphase1 epoch 2:   3%|▎         | 33/1250 [00:07<04:51,  4.17it/s]
[1Aphase1 epoch 2:   3%|▎         | 34/1250 [00:08<04:47,  4.23it/s]
[1Aphase1 epoch 2:   3%|▎         | 35/1250 [00:08<04:43,  4.29it/s]
[1Aphase1 epoch 2:   3%|▎         | 36/1250 [00:08<04:45,  4.25it/s]
[1Aphase1 epoch 2:   3%|▎         | 37/1250 [00:08<04:47,  4.22it/s]
[1Aphase1 epoch 2:   3%|▎         | 38/1250 [00:09<04:48,  4.20it/s]
[1Aphase1 epoch 2:   3%|▎         | 39/1250 [00:09<04:49,  4.19it/s]
[1Aphase1 epoch 2:   3%|▎         | 40/1250 [00:09<04:52,  4.13it/s]
[1Aphase1 epoch 2:   3%|▎         | 41/1250 [00:09<04:50,  4.16it/s]
[1Aphase1 epoch 2:   3%|▎         | 42/1250 [00:10<04:49,  4.17it/s]
[1Aphase1 epoch 2:   3%|▎         | 43/1250 [00:10<04:48,  4.18it/s]
[1Aphase1 epoch 2:   4%|▎         | 44/1250 [00:10<04:46,  4.21it/s]
[1Aphase1 epoch 2:   4%|▎         | 45/1250 [00:10<04:47,  4.19it/s]
[1Aphase1 epoch 2:   4%|▎         | 46/1250 [00:11<04:43,  4.25it/s]
[1Aphase1 epoch 2:   4%|▍         | 47/1250 [00:11<04:44,  4.23it/s]
[1Aphase1 epoch 2:   4%|▍         | 48/1250 [00:11<04:48,  4.16it/s]
[1Aphase1 epoch 2:   4%|▍         | 49/1250 [00:11<04:52,  4.10it/s]
[1Aphase1 epoch 2:   4%|▍         | 50/1250 [00:11<04:51,  4.12it/s]
[1Aphase1 epoch 2:   4%|▍         | 51/1250 [00:12<04:48,  4.15it/s]
[1Aphase1 epoch 2:   4%|▍         | 52/1250 [00:12<04:44,  4.21it/s]
[1Aphase1 epoch 2:   4%|▍         | 53/1250 [00:12<04:39,  4.28it/s]
[1Aphase1 epoch 2:   4%|▍         | 54/1250 [00:12<04:37,  4.32it/s]
[1Aphase1 epoch 2:   4%|▍         | 55/1250 [00:13<04:38,  4.29it/s]
[1Aphase1 epoch 2:   4%|▍         | 56/1250 [00:13<04:39,  4.27it/s]
[1Aphase1 epoch 2:   5%|▍         | 57/1250 [00:13<04:42,  4.23it/s]
[1Aphase1 epoch 2:   5%|▍         | 58/1250 [00:13<04:46,  4.16it/s]
[1Aphase1 epoch 2:   5%|▍         | 59/1250 [00:14<04:42,  4.22it/s]
[1Aphase1 epoch 2:   5%|▍         | 60/1250 [00:14<04:46,  4.15it/s]
[1Aphase1 epoch 2:   5%|▍         | 61/1250 [00:14<04:41,  4.22it/s]
[1Aphase1 epoch 2:   5%|▍         | 62/1250 [00:14<04:45,  4.17it/s]
[1Aphase1 epoch 2:   5%|▌         | 63/1250 [00:15<04:43,  4.18it/s]
[1Aphase1 epoch 2:   5%|▌         | 64/1250 [00:15<04:39,  4.24it/s]
[1Aphase1 epoch 2:   5%|▌         | 65/1250 [00:15<04:35,  4.29it/s]
[1Aphase1 epoch 2:   5%|▌         | 66/1250 [00:15<04:41,  4.21it/s]
[1Aphase1 epoch 2:   5%|▌         | 67/1250 [00:16<04:42,  4.19it/s]
[1Aphase1 epoch 2:   5%|▌         | 68/1250 [00:16<04:41,  4.19it/s]
[1Aphase1 epoch 2:   6%|▌         | 69/1250 [00:16<04:41,  4.20it/s]
[1Aphase1 epoch 2:   6%|▌         | 70/1250 [00:16<04:40,  4.20it/s]
[1Aphase1 epoch 2:   6%|▌         | 71/1250 [00:16<04:40,  4.20it/s]
[1Aphase1 epoch 2:   6%|▌         | 72/1250 [00:17<04:44,  4.14it/s]
[1Aphase1 epoch 2:   6%|▌         | 73/1250 [00:17<04:39,  4.21it/s]
[1Aphase1 epoch 2:   6%|▌         | 74/1250 [00:17<04:35,  4.27it/s]
[1Aphase1 epoch 2:   6%|▌         | 75/1250 [00:17<04:32,  4.30it/s]
[1Aphase1 epoch 2:   6%|▌         | 76/1250 [00:18<04:35,  4.26it/s]
[1Aphase1 epoch 2:   6%|▌         | 77/1250 [00:18<04:37,  4.23it/s]
[1Aphase1 epoch 2:   6%|▌         | 78/1250 [00:18<04:41,  4.16it/s]
[1Aphase1 epoch 2:   6%|▋         | 79/1250 [00:18<04:41,  4.16it/s]
[1Aphase1 epoch 2:   6%|▋         | 80/1250 [00:19<04:40,  4.18it/s]
[1Aphase1 epoch 2:   6%|▋         | 81/1250 [00:19<04:35,  4.24it/s]
[1Aphase1 epoch 2:   7%|▋         | 82/1250 [00:19<04:40,  4.17it/s]
[1Aphase1 epoch 2:   7%|▋         | 83/1250 [00:19<04:40,  4.16it/s]
[1Aphase1 epoch 2:   7%|▋         | 84/1250 [00:20<04:39,  4.17it/s]
[1Aphase1 epoch 2:   7%|▋         | 85/1250 [00:20<04:39,  4.17it/s]
[1Aphase1 epoch 2:   7%|▋         | 86/1250 [00:20<04:34,  4.23it/s]
[1Aphase1 epoch 2:   7%|▋         | 87/1250 [00:20<04:34,  4.24it/s]
[1Aphase1 epoch 2:   7%|▋         | 88/1250 [00:21<04:40,  4.15it/s]
[1Aphase1 epoch 2:   7%|▋         | 89/1250 [00:21<04:38,  4.16it/s]
[1Aphase1 epoch 2:   7%|▋         | 90/1250 [00:21<04:43,  4.10it/s]
[1Aphase1 epoch 2:   7%|▋         | 91/1250 [00:21<04:37,  4.18it/s]
[1Aphase1 epoch 2:   7%|▋         | 92/1250 [00:21<04:44,  4.07it/s]
[1Aphase1 epoch 2:   7%|▋         | 93/1250 [00:22<04:40,  4.12it/s]
[1Aphase1 epoch 2:   8%|▊         | 94/1250 [00:22<04:38,  4.15it/s]
[1Aphase1 epoch 2:   8%|▊         | 95/1250 [00:22<04:38,  4.15it/s]
[1Aphase1 epoch 2:   8%|▊         | 96/1250 [00:22<04:41,  4.10it/s]
[1Aphase1 epoch 2:   8%|▊         | 97/1250 [00:23<04:44,  4.05it/s]
[1Aphase1 epoch 2:   8%|▊         | 98/1250 [00:23<04:41,  4.10it/s]
[1Aphase1 epoch 2:   8%|▊         | 99/1250 [00:23<04:39,  4.12it/s]
[1Aphase1 epoch 2:   8%|▊         | 100/1250 [00:23<04:33,  4.21it/s]
[1Aphase1 epoch 2:   8%|▊         | 101/1250 [00:24<04:37,  4.14it/s]
[1Aphase1 epoch 2:   8%|▊         | 102/1250 [00:24<04:32,  4.21it/s]
[1Aphase1 epoch 2:   8%|▊         | 103/1250 [00:24<04:33,  4.20it/s]
[1Aphase1 epoch 2:   8%|▊         | 104/1250 [00:24<04:33,  4.20it/s]
[1Aphase1 epoch 2:   8%|▊         | 105/1250 [00:25<04:33,  4.19it/s]
[1Aphase1 epoch 2:   8%|▊         | 106/1250 [00:25<04:29,  4.24it/s]
[1Aphase1 epoch 2:   9%|▊         | 107/1250 [00:25<04:29,  4.24it/s]
[1Aphase1 epoch 2:   9%|▊         | 108/1250 [00:25<04:26,  4.28it/s]
[1Aphase1 epoch 2:   9%|▊         | 109/1250 [00:26<04:31,  4.20it/s]
[1Aphase1 epoch 2:   9%|▉         | 110/1250 [00:26<04:36,  4.12it/s]
[1Aphase1 epoch 2:   9%|▉         | 111/1250 [00:26<04:35,  4.13it/s]
[1Aphase1 epoch 2:   9%|▉         | 112/1250 [00:26<04:34,  4.15it/s]
[1Aphase1 epoch 2:   9%|▉         | 113/1250 [00:27<04:28,  4.23it/s]
[1Aphase1 epoch 2:   9%|▉         | 114/1250 [00:27<04:29,  4.22it/s]
[1Aphase1 epoch 2:   9%|▉         | 115/1250 [00:27<04:25,  4.27it/s]
[1Aphase1 epoch 2:   9%|▉         | 116/1250 [00:27<04:21,  4.34it/s]
[1Aphase1 epoch 2:   9%|▉         | 117/1250 [00:27<04:19,  4.37it/s]
[1Aphase1 epoch 2:   9%|▉         | 118/1250 [00:28<04:18,  4.39it/s]
[1Aphase1 epoch 2:  10%|▉         | 119/1250 [00:28<04:22,  4.31it/s]
[1Aphase1 epoch 2:  10%|▉         | 120/1250 [00:28<04:23,  4.28it/s]
[1Aphase1 epoch 2:  10%|▉         | 121/1250 [00:28<04:25,  4.26it/s]
[1Aphase1 epoch 2:  10%|▉         | 122/1250 [00:29<04:22,  4.29it/s]
[1Aphase1 epoch 2:  10%|▉         | 123/1250 [00:29<04:24,  4.26it/s]
[1Aphase1 epoch 2:  10%|▉         | 124/1250 [00:29<04:32,  4.13it/s]
[1Aphase1 epoch 2:  10%|█         | 125/1250 [00:29<04:30,  4.16it/s]
[1Aphase1 epoch 2:  10%|█         | 126/1250 [00:30<04:30,  4.15it/s]
[1Aphase1 epoch 2:  10%|█         | 127/1250 [00:30<04:29,  4.16it/s]
[1Aphase1 epoch 2:  10%|█         | 128/1250 [00:30<04:28,  4.18it/s]
[1Aphase1 epoch 2:  10%|█         | 129/1250 [00:30<04:24,  4.24it/s]
[1Aphase1 epoch 2:  10%|█         | 130/1250 [00:31<04:25,  4.22it/s]
[1Aphase1 epoch 2:  10%|█         | 131/1250 [00:31<04:26,  4.20it/s]
[1Aphase1 epoch 2:  11%|█         | 132/1250 [00:31<04:29,  4.14it/s]
[1Aphase1 epoch 2:  11%|█         | 133/1250 [00:31<04:28,  4.16it/s]
[1Aphase1 epoch 2:  11%|█         | 134/1250 [00:31<04:28,  4.16it/s]
[1Aphase1 epoch 2:  11%|█         | 135/1250 [00:32<04:28,  4.16it/s]
[1Aphase1 epoch 2:  11%|█         | 136/1250 [00:32<04:22,  4.24it/s]
[1Aphase1 epoch 2:  11%|█         | 137/1250 [00:32<04:19,  4.29it/s]
[1Aphase1 epoch 2:  11%|█         | 138/1250 [00:32<04:21,  4.25it/s]
[1Aphase1 epoch 2:  11%|█         | 139/1250 [00:33<04:18,  4.29it/s]
[1Aphase1 epoch 2:  11%|█         | 140/1250 [00:33<04:21,  4.25it/s]
[1Aphase1 epoch 2:  11%|█▏        | 141/1250 [00:33<04:22,  4.23it/s]
[1Aphase1 epoch 2:  11%|█▏        | 142/1250 [00:33<04:22,  4.23it/s]
[1Aphase1 epoch 2:  11%|█▏        | 143/1250 [00:34<04:22,  4.22it/s]
[1Aphase1 epoch 2:  12%|█▏        | 144/1250 [00:34<04:25,  4.16it/s]
[1Aphase1 epoch 2:  12%|█▏        | 145/1250 [00:34<04:21,  4.23it/s]
[1Aphase1 epoch 2:  12%|█▏        | 146/1250 [00:34<04:22,  4.21it/s]
[1Aphase1 epoch 2:  12%|█▏        | 147/1250 [00:35<04:17,  4.28it/s]
[1Aphase1 epoch 2:  12%|█▏        | 148/1250 [00:35<04:19,  4.25it/s]
[1Aphase1 epoch 2:  12%|█▏        | 149/1250 [00:35<04:20,  4.22it/s]
[1Aphase1 epoch 2:  12%|█▏        | 150/1250 [00:35<04:23,  4.17it/s]
[1Aphase1 epoch 2:  12%|█▏        | 151/1250 [00:36<04:23,  4.16it/s]
[1Aphase1 epoch 2:  12%|█▏        | 152/1250 [00:36<04:24,  4.16it/s]
[1Aphase1 epoch 2:  12%|█▏        | 153/1250 [00:36<04:27,  4.10it/s]
[1Aphase1 epoch 2:  12%|█▏        | 154/1250 [00:36<04:25,  4.13it/s]
[1Aphase1 epoch 2:  12%|█▏        | 155/1250 [00:36<04:19,  4.22it/s]
[1Aphase1 epoch 2:  12%|█▏        | 156/1250 [00:37<04:18,  4.23it/s]
[1Aphase1 epoch 2:  13%|█▎        | 157/1250 [00:37<04:14,  4.29it/s]
[1Aphase1 epoch 2:  13%|█▎        | 158/1250 [00:37<04:17,  4.24it/s]
[1Aphase1 epoch 2:  13%|█▎        | 159/1250 [00:37<04:16,  4.25it/s]
[1Aphase1 epoch 2:  13%|█▎        | 160/1250 [00:38<04:14,  4.29it/s]
[1Aphase1 epoch 2:  13%|█▎        | 161/1250 [00:38<04:19,  4.20it/s]
[1Aphase1 epoch 2:  13%|█▎        | 162/1250 [00:38<04:22,  4.14it/s]
[1Aphase1 epoch 2:  13%|█▎        | 163/1250 [00:38<04:20,  4.17it/s]
[1Aphase1 epoch 2:  13%|█▎        | 164/1250 [00:39<04:20,  4.17it/s]
[1Aphase1 epoch 2:  13%|█▎        | 165/1250 [00:39<04:19,  4.19it/s]
[1Aphase1 epoch 2:  13%|█▎        | 166/1250 [00:39<04:14,  4.25it/s]
[1Aphase1 epoch 2:  13%|█▎        | 167/1250 [00:39<04:12,  4.29it/s]
[1Aphase1 epoch 2:  13%|█▎        | 168/1250 [00:40<04:10,  4.33it/s]
[1Aphase1 epoch 2:  14%|█▎        | 169/1250 [00:40<04:06,  4.38it/s]
[1Aphase1 epoch 2:  14%|█▎        | 170/1250 [00:40<04:13,  4.27it/s]
[1Aphase1 epoch 2:  14%|█▎        | 171/1250 [00:40<04:10,  4.30it/s]
[1Aphase1 epoch 2:  14%|█▍        | 172/1250 [00:40<04:08,  4.34it/s]
[1Aphase1 epoch 2:  14%|█▍        | 173/1250 [00:41<04:18,  4.16it/s]
[1Aphase1 epoch 2:  14%|█▍        | 174/1250 [00:41<04:17,  4.17it/s]
[1Aphase1 epoch 2:  14%|█▍        | 175/1250 [00:41<04:13,  4.24it/s]
[1Aphase1 epoch 2:  14%|█▍        | 176/1250 [00:41<04:15,  4.21it/s]
[1Aphase1 epoch 2:  14%|█▍        | 177/1250 [00:42<04:09,  4.30it/s]
[1Aphase1 epoch 2:  14%|█▍        | 178/1250 [00:42<04:11,  4.26it/s]
[1Aphase1 epoch 2:  14%|█▍        | 179/1250 [00:42<04:12,  4.23it/s]
[1Aphase1 epoch 2:  14%|█▍        | 180/1250 [00:42<04:14,  4.21it/s]
[1Aphase1 epoch 2:  14%|█▍        | 181/1250 [00:43<04:15,  4.19it/s]
[1Aphase1 epoch 2:  15%|█▍        | 182/1250 [00:43<04:14,  4.20it/s]
[1Aphase1 epoch 2:  15%|█▍        | 183/1250 [00:43<04:14,  4.19it/s]
[1Aphase1 epoch 2:  15%|█▍        | 184/1250 [00:43<04:14,  4.19it/s]
[1Aphase1 epoch 2:  15%|█▍        | 185/1250 [00:44<04:10,  4.25it/s]
[1Aphase1 epoch 2:  15%|█▍        | 186/1250 [00:44<04:07,  4.29it/s]
[1Aphase1 epoch 2:  15%|█▍        | 187/1250 [00:44<04:12,  4.21it/s]
[1Aphase1 epoch 2:  15%|█▌        | 188/1250 [00:44<04:08,  4.28it/s]
[1Aphase1 epoch 2:  15%|█▌        | 189/1250 [00:44<04:06,  4.31it/s]
[1Aphase1 epoch 2:  15%|█▌        | 190/1250 [00:45<04:04,  4.33it/s]
[1Aphase1 epoch 2:  15%|█▌        | 191/1250 [00:45<04:06,  4.29it/s]
[1Aphase1 epoch 2:  15%|█▌        | 192/1250 [00:45<04:07,  4.28it/s]
[1Aphase1 epoch 2:  15%|█▌        | 193/1250 [00:45<04:13,  4.17it/s]
[1Aphase1 epoch 2:  16%|█▌        | 194/1250 [00:46<04:13,  4.16it/s]
[1Aphase1 epoch 2:  16%|█▌        | 195/1250 [00:46<04:16,  4.12it/s]
[1Aphase1 epoch 2:  16%|█▌        | 196/1250 [00:46<04:18,  4.08it/s]
[1Aphase1 epoch 2:  16%|█▌        | 197/1250 [00:46<04:15,  4.12it/s]
[1Aphase1 epoch 2:  16%|█▌        | 198/1250 [00:47<04:14,  4.13it/s]
[1Aphase1 epoch 2:  16%|█▌        | 199/1250 [00:47<04:09,  4.22it/s]
[1Aphase1 epoch 2:  16%|█▌        | 200/1250 [00:47<04:12,  4.16it/s]
[1Aphase1 epoch 2:  16%|█▌        | 201/1250 [00:47<04:10,  4.18it/s]
[1Aphase1 epoch 2:  16%|█▌        | 202/1250 [00:48<04:10,  4.18it/s]
[1Aphase1 epoch 2:  16%|█▌        | 203/1250 [00:48<04:10,  4.18it/s]
[1Aphase1 epoch 2:  16%|█▋        | 204/1250 [00:48<04:10,  4.18it/s]
[1Aphase1 epoch 2:  16%|█▋        | 205/1250 [00:48<04:06,  4.24it/s]
[1Aphase1 epoch 2:  16%|█▋        | 206/1250 [00:49<04:07,  4.23it/s]
[1Aphase1 epoch 2:  17%|█▋        | 207/1250 [00:49<04:08,  4.20it/s]
[1Aphase1 epoch 2:  17%|█▋        | 208/1250 [00:49<04:05,  4.25it/s]
[1Aphase1 epoch 2:  17%|█▋        | 209/1250 [00:49<04:02,  4.29it/s]
[1Aphase1 epoch 2:  17%|█▋        | 210/1250 [00:49<04:01,  4.31it/s]
[1Aphase1 epoch 2:  17%|█▋        | 211/1250 [00:50<04:03,  4.27it/s]
[1Aphase1 epoch 2:  17%|█▋        | 212/1250 [00:50<04:07,  4.20it/s]
[1Aphase1 epoch 2:  17%|█▋        | 213/1250 [00:50<04:07,  4.20it/s]
[1Aphase1 epoch 2:  17%|█▋        | 214/1250 [00:50<04:06,  4.21it/s]
[1Aphase1 epoch 2:  17%|█▋        | 215/1250 [00:51<04:05,  4.22it/s]
[1Aphase1 epoch 2:  17%|█▋        | 216/1250 [00:51<04:05,  4.20it/s]
[1Aphase1 epoch 2:  17%|█▋        | 217/1250 [00:51<04:09,  4.14it/s]
[1Aphase1 epoch 2:  17%|█▋        | 218/1250 [00:51<04:05,  4.21it/s]
[1Aphase1 epoch 2:  18%|█▊        | 219/1250 [00:52<04:05,  4.20it/s]
[1Aphase1 epoch 2:  18%|█▊        | 220/1250 [00:52<04:01,  4.26it/s]
[1Aphase1 epoch 2:  18%|█▊        | 221/1250 [00:52<04:02,  4.24it/s]
[1Aphase1 epoch 2:  18%|█▊        | 222/1250 [00:52<04:02,  4.23it/s]
[1Aphase1 epoch 2:  18%|█▊        | 223/1250 [00:53<04:02,  4.23it/s]
[1Aphase1 epoch 2:  18%|█▊        | 224/1250 [00:53<04:06,  4.16it/s]
[1Aphase1 epoch 2:  18%|█▊        | 225/1250 [00:53<04:05,  4.18it/s]
[1Aphase1 epoch 2:  18%|█▊        | 226/1250 [00:53<04:08,  4.13it/s]
[1Aphase1 epoch 2:  18%|█▊        | 227/1250 [00:54<04:09,  4.10it/s]
[1Aphase1 epoch 2:  18%|█▊        | 228/1250 [00:54<04:04,  4.19it/s]
[1Aphase1 epoch 2:  18%|█▊        | 229/1250 [00:54<04:03,  4.20it/s]
[1Aphase1 epoch 2:  18%|█▊        | 230/1250 [00:54<04:01,  4.22it/s]
[1Aphase1 epoch 2:  18%|█▊        | 231/1250 [00:54<04:01,  4.23it/s]
[1Aphase1 epoch 2:  19%|█▊        | 232/1250 [00:55<04:01,  4.22it/s]
[1Aphase1 epoch 2:  19%|█▊        | 233/1250 [00:55<04:04,  4.15it/s]
[1Aphase1 epoch 2:  19%|█▊        | 234/1250 [00:55<04:06,  4.11it/s]
[1Aphase1 epoch 2:  19%|█▉        | 235/1250 [00:55<04:04,  4.15it/s]
[1Aphase1 epoch 2:  19%|█▉        | 236/1250 [00:56<04:08,  4.09it/s]
[1Aphase1 epoch 2:  19%|█▉        | 237/1250 [00:56<04:04,  4.14it/s]
[1Aphase1 epoch 2:  19%|█▉        | 238/1250 [00:56<04:07,  4.09it/s]
[1Aphase1 epoch 2:  19%|█▉        | 239/1250 [00:56<04:02,  4.18it/s]
[1Aphase1 epoch 2:  19%|█▉        | 240/1250 [00:57<04:05,  4.12it/s]
[1Aphase1 epoch 2:  19%|█▉        | 241/1250 [00:57<04:07,  4.07it/s]
[1Aphase1 epoch 2:  19%|█▉        | 242/1250 [00:57<04:04,  4.12it/s]
[1Aphase1 epoch 2:  19%|█▉        | 243/1250 [00:57<04:02,  4.15it/s]
[1Aphase1 epoch 2:  20%|█▉        | 244/1250 [00:58<03:58,  4.22it/s]
[1Aphase1 epoch 2:  20%|█▉        | 245/1250 [00:58<03:55,  4.27it/s]
[1Aphase1 epoch 2:  20%|█▉        | 246/1250 [00:58<04:01,  4.17it/s]
[1Aphase1 epoch 2:  20%|█▉        | 247/1250 [00:58<04:00,  4.17it/s]
[1Aphase1 epoch 2:  20%|█▉        | 248/1250 [00:59<04:02,  4.13it/s]
[1Aphase1 epoch 2:  20%|█▉        | 249/1250 [00:59<04:01,  4.14it/s]
[1Aphase1 epoch 2:  20%|██        | 250/1250 [00:59<03:56,  4.22it/s]
[1Aphase1 epoch 2:  20%|██        | 251/1250 [00:59<04:00,  4.16it/s]
[1Aphase1 epoch 2:  20%|██        | 252/1250 [01:00<03:59,  4.17it/s]
[1Aphase1 epoch 2:  20%|██        | 253/1250 [01:00<04:01,  4.13it/s]
[1Aphase1 epoch 2:  20%|██        | 254/1250 [01:00<04:00,  4.14it/s]
[1Aphase1 epoch 2:  20%|██        | 255/1250 [01:00<03:59,  4.16it/s]
[1Aphase1 epoch 2:  20%|██        | 256/1250 [01:00<03:58,  4.17it/s]
[1Aphase1 epoch 2:  21%|██        | 257/1250 [01:01<03:58,  4.17it/s]
[1Aphase1 epoch 2:  21%|██        | 258/1250 [01:01<03:58,  4.16it/s]
[1Aphase1 epoch 2:  21%|██        | 259/1250 [01:01<03:57,  4.18it/s]
[1Aphase1 epoch 2:  21%|██        | 260/1250 [01:01<03:56,  4.19it/s]
[1Aphase1 epoch 2:  21%|██        | 261/1250 [01:02<04:03,  4.07it/s]
[1Aphase1 epoch 2:  21%|██        | 262/1250 [01:02<03:57,  4.17it/s]
[1Aphase1 epoch 2:  21%|██        | 263/1250 [01:02<03:53,  4.23it/s]
[1Aphase1 epoch 2:  21%|██        | 264/1250 [01:02<03:53,  4.22it/s]
[1Aphase1 epoch 2:  21%|██        | 265/1250 [01:03<03:50,  4.26it/s]
[1Aphase1 epoch 2:  21%|██▏       | 266/1250 [01:03<03:51,  4.25it/s]
[1Aphase1 epoch 2:  21%|██▏       | 267/1250 [01:03<03:51,  4.24it/s]
[1Aphase1 epoch 2:  21%|██▏       | 268/1250 [01:03<03:52,  4.23it/s]
[1Aphase1 epoch 2:  22%|██▏       | 269/1250 [01:04<03:52,  4.22it/s]
[1Aphase1 epoch 2:  22%|██▏       | 270/1250 [01:04<03:49,  4.27it/s]
[1Aphase1 epoch 2:  22%|██▏       | 271/1250 [01:04<03:50,  4.25it/s]
[1Aphase1 epoch 2:  22%|██▏       | 272/1250 [01:04<03:47,  4.30it/s]
[1Aphase1 epoch 2:  22%|██▏       | 273/1250 [01:05<03:44,  4.34it/s]
[1Aphase1 epoch 2:  22%|██▏       | 274/1250 [01:05<03:43,  4.36it/s]
[1Aphase1 epoch 2:  22%|██▏       | 275/1250 [01:05<03:42,  4.37it/s]
[1Aphase1 epoch 2:  22%|██▏       | 276/1250 [01:05<03:45,  4.31it/s]
[1Aphase1 epoch 2:  22%|██▏       | 277/1250 [01:05<03:44,  4.34it/s]
[1Aphase1 epoch 2:  22%|██▏       | 278/1250 [01:06<03:46,  4.29it/s]
[1Aphase1 epoch 2:  22%|██▏       | 279/1250 [01:06<03:47,  4.26it/s]
[1Aphase1 epoch 2:  22%|██▏       | 280/1250 [01:06<03:45,  4.29it/s]
[1Aphase1 epoch 2:  22%|██▏       | 281/1250 [01:06<03:50,  4.21it/s]
[1Aphase1 epoch 2:  23%|██▎       | 282/1250 [01:07<03:52,  4.16it/s]
[1Aphase1 epoch 2:  23%|██▎       | 283/1250 [01:07<03:52,  4.15it/s]
[1Aphase1 epoch 2:  23%|██▎       | 284/1250 [01:07<03:52,  4.16it/s]
[1Aphase1 epoch 2:  23%|██▎       | 285/1250 [01:07<03:52,  4.16it/s]
[1Aphase1 epoch 2:  23%|██▎       | 286/1250 [01:08<03:51,  4.16it/s]
[1Aphase1 epoch 2:  23%|██▎       | 287/1250 [01:08<03:53,  4.12it/s]
[1Aphase1 epoch 2:  23%|██▎       | 288/1250 [01:08<03:52,  4.13it/s]
[1Aphase1 epoch 2:  23%|██▎       | 289/1250 [01:08<03:47,  4.22it/s]
[1Aphase1 epoch 2:  23%|██▎       | 290/1250 [01:09<03:44,  4.27it/s]
[1Aphase1 epoch 2:  23%|██▎       | 291/1250 [01:09<03:42,  4.31it/s]
[1Aphase1 epoch 2:  23%|██▎       | 292/1250 [01:09<03:40,  4.34it/s]
[1Aphase1 epoch 2:  23%|██▎       | 293/1250 [01:09<03:43,  4.28it/s]
[1Aphase1 epoch 2:  24%|██▎       | 294/1250 [01:09<03:44,  4.26it/s]
[1Aphase1 epoch 2:  24%|██▎       | 295/1250 [01:10<03:45,  4.23it/s]
[1Aphase1 epoch 2:  24%|██▎       | 296/1250 [01:10<03:46,  4.21it/s]
[1Aphase1 epoch 2:  24%|██▍       | 297/1250 [01:10<03:43,  4.25it/s]
[1Aphase1 epoch 2:  24%|██▍       | 298/1250 [01:10<03:44,  4.24it/s]
[1Aphase1 epoch 2:  24%|██▍       | 299/1250 [01:11<03:49,  4.15it/s]
[1Aphase1 epoch 2:  24%|██▍       | 300/1250 [01:11<03:47,  4.17it/s]
[1Aphase1 epoch 2:  24%|██▍       | 301/1250 [01:11<03:46,  4.19it/s]
[1Aphase1 epoch 2:  24%|██▍       | 302/1250 [01:11<03:52,  4.07it/s]
[1Aphase1 epoch 2:  24%|██▍       | 303/1250 [01:12<03:47,  4.16it/s]
[1Aphase1 epoch 2:  24%|██▍       | 304/1250 [01:12<03:50,  4.11it/s]
[1Aphase1 epoch 2:  24%|██▍       | 305/1250 [01:12<03:54,  4.03it/s]
[1Aphase1 epoch 2:  24%|██▍       | 306/1250 [01:12<03:52,  4.07it/s]
[1Aphase1 epoch 2:  25%|██▍       | 307/1250 [01:13<03:52,  4.05it/s]
[1Aphase1 epoch 2:  25%|██▍       | 308/1250 [01:13<03:53,  4.04it/s]
[1Aphase1 epoch 2:  25%|██▍       | 309/1250 [01:13<03:49,  4.09it/s]
[1Aphase1 epoch 2:  25%|██▍       | 310/1250 [01:13<03:42,  4.22it/s]
[1Aphase1 epoch 2:  25%|██▍       | 311/1250 [01:14<03:40,  4.27it/s]
[1Aphase1 epoch 2:  25%|██▍       | 312/1250 [01:14<03:41,  4.24it/s]
[1Aphase1 epoch 2:  25%|██▌       | 313/1250 [01:14<03:41,  4.22it/s]
[1Aphase1 epoch 2:  25%|██▌       | 314/1250 [01:14<03:44,  4.17it/s]
[1Aphase1 epoch 2:  25%|██▌       | 315/1250 [01:15<03:44,  4.17it/s]
[1Aphase1 epoch 2:  25%|██▌       | 316/1250 [01:15<03:40,  4.23it/s]
[1Aphase1 epoch 2:  25%|██▌       | 317/1250 [01:15<03:43,  4.17it/s]
[1Aphase1 epoch 2:  25%|██▌       | 318/1250 [01:15<03:43,  4.17it/s]
[1Aphase1 epoch 2:  26%|██▌       | 319/1250 [01:15<03:42,  4.18it/s]
[1Aphase1 epoch 2:  26%|██▌       | 320/1250 [01:16<03:38,  4.25it/s]
[1Aphase1 epoch 2:  26%|██▌       | 321/1250 [01:16<03:42,  4.18it/s]
[1Aphase1 epoch 2:  26%|██▌       | 322/1250 [01:16<03:41,  4.19it/s]
[1Aphase1 epoch 2:  26%|██▌       | 323/1250 [01:16<03:41,  4.19it/s]
[1Aphase1 epoch 2:  26%|██▌       | 324/1250 [01:17<03:40,  4.19it/s]
[1Aphase1 epoch 2:  26%|██▌       | 325/1250 [01:17<03:43,  4.13it/s]
[1Aphase1 epoch 2:  26%|██▌       | 326/1250 [01:17<03:42,  4.15it/s]
[1Aphase1 epoch 2:  26%|██▌       | 327/1250 [01:17<03:38,  4.22it/s]
[1Aphase1 epoch 2:  26%|██▌       | 328/1250 [01:18<03:38,  4.21it/s]
[1Aphase1 epoch 2:  26%|██▋       | 329/1250 [01:18<03:42,  4.14it/s]
[1Aphase1 epoch 2:  26%|██▋       | 330/1250 [01:18<03:38,  4.22it/s]
[1Aphase1 epoch 2:  26%|██▋       | 331/1250 [01:18<03:35,  4.27it/s]
[1Aphase1 epoch 2:  27%|██▋       | 332/1250 [01:19<03:36,  4.24it/s]
[1Aphase1 epoch 2:  27%|██▋       | 333/1250 [01:19<03:36,  4.23it/s]
[1Aphase1 epoch 2:  27%|██▋       | 334/1250 [01:19<03:36,  4.23it/s]
[1Aphase1 epoch 2:  27%|██▋       | 335/1250 [01:19<03:36,  4.22it/s]
[1Aphase1 epoch 2:  27%|██▋       | 336/1250 [01:20<03:37,  4.20it/s]
[1Aphase1 epoch 2:  27%|██▋       | 337/1250 [01:20<03:34,  4.26it/s]
[1Aphase1 epoch 2:  27%|██▋       | 338/1250 [01:20<03:34,  4.24it/s]
[1Aphase1 epoch 2:  27%|██▋       | 339/1250 [01:20<03:35,  4.22it/s]
[1Aphase1 epoch 2:  27%|██▋       | 340/1250 [01:20<03:36,  4.21it/s]
[1Aphase1 epoch 2:  27%|██▋       | 341/1250 [01:21<03:36,  4.19it/s]
[1Aphase1 epoch 2:  27%|██▋       | 342/1250 [01:21<03:39,  4.14it/s]
[1Aphase1 epoch 2:  27%|██▋       | 343/1250 [01:21<03:35,  4.21it/s]
[1Aphase1 epoch 2:  28%|██▊       | 344/1250 [01:21<03:35,  4.20it/s]
[1Aphase1 epoch 2:  28%|██▊       | 345/1250 [01:22<03:34,  4.21it/s]
[1Aphase1 epoch 2:  28%|██▊       | 346/1250 [01:22<03:40,  4.10it/s]
[1Aphase1 epoch 2:  28%|██▊       | 347/1250 [01:22<03:39,  4.12it/s]
[1Aphase1 epoch 2:  28%|██▊       | 348/1250 [01:22<03:38,  4.13it/s]
[1Aphase1 epoch 2:  28%|██▊       | 349/1250 [01:23<03:36,  4.16it/s]
[1Aphase1 epoch 2:  28%|██▊       | 350/1250 [01:23<03:35,  4.17it/s]
[1Aphase1 epoch 2:  28%|██▊       | 351/1250 [01:23<03:35,  4.17it/s]
[1Aphase1 epoch 2:  28%|██▊       | 352/1250 [01:23<03:31,  4.24it/s]
[1Aphase1 epoch 2:  28%|██▊       | 353/1250 [01:24<03:39,  4.09it/s]
[1Aphase1 epoch 2:  28%|██▊       | 354/1250 [01:24<03:34,  4.18it/s]
[1Aphase1 epoch 2:  28%|██▊       | 355/1250 [01:24<03:39,  4.07it/s]
[1Aphase1 epoch 2:  28%|██▊       | 356/1250 [01:24<03:38,  4.10it/s]
[1Aphase1 epoch 2:  29%|██▊       | 357/1250 [01:25<03:35,  4.14it/s]
[1Aphase1 epoch 2:  29%|██▊       | 358/1250 [01:25<03:34,  4.16it/s]
[1Aphase1 epoch 2:  29%|██▊       | 359/1250 [01:25<03:36,  4.11it/s]
[1Aphase1 epoch 2:  29%|██▉       | 360/1250 [01:25<03:37,  4.09it/s]
[1Aphase1 epoch 2:  29%|██▉       | 361/1250 [01:26<03:35,  4.12it/s]
[1Aphase1 epoch 2:  29%|██▉       | 362/1250 [01:26<03:34,  4.14it/s]
[1Aphase1 epoch 2:  29%|██▉       | 363/1250 [01:26<03:32,  4.17it/s]
[1Aphase1 epoch 2:  29%|██▉       | 364/1250 [01:26<03:28,  4.24it/s]
[1Aphase1 epoch 2:  29%|██▉       | 365/1250 [01:26<03:28,  4.24it/s]
[1Aphase1 epoch 2:  29%|██▉       | 366/1250 [01:27<03:26,  4.28it/s]
[1Aphase1 epoch 2:  29%|██▉       | 367/1250 [01:27<03:24,  4.32it/s]
[1Aphase1 epoch 2:  29%|██▉       | 368/1250 [01:27<03:26,  4.27it/s]
[1Aphase1 epoch 2:  30%|██▉       | 369/1250 [01:27<03:30,  4.19it/s]
[1Aphase1 epoch 2:  30%|██▉       | 370/1250 [01:28<03:25,  4.28it/s]
[1Aphase1 epoch 2:  30%|██▉       | 371/1250 [01:28<03:28,  4.21it/s]
[1Aphase1 epoch 2:  30%|██▉       | 372/1250 [01:28<03:25,  4.27it/s]
[1Aphase1 epoch 2:  30%|██▉       | 373/1250 [01:28<03:26,  4.25it/s]
[1Aphase1 epoch 2:  30%|██▉       | 374/1250 [01:29<03:32,  4.12it/s]
[1Aphase1 epoch 2:  30%|███       | 375/1250 [01:29<03:28,  4.20it/s]
[1Aphase1 epoch 2:  30%|███       | 376/1250 [01:29<03:27,  4.20it/s]
[1Aphase1 epoch 2:  30%|███       | 377/1250 [01:29<03:25,  4.25it/s]
[1Aphase1 epoch 2:  30%|███       | 378/1250 [01:30<03:26,  4.22it/s]
[1Aphase1 epoch 2:  30%|███       | 379/1250 [01:30<03:26,  4.22it/s]
[1Aphase1 epoch 2:  30%|███       | 380/1250 [01:30<03:26,  4.20it/s]
[1Aphase1 epoch 2:  30%|███       | 381/1250 [01:30<03:26,  4.20it/s]
[1Aphase1 epoch 2:  31%|███       | 382/1250 [01:30<03:24,  4.25it/s]
[1Aphase1 epoch 2:  31%|███       | 383/1250 [01:31<03:24,  4.23it/s]
[1Aphase1 epoch 2:  31%|███       | 384/1250 [01:31<03:25,  4.21it/s]
[1Aphase1 epoch 2:  31%|███       | 385/1250 [01:31<03:25,  4.22it/s]
[1Aphase1 epoch 2:  31%|███       | 386/1250 [01:31<03:28,  4.15it/s]
[1Aphase1 epoch 2:  31%|███       | 387/1250 [01:32<03:32,  4.05it/s]
[1Aphase1 epoch 2:  31%|███       | 388/1250 [01:32<03:27,  4.15it/s]
[1Aphase1 epoch 2:  31%|███       | 389/1250 [01:32<03:26,  4.17it/s]
[1Aphase1 epoch 2:  31%|███       | 390/1250 [01:32<03:25,  4.18it/s]
[1Aphase1 epoch 2:  31%|███▏      | 391/1250 [01:33<03:28,  4.13it/s]
[1Aphase1 epoch 2:  31%|███▏      | 392/1250 [01:33<03:26,  4.15it/s]
[1Aphase1 epoch 2:  31%|███▏      | 393/1250 [01:33<03:23,  4.22it/s]
[1Aphase1 epoch 2:  32%|███▏      | 394/1250 [01:33<03:22,  4.22it/s]
[1Aphase1 epoch 2:  32%|███▏      | 395/1250 [01:34<03:23,  4.20it/s]
[1Aphase1 epoch 2:  32%|███▏      | 396/1250 [01:34<03:24,  4.19it/s]
[1Aphase1 epoch 2:  32%|███▏      | 397/1250 [01:34<03:20,  4.25it/s]
[1Aphase1 epoch 2:  32%|███▏      | 398/1250 [01:34<03:25,  4.16it/s]
[1Aphase1 epoch 2:  32%|███▏      | 399/1250 [01:35<03:25,  4.15it/s]
[1Aphase1 epoch 2:  32%|███▏      | 400/1250 [01:35<03:24,  4.16it/s]
[1Aphase1 epoch 2:  32%|███▏      | 401/1250 [01:35<03:23,  4.17it/s]
[1Aphase1 epoch 2:  32%|███▏      | 402/1250 [01:35<03:26,  4.10it/s]
[1Aphase1 epoch 2:  32%|███▏      | 403/1250 [01:36<03:21,  4.20it/s]
[1Aphase1 epoch 2:  32%|███▏      | 404/1250 [01:36<03:21,  4.20it/s]
[1Aphase1 epoch 2:  32%|███▏      | 405/1250 [01:36<03:22,  4.17it/s]
[1Aphase1 epoch 2:  32%|███▏      | 406/1250 [01:36<03:17,  4.27it/s]
[1Aphase1 epoch 2:  33%|███▎      | 407/1250 [01:36<03:15,  4.32it/s]
[1Aphase1 epoch 2:  33%|███▎      | 408/1250 [01:37<03:13,  4.34it/s]
[1Aphase1 epoch 2:  33%|███▎      | 409/1250 [01:37<03:16,  4.28it/s]
[1Aphase1 epoch 2:  33%|███▎      | 410/1250 [01:37<03:20,  4.19it/s]
[1Aphase1 epoch 2:  33%|███▎      | 411/1250 [01:37<03:19,  4.21it/s]
[1Aphase1 epoch 2:  33%|███▎      | 412/1250 [01:38<03:22,  4.13it/s]
[1Aphase1 epoch 2:  33%|███▎      | 413/1250 [01:38<03:25,  4.07it/s]
[1Aphase1 epoch 2:  33%|███▎      | 414/1250 [01:38<03:20,  4.17it/s]
[1Aphase1 epoch 2:  33%|███▎      | 415/1250 [01:38<03:17,  4.24it/s]
[1Aphase1 epoch 2:  33%|███▎      | 416/1250 [01:39<03:16,  4.24it/s]
[1Aphase1 epoch 2:  33%|███▎      | 417/1250 [01:39<03:20,  4.15it/s]
[1Aphase1 epoch 2:  33%|███▎      | 418/1250 [01:39<03:20,  4.15it/s]
[1Aphase1 epoch 2:  34%|███▎      | 419/1250 [01:39<03:17,  4.22it/s]
[1Aphase1 epoch 2:  34%|███▎      | 420/1250 [01:40<03:20,  4.14it/s]
[1Aphase1 epoch 2:  34%|███▎      | 421/1250 [01:40<03:16,  4.21it/s]
[1Aphase1 epoch 2:  34%|███▍      | 422/1250 [01:40<03:17,  4.20it/s]
[1Aphase1 epoch 2:  34%|███▍      | 423/1250 [01:40<03:19,  4.15it/s]
[1Aphase1 epoch 2:  34%|███▍      | 424/1250 [01:41<03:21,  4.11it/s]
[1Aphase1 epoch 2:  34%|███▍      | 425/1250 [01:41<03:19,  4.13it/s]
[1Aphase1 epoch 2:  34%|███▍      | 426/1250 [01:41<03:15,  4.21it/s]
[1Aphase1 epoch 2:  34%|███▍      | 427/1250 [01:41<03:15,  4.21it/s]
[1Aphase1 epoch 2:  34%|███▍      | 428/1250 [01:42<03:18,  4.14it/s]
[1Aphase1 epoch 2:  34%|███▍      | 429/1250 [01:42<03:17,  4.15it/s]
[1Aphase1 epoch 2:  34%|███▍      | 430/1250 [01:42<03:19,  4.10it/s]
[1Aphase1 epoch 2:  34%|███▍      | 431/1250 [01:42<03:18,  4.13it/s]
[1Aphase1 epoch 2:  35%|███▍      | 432/1250 [01:42<03:20,  4.09it/s]
[1Aphase1 epoch 2:  35%|███▍      | 433/1250 [01:43<03:20,  4.07it/s]
[1Aphase1 epoch 2:  35%|███▍      | 434/1250 [01:43<03:24,  4.00it/s]
[1Aphase1 epoch 2:  35%|███▍      | 435/1250 [01:43<03:20,  4.06it/s]
[1Aphase1 epoch 2:  35%|███▍      | 436/1250 [01:43<03:15,  4.15it/s]
[1Aphase1 epoch 2:  35%|███▍      | 437/1250 [01:44<03:17,  4.11it/s]
[1Aphase1 epoch 2:  35%|███▌      | 438/1250 [01:44<03:15,  4.15it/s]
[1Aphase1 epoch 2:  35%|███▌      | 439/1250 [01:44<03:15,  4.16it/s]
[1Aphase1 epoch 2:  35%|███▌      | 440/1250 [01:44<03:16,  4.12it/s]
[1Aphase1 epoch 2:  35%|███▌      | 441/1250 [01:45<03:14,  4.15it/s]
[1Aphase1 epoch 2:  35%|███▌      | 442/1250 [01:45<03:19,  4.05it/s]
[1Aphase1 epoch 2:  35%|███▌      | 443/1250 [01:45<03:19,  4.04it/s]
[1Aphase1 epoch 2:  36%|███▌      | 444/1250 [01:45<03:17,  4.08it/s]
[1Aphase1 epoch 2:  36%|███▌      | 445/1250 [01:46<03:15,  4.12it/s]
[1Aphase1 epoch 2:  36%|███▌      | 446/1250 [01:46<03:11,  4.20it/s]
[1Aphase1 epoch 2:  36%|███▌      | 447/1250 [01:46<03:08,  4.25it/s]
[1Aphase1 epoch 2:  36%|███▌      | 448/1250 [01:46<03:11,  4.19it/s]
[1Aphase1 epoch 2:  36%|███▌      | 449/1250 [01:47<03:14,  4.13it/s]
[1Aphase1 epoch 2:  36%|███▌      | 450/1250 [01:47<03:10,  4.21it/s]
[1Aphase1 epoch 2:  36%|███▌      | 451/1250 [01:47<03:10,  4.20it/s]
[1Aphase1 epoch 2:  36%|███▌      | 452/1250 [01:47<03:12,  4.14it/s]
[1Aphase1 epoch 2:  36%|███▌      | 453/1250 [01:48<03:12,  4.15it/s]
[1Aphase1 epoch 2:  36%|███▋      | 454/1250 [01:48<03:13,  4.11it/s]
[1Aphase1 epoch 2:  36%|███▋      | 455/1250 [01:48<03:12,  4.14it/s]
[1Aphase1 epoch 2:  36%|███▋      | 456/1250 [01:48<03:11,  4.14it/s]
[1Aphase1 epoch 2:  37%|███▋      | 457/1250 [01:49<03:11,  4.15it/s]
[1Aphase1 epoch 2:  37%|███▋      | 458/1250 [01:49<03:12,  4.11it/s]
[1Aphase1 epoch 2:  37%|███▋      | 459/1250 [01:49<03:08,  4.19it/s]
[1Aphase1 epoch 2:  37%|███▋      | 460/1250 [01:49<03:11,  4.12it/s]
[1Aphase1 epoch 2:  37%|███▋      | 461/1250 [01:49<03:10,  4.15it/s]
[1Aphase1 epoch 2:  37%|███▋      | 462/1250 [01:50<03:09,  4.16it/s]
[1Aphase1 epoch 2:  37%|███▋      | 463/1250 [01:50<03:06,  4.22it/s]
[1Aphase1 epoch 2:  37%|███▋      | 464/1250 [01:50<03:06,  4.21it/s]
[1Aphase1 epoch 2:  37%|███▋      | 465/1250 [01:50<03:06,  4.21it/s]
[1Aphase1 epoch 2:  37%|███▋      | 466/1250 [01:51<03:08,  4.15it/s]
[1Aphase1 epoch 2:  37%|███▋      | 467/1250 [01:51<03:11,  4.09it/s]
[1Aphase1 epoch 2:  37%|███▋      | 468/1250 [01:51<03:09,  4.12it/s]
[1Aphase1 epoch 2:  38%|███▊      | 469/1250 [01:51<03:08,  4.15it/s]
[1Aphase1 epoch 2:  38%|███▊      | 470/1250 [01:52<03:06,  4.18it/s]
[1Aphase1 epoch 2:  38%|███▊      | 471/1250 [01:52<03:08,  4.13it/s]
[1Aphase1 epoch 2:  38%|███▊      | 472/1250 [01:52<03:07,  4.16it/s]
[1Aphase1 epoch 2:  38%|███▊      | 473/1250 [01:52<03:05,  4.18it/s]
[1Aphase1 epoch 2:  38%|███▊      | 474/1250 [01:53<03:08,  4.11it/s]
[1Aphase1 epoch 2:  38%|███▊      | 475/1250 [01:53<03:07,  4.13it/s]
[1Aphase1 epoch 2:  38%|███▊      | 476/1250 [01:53<03:06,  4.15it/s]
[1Aphase1 epoch 2:  38%|███▊      | 477/1250 [01:53<03:10,  4.06it/s]
[1Aphase1 epoch 2:  38%|███▊      | 478/1250 [01:54<03:07,  4.11it/s]
[1Aphase1 epoch 2:  38%|███▊      | 479/1250 [01:54<03:06,  4.13it/s]
[1Aphase1 epoch 2:  38%|███▊      | 480/1250 [01:54<03:06,  4.13it/s]
[1Aphase1 epoch 2:  38%|███▊      | 481/1250 [01:54<03:08,  4.07it/s]
[1Aphase1 epoch 2:  39%|███▊      | 482/1250 [01:55<03:04,  4.16it/s]
[1Aphase1 epoch 2:  39%|███▊      | 483/1250 [01:55<03:01,  4.22it/s]
[1Aphase1 epoch 2:  39%|███▊      | 484/1250 [01:55<03:01,  4.22it/s]
[1Aphase1 epoch 2:  39%|███▉      | 485/1250 [01:55<03:01,  4.21it/s]
[1Aphase1 epoch 2:  39%|███▉      | 486/1250 [01:56<03:01,  4.21it/s]
[1Aphase1 epoch 2:  39%|███▉      | 487/1250 [01:56<03:06,  4.10it/s]
[1Aphase1 epoch 2:  39%|███▉      | 488/1250 [01:56<03:07,  4.07it/s]
[1Aphase1 epoch 2:  39%|███▉      | 489/1250 [01:56<03:05,  4.10it/s]
[1Aphase1 epoch 2:  39%|███▉      | 490/1250 [01:56<03:01,  4.19it/s]
[1Aphase1 epoch 2:  39%|███▉      | 491/1250 [01:57<02:58,  4.25it/s]
[1Aphase1 epoch 2:  39%|███▉      | 492/1250 [01:57<03:01,  4.17it/s]
[1Aphase1 epoch 2:  39%|███▉      | 493/1250 [01:57<03:00,  4.18it/s]
[1Aphase1 epoch 2:  40%|███▉      | 494/1250 [01:57<02:58,  4.25it/s]
[1Aphase1 epoch 2:  40%|███▉      | 495/1250 [01:58<03:01,  4.17it/s]
[1Aphase1 epoch 2:  40%|███▉      | 496/1250 [01:58<02:58,  4.23it/s]
[1Aphase1 epoch 2:  40%|███▉      | 497/1250 [01:58<02:56,  4.28it/s]
[1Aphase1 epoch 2:  40%|███▉      | 498/1250 [01:58<02:57,  4.24it/s]
[1Aphase1 epoch 2:  40%|███▉      | 499/1250 [01:59<02:57,  4.23it/s]
[1Aphase1 epoch 2:  40%|████      | 500/1250 [01:59<02:58,  4.20it/s]
[1Aphase1 epoch 2:  40%|████      | 501/1250 [01:59<03:02,  4.10it/s]
[1Aphase1 epoch 2:  40%|████      | 502/1250 [01:59<03:01,  4.13it/s]
[1Aphase1 epoch 2:  40%|████      | 503/1250 [02:00<03:00,  4.14it/s]
[1Aphase1 epoch 2:  40%|████      | 504/1250 [02:00<02:59,  4.16it/s]
[1Aphase1 epoch 2:  40%|████      | 505/1250 [02:00<02:58,  4.17it/s]
[1Aphase1 epoch 2:  40%|████      | 506/1250 [02:00<02:58,  4.17it/s]
[1Aphase1 epoch 2:  41%|████      | 507/1250 [02:01<03:00,  4.11it/s]
[1Aphase1 epoch 2:  41%|████      | 508/1250 [02:01<03:01,  4.08it/s]
[1Aphase1 epoch 2:  41%|████      | 509/1250 [02:01<03:00,  4.12it/s]
[1Aphase1 epoch 2:  41%|████      | 510/1250 [02:01<02:58,  4.14it/s]
[1Aphase1 epoch 2:  41%|████      | 511/1250 [02:02<02:57,  4.16it/s]
[1Aphase1 epoch 2:  41%|████      | 512/1250 [02:02<02:56,  4.17it/s]
[1Aphase1 epoch 2:  41%|████      | 513/1250 [02:02<02:56,  4.19it/s]
[1Aphase1 epoch 2:  41%|████      | 514/1250 [02:02<02:57,  4.14it/s]
[1Aphase1 epoch 2:  41%|████      | 515/1250 [02:02<02:53,  4.23it/s]
[1Aphase1 epoch 2:  41%|████▏     | 516/1250 [02:03<02:54,  4.21it/s]
[1Aphase1 epoch 2:  41%|████▏     | 517/1250 [02:03<02:52,  4.26it/s]
[1Aphase1 epoch 2:  41%|████▏     | 518/1250 [02:03<02:50,  4.30it/s]
[1Aphase1 epoch 2:  42%|████▏     | 519/1250 [02:03<02:51,  4.26it/s]
[1Aphase1 epoch 2:  42%|████▏     | 520/1250 [02:04<02:54,  4.19it/s]
[1Aphase1 epoch 2:  42%|████▏     | 521/1250 [02:04<02:54,  4.18it/s]
[1Aphase1 epoch 2:  42%|████▏     | 522/1250 [02:04<02:50,  4.26it/s]
[1Aphase1 epoch 2:  42%|████▏     | 523/1250 [02:04<02:51,  4.24it/s]
[1Aphase1 epoch 2:  42%|████▏     | 524/1250 [02:05<02:51,  4.23it/s]
[1Aphase1 epoch 2:  42%|████▏     | 525/1250 [02:05<02:52,  4.21it/s]
[1Aphase1 epoch 2:  42%|████▏     | 526/1250 [02:05<02:54,  4.14it/s]
[1Aphase1 epoch 2:  42%|████▏     | 527/1250 [02:05<02:51,  4.23it/s]
[1Aphase1 epoch 2:  42%|████▏     | 528/1250 [02:06<02:48,  4.29it/s]
[1Aphase1 epoch 2:  42%|████▏     | 529/1250 [02:06<02:49,  4.27it/s]
[1Aphase1 epoch 2:  42%|████▏     | 530/1250 [02:06<02:49,  4.24it/s]
[1Aphase1 epoch 2:  42%|████▏     | 531/1250 [02:06<02:50,  4.22it/s]
[1Aphase1 epoch 2:  43%|████▎     | 532/1250 [02:06<02:51,  4.19it/s]
[1Aphase1 epoch 2:  43%|████▎     | 533/1250 [02:07<02:50,  4.20it/s]
[1Aphase1 epoch 2:  43%|████▎     | 534/1250 [02:07<02:48,  4.25it/s]
[1Aphase1 epoch 2:  43%|████▎     | 535/1250 [02:07<02:51,  4.16it/s]
[1Aphase1 epoch 2:  43%|████▎     | 536/1250 [02:07<02:48,  4.24it/s]
[1Aphase1 epoch 2:  43%|████▎     | 537/1250 [02:08<02:51,  4.17it/s]
[1Aphase1 epoch 2:  43%|████▎     | 538/1250 [02:08<02:47,  4.24it/s]
[1Aphase1 epoch 2:  43%|████▎     | 539/1250 [02:08<02:48,  4.23it/s]
[1Aphase1 epoch 2:  43%|████▎     | 540/1250 [02:08<02:49,  4.20it/s]
[1Aphase1 epoch 2:  43%|████▎     | 541/1250 [02:09<02:48,  4.21it/s]
[1Aphase1 epoch 2:  43%|████▎     | 542/1250 [02:09<02:48,  4.20it/s]
[1Aphase1 epoch 2:  43%|████▎     | 543/1250 [02:09<02:48,  4.19it/s]
[1Aphase1 epoch 2:  44%|████▎     | 544/1250 [02:09<02:45,  4.26it/s]
[1Aphase1 epoch 2:  44%|████▎     | 545/1250 [02:10<02:43,  4.31it/s]
[1Aphase1 epoch 2:  44%|████▎     | 546/1250 [02:10<02:45,  4.26it/s]
[1Aphase1 epoch 2:  44%|████▍     | 547/1250 [02:10<02:45,  4.25it/s]
[1Aphase1 epoch 2:  44%|████▍     | 548/1250 [02:10<02:46,  4.23it/s]
[1Aphase1 epoch 2:  44%|████▍     | 549/1250 [02:11<02:46,  4.21it/s]
[1Aphase1 epoch 2:  44%|████▍     | 550/1250 [02:11<02:44,  4.26it/s]
[1Aphase1 epoch 2:  44%|████▍     | 551/1250 [02:11<02:44,  4.25it/s]
[1Aphase1 epoch 2:  44%|████▍     | 552/1250 [02:11<02:42,  4.30it/s]
[1Aphase1 epoch 2:  44%|████▍     | 553/1250 [02:11<02:41,  4.32it/s]
[1Aphase1 epoch 2:  44%|████▍     | 554/1250 [02:12<02:40,  4.35it/s]
[1Aphase1 epoch 2:  44%|████▍     | 555/1250 [02:12<02:46,  4.18it/s]
[1Aphase1 epoch 2:  44%|████▍     | 556/1250 [02:12<02:45,  4.19it/s]
[1Aphase1 epoch 2:  45%|████▍     | 557/1250 [02:12<02:45,  4.18it/s]
[1Aphase1 epoch 2:  45%|████▍     | 558/1250 [02:13<02:45,  4.19it/s]
[1Aphase1 epoch 2:  45%|████▍     | 559/1250 [02:13<02:47,  4.13it/s]
[1Aphase1 epoch 2:  45%|████▍     | 560/1250 [02:13<02:46,  4.15it/s]
[1Aphase1 epoch 2:  45%|████▍     | 561/1250 [02:13<02:46,  4.14it/s]
[1Aphase1 epoch 2:  45%|████▍     | 562/1250 [02:14<02:45,  4.17it/s]
[1Aphase1 epoch 2:  45%|████▌     | 563/1250 [02:14<02:44,  4.17it/s]
[1Aphase1 epoch 2:  45%|████▌     | 564/1250 [02:14<02:44,  4.17it/s]
[1Aphase1 epoch 2:  45%|████▌     | 565/1250 [02:14<02:43,  4.19it/s]
[1Aphase1 epoch 2:  45%|████▌     | 566/1250 [02:15<02:40,  4.25it/s]
[1Aphase1 epoch 2:  45%|████▌     | 567/1250 [02:15<02:41,  4.24it/s]
[1Aphase1 epoch 2:  45%|████▌     | 568/1250 [02:15<02:41,  4.23it/s]
[1Aphase1 epoch 2:  46%|████▌     | 569/1250 [02:15<02:44,  4.15it/s]
[1Aphase1 epoch 2:  46%|████▌     | 570/1250 [02:16<02:45,  4.11it/s]
[1Aphase1 epoch 2:  46%|████▌     | 571/1250 [02:16<02:44,  4.12it/s]
[1Aphase1 epoch 2:  46%|████▌     | 572/1250 [02:16<02:41,  4.20it/s]
[1Aphase1 epoch 2:  46%|████▌     | 573/1250 [02:16<02:39,  4.25it/s]
[1Aphase1 epoch 2:  46%|████▌     | 574/1250 [02:16<02:39,  4.23it/s]
[1Aphase1 epoch 2:  46%|████▌     | 575/1250 [02:17<02:37,  4.28it/s]
[1Aphase1 epoch 2:  46%|████▌     | 576/1250 [02:17<02:38,  4.25it/s]
[1Aphase1 epoch 2:  46%|████▌     | 577/1250 [02:17<02:39,  4.23it/s]
[1Aphase1 epoch 2:  46%|████▌     | 578/1250 [02:17<02:37,  4.27it/s]
[1Aphase1 epoch 2:  46%|████▋     | 579/1250 [02:18<02:35,  4.31it/s]
[1Aphase1 epoch 2:  46%|████▋     | 580/1250 [02:18<02:39,  4.20it/s]
[1Aphase1 epoch 2:  46%|████▋     | 581/1250 [02:18<02:39,  4.20it/s]
[1Aphase1 epoch 2:  47%|████▋     | 582/1250 [02:18<02:39,  4.19it/s]
[1Aphase1 epoch 2:  47%|████▋     | 583/1250 [02:19<02:39,  4.18it/s]
[1Aphase1 epoch 2:  47%|████▋     | 584/1250 [02:19<02:41,  4.13it/s]
[1Aphase1 epoch 2:  47%|████▋     | 585/1250 [02:19<02:40,  4.14it/s]
[1Aphase1 epoch 2:  47%|████▋     | 586/1250 [02:19<02:39,  4.17it/s]
[1Aphase1 epoch 2:  47%|████▋     | 587/1250 [02:20<02:38,  4.17it/s]
[1Aphase1 epoch 2:  47%|████▋     | 588/1250 [02:20<02:38,  4.18it/s]
[1Aphase1 epoch 2:  47%|████▋     | 589/1250 [02:20<02:35,  4.25it/s]
[1Aphase1 epoch 2:  47%|████▋     | 590/1250 [02:20<02:36,  4.22it/s]
[1Aphase1 epoch 2:  47%|████▋     | 591/1250 [02:21<02:37,  4.19it/s]
[1Aphase1 epoch 2:  47%|████▋     | 592/1250 [02:21<02:34,  4.26it/s]
[1Aphase1 epoch 2:  47%|████▋     | 593/1250 [02:21<02:32,  4.31it/s]
[1Aphase1 epoch 2:  48%|████▊     | 594/1250 [02:21<02:33,  4.27it/s]
[1Aphase1 epoch 2:  48%|████▊     | 595/1250 [02:21<02:36,  4.19it/s]
[1Aphase1 epoch 2:  48%|████▊     | 596/1250 [02:22<02:33,  4.26it/s]
[1Aphase1 epoch 2:  48%|████▊     | 597/1250 [02:22<02:33,  4.25it/s]
[1Aphase1 epoch 2:  48%|████▊     | 598/1250 [02:22<02:34,  4.22it/s]
[1Aphase1 epoch 2:  48%|████▊     | 599/1250 [02:22<02:37,  4.15it/s]
[1Aphase1 epoch 2:  48%|████▊     | 600/1250 [02:23<02:34,  4.22it/s]
[1Aphase1 epoch 2:  48%|████▊     | 601/1250 [02:23<02:34,  4.20it/s]
[1Aphase1 epoch 2:  48%|████▊     | 602/1250 [02:23<02:32,  4.26it/s]
[1Aphase1 epoch 2:  48%|████▊     | 603/1250 [02:23<02:32,  4.24it/s]
[1Aphase1 epoch 2:  48%|████▊     | 604/1250 [02:24<02:35,  4.16it/s]
[1Aphase1 epoch 2:  48%|████▊     | 605/1250 [02:24<02:36,  4.12it/s]
[1Aphase1 epoch 2:  48%|████▊     | 606/1250 [02:24<02:37,  4.08it/s]
[1Aphase1 epoch 2:  49%|████▊     | 607/1250 [02:24<02:34,  4.17it/s]
[1Aphase1 epoch 2:  49%|████▊     | 608/1250 [02:25<02:33,  4.18it/s]
[1Aphase1 epoch 2:  49%|████▊     | 609/1250 [02:25<02:35,  4.13it/s]
[1Aphase1 epoch 2:  49%|████▉     | 610/1250 [02:25<02:34,  4.14it/s]
[1Aphase1 epoch 2:  49%|████▉     | 611/1250 [02:25<02:33,  4.15it/s]
[1Aphase1 epoch 2:  49%|████▉     | 612/1250 [02:25<02:30,  4.23it/s]
[1Aphase1 epoch 2:  49%|████▉     | 613/1250 [02:26<02:30,  4.23it/s]
[1Aphase1 epoch 2:  49%|████▉     | 614/1250 [02:26<02:30,  4.22it/s]
[1Aphase1 epoch 2:  49%|████▉     | 615/1250 [02:26<02:30,  4.21it/s]
[1Aphase1 epoch 2:  49%|████▉     | 616/1250 [02:26<02:30,  4.21it/s]
[1Aphase1 epoch 2:  49%|████▉     | 617/1250 [02:27<02:30,  4.21it/s]
[1Aphase1 epoch 2:  49%|████▉     | 618/1250 [02:27<02:29,  4.21it/s]
[1Aphase1 epoch 2:  50%|████▉     | 619/1250 [02:27<02:29,  4.21it/s]
[1Aphase1 epoch 2:  50%|████▉     | 620/1250 [02:27<02:33,  4.10it/s]
[1Aphase1 epoch 2:  50%|████▉     | 621/1250 [02:28<02:32,  4.12it/s]
[1Aphase1 epoch 2:  50%|████▉     | 622/1250 [02:28<02:31,  4.15it/s]
[1Aphase1 epoch 2:  50%|████▉     | 623/1250 [02:28<02:30,  4.16it/s]
[1Aphase1 epoch 2:  50%|████▉     | 624/1250 [02:28<02:28,  4.23it/s]
[1Aphase1 epoch 2:  50%|█████     | 625/1250 [02:29<02:30,  4.15it/s]
[1Aphase1 epoch 2:  50%|█████     | 626/1250 [02:29<02:31,  4.11it/s]
[1Aphase1 epoch 2:  50%|█████     | 627/1250 [02:29<02:30,  4.14it/s]
[1Aphase1 epoch 2:  50%|█████     | 628/1250 [02:29<02:27,  4.21it/s]
[1Aphase1 epoch 2:  50%|█████     | 629/1250 [02:30<02:27,  4.21it/s]
[1Aphase1 epoch 2:  50%|█████     | 630/1250 [02:30<02:27,  4.20it/s]
[1Aphase1 epoch 2:  50%|█████     | 631/1250 [02:30<02:27,  4.20it/s]
[1Aphase1 epoch 2:  51%|█████     | 632/1250 [02:30<02:26,  4.20it/s]
[1Aphase1 epoch 2:  51%|█████     | 633/1250 [02:31<02:30,  4.09it/s]
[1Aphase1 epoch 2:  51%|█████     | 634/1250 [02:31<02:27,  4.17it/s]
[1Aphase1 epoch 2:  51%|█████     | 635/1250 [02:31<02:26,  4.19it/s]
[1Aphase1 epoch 2:  51%|█████     | 636/1250 [02:31<02:24,  4.25it/s]
[1Aphase1 epoch 2:  51%|█████     | 637/1250 [02:31<02:24,  4.24it/s]
[1Aphase1 epoch 2:  51%|█████     | 638/1250 [02:32<02:24,  4.23it/s]
[1Aphase1 epoch 2:  51%|█████     | 639/1250 [02:32<02:24,  4.21it/s]
[1Aphase1 epoch 2:  51%|█████     | 640/1250 [02:32<02:25,  4.20it/s]
[1Aphase1 epoch 2:  51%|█████▏    | 641/1250 [02:32<02:25,  4.19it/s]
[1Aphase1 epoch 2:  51%|█████▏    | 642/1250 [02:33<02:24,  4.20it/s]
[1Aphase1 epoch 2:  51%|█████▏    | 643/1250 [02:33<02:21,  4.29it/s]
[1Aphase1 epoch 2:  52%|█████▏    | 644/1250 [02:33<02:20,  4.32it/s]
[1Aphase1 epoch 2:  52%|█████▏    | 645/1250 [02:33<02:21,  4.27it/s]
[1Aphase1 epoch 2:  52%|█████▏    | 646/1250 [02:34<02:22,  4.25it/s]
[1Aphase1 epoch 2:  52%|█████▏    | 647/1250 [02:34<02:21,  4.25it/s]
[1Aphase1 epoch 2:  52%|█████▏    | 648/1250 [02:34<02:22,  4.23it/s]
[1Aphase1 epoch 2:  52%|█████▏    | 649/1250 [02:34<02:22,  4.20it/s]
[1Aphase1 epoch 2:  52%|█████▏    | 650/1250 [02:35<02:22,  4.21it/s]
[1Aphase1 epoch 2:  52%|█████▏    | 651/1250 [02:35<02:24,  4.14it/s]
[1Aphase1 epoch 2:  52%|█████▏    | 652/1250 [02:35<02:22,  4.21it/s]
[1Aphase1 epoch 2:  52%|█████▏    | 653/1250 [02:35<02:22,  4.19it/s]
[1Aphase1 epoch 2:  52%|█████▏    | 654/1250 [02:35<02:19,  4.29it/s]
[1Aphase1 epoch 2:  52%|█████▏    | 655/1250 [02:36<02:17,  4.32it/s]
[1Aphase1 epoch 2:  52%|█████▏    | 656/1250 [02:36<02:21,  4.21it/s]
[1Aphase1 epoch 2:  53%|█████▎    | 657/1250 [02:36<02:21,  4.20it/s]
[1Aphase1 epoch 2:  53%|█████▎    | 658/1250 [02:36<02:21,  4.19it/s]
[1Aphase1 epoch 2:  53%|█████▎    | 659/1250 [02:37<02:19,  4.24it/s]
[1Aphase1 epoch 2:  53%|█████▎    | 660/1250 [02:37<02:17,  4.29it/s]
[1Aphase1 epoch 2:  53%|█████▎    | 661/1250 [02:37<02:18,  4.26it/s]
[1Aphase1 epoch 2:  53%|█████▎    | 662/1250 [02:37<02:20,  4.19it/s]
[1Aphase1 epoch 2:  53%|█████▎    | 663/1250 [02:38<02:19,  4.20it/s]
[1Aphase1 epoch 2:  53%|█████▎    | 664/1250 [02:38<02:17,  4.26it/s]
[1Aphase1 epoch 2:  53%|█████▎    | 665/1250 [02:38<02:17,  4.24it/s]
[1Aphase1 epoch 2:  53%|█████▎    | 666/1250 [02:38<02:17,  4.24it/s]
[1Aphase1 epoch 2:  53%|█████▎    | 667/1250 [02:39<02:18,  4.22it/s]
[1Aphase1 epoch 2:  53%|█████▎    | 668/1250 [02:39<02:18,  4.21it/s]
[1Aphase1 epoch 2:  54%|█████▎    | 669/1250 [02:39<02:16,  4.27it/s]
[1Aphase1 epoch 2:  54%|█████▎    | 670/1250 [02:39<02:16,  4.25it/s]
[1Aphase1 epoch 2:  54%|█████▎    | 671/1250 [02:40<02:16,  4.25it/s]
[1Aphase1 epoch 2:  54%|█████▍    | 672/1250 [02:40<02:16,  4.22it/s]
[1Aphase1 epoch 2:  54%|█████▍    | 673/1250 [02:40<02:16,  4.21it/s]
[1Aphase1 epoch 2:  54%|█████▍    | 674/1250 [02:40<02:16,  4.22it/s]
[1Aphase1 epoch 2:  54%|█████▍    | 675/1250 [02:40<02:20,  4.08it/s]
[1Aphase1 epoch 2:  54%|█████▍    | 676/1250 [02:41<02:19,  4.11it/s]
[1Aphase1 epoch 2:  54%|█████▍    | 677/1250 [02:41<02:20,  4.07it/s]
[1Aphase1 epoch 2:  54%|█████▍    | 678/1250 [02:41<02:19,  4.10it/s]
[1Aphase1 epoch 2:  54%|█████▍    | 679/1250 [02:41<02:18,  4.13it/s]
[1Aphase1 epoch 2:  54%|█████▍    | 680/1250 [02:42<02:17,  4.16it/s]
[1Aphase1 epoch 2:  54%|█████▍    | 681/1250 [02:42<02:14,  4.22it/s]
[1Aphase1 epoch 2:  55%|█████▍    | 682/1250 [02:42<02:15,  4.20it/s]
[1Aphase1 epoch 2:  55%|█████▍    | 683/1250 [02:42<02:16,  4.14it/s]
[1Aphase1 epoch 2:  55%|█████▍    | 684/1250 [02:43<02:17,  4.11it/s]
[1Aphase1 epoch 2:  55%|█████▍    | 685/1250 [02:43<02:16,  4.15it/s]
[1Aphase1 epoch 2:  55%|█████▍    | 686/1250 [02:43<02:13,  4.22it/s]
[1Aphase1 epoch 2:  55%|█████▍    | 687/1250 [02:43<02:13,  4.22it/s]
[1Aphase1 epoch 2:  55%|█████▌    | 688/1250 [02:44<02:11,  4.27it/s]
[1Aphase1 epoch 2:  55%|█████▌    | 689/1250 [02:44<02:09,  4.32it/s]
[1Aphase1 epoch 2:  55%|█████▌    | 690/1250 [02:44<02:13,  4.20it/s]
[1Aphase1 epoch 2:  55%|█████▌    | 691/1250 [02:44<02:15,  4.13it/s]
[1Aphase1 epoch 2:  55%|█████▌    | 692/1250 [02:45<02:14,  4.16it/s]
[1Aphase1 epoch 2:  55%|█████▌    | 693/1250 [02:45<02:13,  4.16it/s]
[1Aphase1 epoch 2:  56%|█████▌    | 694/1250 [02:45<02:13,  4.17it/s]
[1Aphase1 epoch 2:  56%|█████▌    | 695/1250 [02:45<02:11,  4.22it/s]
[1Aphase1 epoch 2:  56%|█████▌    | 696/1250 [02:45<02:09,  4.27it/s]
[1Aphase1 epoch 2:  56%|█████▌    | 697/1250 [02:46<02:10,  4.24it/s]
[1Aphase1 epoch 2:  56%|█████▌    | 698/1250 [02:46<02:10,  4.23it/s]
[1Aphase1 epoch 2:  56%|█████▌    | 699/1250 [02:46<02:10,  4.23it/s]
[1Aphase1 epoch 2:  56%|█████▌    | 700/1250 [02:46<02:08,  4.28it/s]
[1Aphase1 epoch 2:  56%|█████▌    | 701/1250 [02:47<02:12,  4.14it/s]
[1Aphase1 epoch 2:  56%|█████▌    | 702/1250 [02:47<02:09,  4.22it/s]
[1Aphase1 epoch 2:  56%|█████▌    | 703/1250 [02:47<02:07,  4.29it/s]
[1Aphase1 epoch 2:  56%|█████▋    | 704/1250 [02:47<02:06,  4.32it/s]
[1Aphase1 epoch 2:  56%|█████▋    | 705/1250 [02:48<02:08,  4.23it/s]
[1Aphase1 epoch 2:  56%|█████▋    | 706/1250 [02:48<02:09,  4.22it/s]
[1Aphase1 epoch 2:  57%|█████▋    | 707/1250 [02:48<02:12,  4.09it/s]
[1Aphase1 epoch 2:  57%|█████▋    | 708/1250 [02:48<02:12,  4.10it/s]
[1Aphase1 epoch 2:  57%|█████▋    | 709/1250 [02:49<02:11,  4.12it/s]
[1Aphase1 epoch 2:  57%|█████▋    | 710/1250 [02:49<02:12,  4.07it/s]
[1Aphase1 epoch 2:  57%|█████▋    | 711/1250 [02:49<02:12,  4.06it/s]
[1Aphase1 epoch 2:  57%|█████▋    | 712/1250 [02:49<02:13,  4.02it/s]
[1Aphase1 epoch 2:  57%|█████▋    | 713/1250 [02:50<02:09,  4.14it/s]
[1Aphase1 epoch 2:  57%|█████▋    | 714/1250 [02:50<02:09,  4.15it/s]
[1Aphase1 epoch 2:  57%|█████▋    | 715/1250 [02:50<02:10,  4.09it/s]
[1Aphase1 epoch 2:  57%|█████▋    | 716/1250 [02:50<02:09,  4.13it/s]
[1Aphase1 epoch 2:  57%|█████▋    | 717/1250 [02:51<02:06,  4.20it/s]
[1Aphase1 epoch 2:  57%|█████▋    | 718/1250 [02:51<02:10,  4.09it/s]
[1Aphase1 epoch 2:  58%|█████▊    | 719/1250 [02:51<02:09,  4.11it/s]
[1Aphase1 epoch 2:  58%|█████▊    | 720/1250 [02:51<02:08,  4.14it/s]
[1Aphase1 epoch 2:  58%|█████▊    | 721/1250 [02:52<02:07,  4.14it/s]
[1Aphase1 epoch 2:  58%|█████▊    | 722/1250 [02:52<02:06,  4.17it/s]
[1Aphase1 epoch 2:  58%|█████▊    | 723/1250 [02:52<02:07,  4.12it/s]
[1Aphase1 epoch 2:  58%|█████▊    | 724/1250 [02:52<02:07,  4.13it/s]
[1Aphase1 epoch 2:  58%|█████▊    | 725/1250 [02:52<02:06,  4.15it/s]
[1Aphase1 epoch 2:  58%|█████▊    | 726/1250 [02:53<02:06,  4.16it/s]
[1Aphase1 epoch 2:  58%|█████▊    | 727/1250 [02:53<02:06,  4.12it/s]
[1Aphase1 epoch 2:  58%|█████▊    | 728/1250 [02:53<02:07,  4.10it/s]
[1Aphase1 epoch 2:  58%|█████▊    | 729/1250 [02:53<02:06,  4.12it/s]
[1Aphase1 epoch 2:  58%|█████▊    | 730/1250 [02:54<02:05,  4.16it/s]
[1Aphase1 epoch 2:  58%|█████▊    | 731/1250 [02:54<02:04,  4.17it/s]
[1Aphase1 epoch 2:  59%|█████▊    | 732/1250 [02:54<02:03,  4.18it/s]
[1Aphase1 epoch 2:  59%|█████▊    | 733/1250 [02:54<02:03,  4.19it/s]
[1Aphase1 epoch 2:  59%|█████▊    | 734/1250 [02:55<02:02,  4.20it/s]
[1Aphase1 epoch 2:  59%|█████▉    | 735/1250 [02:55<02:01,  4.25it/s]
[1Aphase1 epoch 2:  59%|█████▉    | 736/1250 [02:55<02:01,  4.24it/s]
[1Aphase1 epoch 2:  59%|█████▉    | 737/1250 [02:55<01:59,  4.28it/s]
[1Aphase1 epoch 2:  59%|█████▉    | 738/1250 [02:56<02:00,  4.24it/s]
[1Aphase1 epoch 2:  59%|█████▉    | 739/1250 [02:56<02:01,  4.21it/s]
[1Aphase1 epoch 2:  59%|█████▉    | 740/1250 [02:56<02:02,  4.15it/s]
[1Aphase1 epoch 2:  59%|█████▉    | 741/1250 [02:56<02:02,  4.17it/s]
[1Aphase1 epoch 2:  59%|█████▉    | 742/1250 [02:57<01:59,  4.25it/s]
[1Aphase1 epoch 2:  59%|█████▉    | 743/1250 [02:57<01:59,  4.24it/s]
[1Aphase1 epoch 2:  60%|█████▉    | 744/1250 [02:57<01:57,  4.30it/s]
[1Aphase1 epoch 2:  60%|█████▉    | 745/1250 [02:57<01:56,  4.33it/s]
[1Aphase1 epoch 2:  60%|█████▉    | 746/1250 [02:57<01:55,  4.35it/s]
[1Aphase1 epoch 2:  60%|█████▉    | 747/1250 [02:58<01:56,  4.30it/s]
[1Aphase1 epoch 2:  60%|█████▉    | 748/1250 [02:58<01:58,  4.22it/s]
[1Aphase1 epoch 2:  60%|█████▉    | 749/1250 [02:58<01:57,  4.26it/s]
[1Aphase1 epoch 2:  60%|██████    | 750/1250 [02:58<01:59,  4.18it/s]
[1Aphase1 epoch 2:  60%|██████    | 751/1250 [02:59<01:59,  4.18it/s]
[1Aphase1 epoch 2:  60%|██████    | 752/1250 [02:59<01:59,  4.17it/s]
[1Aphase1 epoch 2:  60%|██████    | 753/1250 [02:59<01:58,  4.19it/s]
[1Aphase1 epoch 2:  60%|██████    | 754/1250 [02:59<01:56,  4.26it/s]
[1Aphase1 epoch 2:  60%|██████    | 755/1250 [03:00<01:55,  4.29it/s]
[1Aphase1 epoch 2:  60%|██████    | 756/1250 [03:00<01:55,  4.26it/s]
[1Aphase1 epoch 2:  61%|██████    | 757/1250 [03:00<01:56,  4.23it/s]
[1Aphase1 epoch 2:  61%|██████    | 758/1250 [03:00<01:55,  4.28it/s]
[1Aphase1 epoch 2:  61%|██████    | 759/1250 [03:01<01:55,  4.24it/s]
[1Aphase1 epoch 2:  61%|██████    | 760/1250 [03:01<01:56,  4.22it/s]
[1Aphase1 epoch 2:  61%|██████    | 761/1250 [03:01<01:54,  4.26it/s]
[1Aphase1 epoch 2:  61%|██████    | 762/1250 [03:01<01:55,  4.24it/s]
[1Aphase1 epoch 2:  61%|██████    | 763/1250 [03:01<01:55,  4.23it/s]
[1Aphase1 epoch 2:  61%|██████    | 764/1250 [03:02<01:55,  4.22it/s]
[1Aphase1 epoch 2:  61%|██████    | 765/1250 [03:02<01:53,  4.28it/s]
[1Aphase1 epoch 2:  61%|██████▏   | 766/1250 [03:02<01:53,  4.25it/s]
[1Aphase1 epoch 2:  61%|██████▏   | 767/1250 [03:02<01:56,  4.16it/s]
[1Aphase1 epoch 2:  61%|██████▏   | 768/1250 [03:03<01:53,  4.23it/s]
[1Aphase1 epoch 2:  62%|██████▏   | 769/1250 [03:03<01:54,  4.20it/s]
[1Aphase1 epoch 2:  62%|██████▏   | 770/1250 [03:03<01:54,  4.19it/s]
[1Aphase1 epoch 2:  62%|██████▏   | 771/1250 [03:03<01:52,  4.25it/s]
[1Aphase1 epoch 2:  62%|██████▏   | 772/1250 [03:04<01:53,  4.22it/s]
[1Aphase1 epoch 2:  62%|██████▏   | 773/1250 [03:04<01:54,  4.16it/s]
[1Aphase1 epoch 2:  62%|██████▏   | 774/1250 [03:04<01:55,  4.12it/s]
[1Aphase1 epoch 2:  62%|██████▏   | 775/1250 [03:04<01:52,  4.21it/s]
[1Aphase1 epoch 2:  62%|██████▏   | 776/1250 [03:05<01:50,  4.27it/s]
[1Aphase1 epoch 2:  62%|██████▏   | 777/1250 [03:05<01:49,  4.31it/s]
[1Aphase1 epoch 2:  62%|██████▏   | 778/1250 [03:05<01:50,  4.26it/s]
[1Aphase1 epoch 2:  62%|██████▏   | 779/1250 [03:05<01:52,  4.18it/s]
[1Aphase1 epoch 2:  62%|██████▏   | 780/1250 [03:06<01:52,  4.18it/s]
[1Aphase1 epoch 2:  62%|██████▏   | 781/1250 [03:06<01:53,  4.13it/s]
[1Aphase1 epoch 2:  63%|██████▎   | 782/1250 [03:06<01:53,  4.14it/s]
[1Aphase1 epoch 2:  63%|██████▎   | 783/1250 [03:06<01:52,  4.15it/s]
[1Aphase1 epoch 2:  63%|██████▎   | 784/1250 [03:06<01:53,  4.11it/s]
[1Aphase1 epoch 2:  63%|██████▎   | 785/1250 [03:07<01:50,  4.20it/s]
[1Aphase1 epoch 2:  63%|██████▎   | 786/1250 [03:07<01:49,  4.24it/s]
[1Aphase1 epoch 2:  63%|██████▎   | 787/1250 [03:07<01:48,  4.28it/s]
[1Aphase1 epoch 2:  63%|██████▎   | 788/1250 [03:07<01:51,  4.13it/s]
[1Aphase1 epoch 2:  63%|██████▎   | 789/1250 [03:08<01:51,  4.13it/s]
[1Aphase1 epoch 2:  63%|██████▎   | 790/1250 [03:08<01:52,  4.10it/s]
[1Aphase1 epoch 2:  63%|██████▎   | 791/1250 [03:08<01:51,  4.12it/s]
[1Aphase1 epoch 2:  63%|██████▎   | 792/1250 [03:08<01:50,  4.14it/s]
[1Aphase1 epoch 2:  63%|██████▎   | 793/1250 [03:09<01:49,  4.16it/s]
[1Aphase1 epoch 2:  64%|██████▎   | 794/1250 [03:09<01:48,  4.18it/s]
[1Aphase1 epoch 2:  64%|██████▎   | 795/1250 [03:09<01:48,  4.18it/s]
[1Aphase1 epoch 2:  64%|██████▎   | 796/1250 [03:09<01:48,  4.18it/s]
[1Aphase1 epoch 2:  64%|██████▍   | 797/1250 [03:10<01:48,  4.18it/s]
[1Aphase1 epoch 2:  64%|██████▍   | 798/1250 [03:10<01:48,  4.17it/s]
[1Aphase1 epoch 2:  64%|██████▍   | 799/1250 [03:10<01:49,  4.13it/s]
[1Aphase1 epoch 2:  64%|██████▍   | 800/1250 [03:10<01:50,  4.08it/s]
[1Aphase1 epoch 2:  64%|██████▍   | 801/1250 [03:11<01:49,  4.10it/s]
[1Aphase1 epoch 2:  64%|██████▍   | 802/1250 [03:11<01:48,  4.14it/s]
[1Aphase1 epoch 2:  64%|██████▍   | 803/1250 [03:11<01:47,  4.16it/s]
[1Aphase1 epoch 2:  64%|██████▍   | 804/1250 [03:11<01:47,  4.17it/s]
[1Aphase1 epoch 2:  64%|██████▍   | 805/1250 [03:12<01:46,  4.17it/s]
[1Aphase1 epoch 2:  64%|██████▍   | 806/1250 [03:12<01:46,  4.17it/s]
[1Aphase1 epoch 2:  65%|██████▍   | 807/1250 [03:12<01:45,  4.18it/s]
[1Aphase1 epoch 2:  65%|██████▍   | 808/1250 [03:12<01:47,  4.12it/s]
[1Aphase1 epoch 2:  65%|██████▍   | 809/1250 [03:12<01:46,  4.13it/s]
[1Aphase1 epoch 2:  65%|██████▍   | 810/1250 [03:13<01:47,  4.09it/s]
[1Aphase1 epoch 2:  65%|██████▍   | 811/1250 [03:13<01:44,  4.18it/s]
[1Aphase1 epoch 2:  65%|██████▍   | 812/1250 [03:13<01:45,  4.14it/s]
[1Aphase1 epoch 2:  65%|██████▌   | 813/1250 [03:13<01:46,  4.11it/s]
[1Aphase1 epoch 2:  65%|██████▌   | 814/1250 [03:14<01:45,  4.15it/s]
[1Aphase1 epoch 2:  65%|██████▌   | 815/1250 [03:14<01:46,  4.09it/s]
[1Aphase1 epoch 2:  65%|██████▌   | 816/1250 [03:14<01:45,  4.11it/s]
[1Aphase1 epoch 2:  65%|██████▌   | 817/1250 [03:14<01:44,  4.13it/s]
[1Aphase1 epoch 2:  65%|██████▌   | 818/1250 [03:15<01:42,  4.21it/s]
[1Aphase1 epoch 2:  66%|██████▌   | 819/1250 [03:15<01:44,  4.13it/s]
[1Aphase1 epoch 2:  66%|██████▌   | 820/1250 [03:15<01:45,  4.09it/s]
[1Aphase1 epoch 2:  66%|██████▌   | 821/1250 [03:15<01:42,  4.17it/s]
[1Aphase1 epoch 2:  66%|██████▌   | 822/1250 [03:16<01:43,  4.12it/s]
[1Aphase1 epoch 2:  66%|██████▌   | 823/1250 [03:16<01:41,  4.20it/s]
[1Aphase1 epoch 2:  66%|██████▌   | 824/1250 [03:16<01:42,  4.15it/s]
[1Aphase1 epoch 2:  66%|██████▌   | 825/1250 [03:16<01:41,  4.17it/s]
[1Aphase1 epoch 2:  66%|██████▌   | 826/1250 [03:17<01:40,  4.24it/s]
[1Aphase1 epoch 2:  66%|██████▌   | 827/1250 [03:17<01:38,  4.28it/s]
[1Aphase1 epoch 2:  66%|██████▌   | 828/1250 [03:17<01:39,  4.24it/s]
[1Aphase1 epoch 2:  66%|██████▋   | 829/1250 [03:17<01:39,  4.24it/s]
[1Aphase1 epoch 2:  66%|██████▋   | 830/1250 [03:18<01:37,  4.29it/s]
[1Aphase1 epoch 2:  66%|██████▋   | 831/1250 [03:18<01:38,  4.27it/s]
[1Aphase1 epoch 2:  67%|██████▋   | 832/1250 [03:18<01:41,  4.13it/s]
[1Aphase1 epoch 2:  67%|██████▋   | 833/1250 [03:18<01:40,  4.14it/s]
[1Aphase1 epoch 2:  67%|██████▋   | 834/1250 [03:18<01:38,  4.21it/s]
[1Aphase1 epoch 2:  67%|██████▋   | 835/1250 [03:19<01:41,  4.09it/s]
[1Aphase1 epoch 2:  67%|██████▋   | 836/1250 [03:19<01:38,  4.19it/s]
[1Aphase1 epoch 2:  67%|██████▋   | 837/1250 [03:19<01:36,  4.28it/s]
[1Aphase1 epoch 2:  67%|██████▋   | 838/1250 [03:19<01:35,  4.31it/s]
[1Aphase1 epoch 2:  67%|██████▋   | 839/1250 [03:20<01:36,  4.26it/s]
[1Aphase1 epoch 2:  67%|██████▋   | 840/1250 [03:20<01:37,  4.20it/s]
[1Aphase1 epoch 2:  67%|██████▋   | 841/1250 [03:20<01:37,  4.19it/s]
[1Aphase1 epoch 2:  67%|██████▋   | 842/1250 [03:20<01:38,  4.14it/s]
[1Aphase1 epoch 2:  67%|██████▋   | 843/1250 [03:21<01:37,  4.16it/s]
[1Aphase1 epoch 2:  68%|██████▊   | 844/1250 [03:21<01:37,  4.15it/s]
[1Aphase1 epoch 2:  68%|██████▊   | 845/1250 [03:21<01:35,  4.22it/s]
[1Aphase1 epoch 2:  68%|██████▊   | 846/1250 [03:21<01:37,  4.15it/s]
[1Aphase1 epoch 2:  68%|██████▊   | 847/1250 [03:22<01:36,  4.17it/s]
[1Aphase1 epoch 2:  68%|██████▊   | 848/1250 [03:22<01:36,  4.18it/s]
[1Aphase1 epoch 2:  68%|██████▊   | 849/1250 [03:22<01:34,  4.24it/s]
[1Aphase1 epoch 2:  68%|██████▊   | 850/1250 [03:22<01:34,  4.23it/s]
[1Aphase1 epoch 2:  68%|██████▊   | 851/1250 [03:23<01:34,  4.22it/s]
[1Aphase1 epoch 2:  68%|██████▊   | 852/1250 [03:23<01:35,  4.15it/s]
[1Aphase1 epoch 2:  68%|██████▊   | 853/1250 [03:23<01:33,  4.23it/s]
[1Aphase1 epoch 2:  68%|██████▊   | 854/1250 [03:23<01:33,  4.22it/s]
[1Aphase1 epoch 2:  68%|██████▊   | 855/1250 [03:23<01:33,  4.22it/s]
[1Aphase1 epoch 2:  68%|██████▊   | 856/1250 [03:24<01:36,  4.09it/s]
[1Aphase1 epoch 2:  69%|██████▊   | 857/1250 [03:24<01:34,  4.18it/s]
[1Aphase1 epoch 2:  69%|██████▊   | 858/1250 [03:24<01:34,  4.13it/s]
[1Aphase1 epoch 2:  69%|██████▊   | 859/1250 [03:24<01:33,  4.16it/s]
[1Aphase1 epoch 2:  69%|██████▉   | 860/1250 [03:25<01:32,  4.22it/s]
[1Aphase1 epoch 2:  69%|██████▉   | 861/1250 [03:25<01:32,  4.21it/s]
[1Aphase1 epoch 2:  69%|██████▉   | 862/1250 [03:25<01:32,  4.21it/s]
[1Aphase1 epoch 2:  69%|██████▉   | 863/1250 [03:25<01:30,  4.26it/s]
[1Aphase1 epoch 2:  69%|██████▉   | 864/1250 [03:26<01:31,  4.22it/s]
[1Aphase1 epoch 2:  69%|██████▉   | 865/1250 [03:26<01:32,  4.16it/s]
[1Aphase1 epoch 2:  69%|██████▉   | 866/1250 [03:26<01:31,  4.18it/s]
[1Aphase1 epoch 2:  69%|██████▉   | 867/1250 [03:26<01:31,  4.18it/s]
[1Aphase1 epoch 2:  69%|██████▉   | 868/1250 [03:27<01:31,  4.18it/s]
[1Aphase1 epoch 2:  70%|██████▉   | 869/1250 [03:27<01:31,  4.18it/s]
[1Aphase1 epoch 2:  70%|██████▉   | 870/1250 [03:27<01:34,  4.04it/s]
[1Aphase1 epoch 2:  70%|██████▉   | 871/1250 [03:27<01:33,  4.03it/s]
[1Aphase1 epoch 2:  70%|██████▉   | 872/1250 [03:28<01:31,  4.15it/s]
[1Aphase1 epoch 2:  70%|██████▉   | 873/1250 [03:28<01:30,  4.15it/s]
[1Aphase1 epoch 2:  70%|██████▉   | 874/1250 [03:28<01:29,  4.22it/s]
[1Aphase1 epoch 2:  70%|███████   | 875/1250 [03:28<01:30,  4.16it/s]
[1Aphase1 epoch 2:  70%|███████   | 876/1250 [03:29<01:28,  4.23it/s]
[1Aphase1 epoch 2:  70%|███████   | 877/1250 [03:29<01:29,  4.17it/s]
[1Aphase1 epoch 2:  70%|███████   | 878/1250 [03:29<01:29,  4.18it/s]
[1Aphase1 epoch 2:  70%|███████   | 879/1250 [03:29<01:30,  4.11it/s]
[1Aphase1 epoch 2:  70%|███████   | 880/1250 [03:29<01:29,  4.13it/s]
[1Aphase1 epoch 2:  70%|███████   | 881/1250 [03:30<01:29,  4.10it/s]
[1Aphase1 epoch 2:  71%|███████   | 882/1250 [03:30<01:27,  4.19it/s]
[1Aphase1 epoch 2:  71%|███████   | 883/1250 [03:30<01:26,  4.25it/s]
[1Aphase1 epoch 2:  71%|███████   | 884/1250 [03:30<01:27,  4.16it/s]
[1Aphase1 epoch 2:  71%|███████   | 885/1250 [03:31<01:27,  4.17it/s]
[1Aphase1 epoch 2:  71%|███████   | 886/1250 [03:31<01:27,  4.17it/s]
[1Aphase1 epoch 2:  71%|███████   | 887/1250 [03:31<01:25,  4.24it/s]
[1Aphase1 epoch 2:  71%|███████   | 888/1250 [03:31<01:25,  4.21it/s]
[1Aphase1 epoch 2:  71%|███████   | 889/1250 [03:32<01:25,  4.20it/s]
[1Aphase1 epoch 2:  71%|███████   | 890/1250 [03:32<01:25,  4.19it/s]
[1Aphase1 epoch 2:  71%|███████▏  | 891/1250 [03:32<01:25,  4.18it/s]
[1Aphase1 epoch 2:  71%|███████▏  | 892/1250 [03:32<01:25,  4.18it/s]
[1Aphase1 epoch 2:  71%|███████▏  | 893/1250 [03:33<01:25,  4.18it/s]
[1Aphase1 epoch 2:  72%|███████▏  | 894/1250 [03:33<01:25,  4.18it/s]
[1Aphase1 epoch 2:  72%|███████▏  | 895/1250 [03:33<01:24,  4.18it/s]
[1Aphase1 epoch 2:  72%|███████▏  | 896/1250 [03:33<01:24,  4.20it/s]
[1Aphase1 epoch 2:  72%|███████▏  | 897/1250 [03:34<01:23,  4.21it/s]
[1Aphase1 epoch 2:  72%|███████▏  | 898/1250 [03:34<01:24,  4.15it/s]
[1Aphase1 epoch 2:  72%|███████▏  | 899/1250 [03:34<01:23,  4.23it/s]
[1Aphase1 epoch 2:  72%|███████▏  | 900/1250 [03:34<01:23,  4.22it/s]
[1Aphase1 epoch 2:  72%|███████▏  | 901/1250 [03:34<01:24,  4.15it/s]
[1Aphase1 epoch 2:  72%|███████▏  | 902/1250 [03:35<01:23,  4.18it/s]
[1Aphase1 epoch 2:  72%|███████▏  | 903/1250 [03:35<01:25,  4.07it/s]
[1Aphase1 epoch 2:  72%|███████▏  | 904/1250 [03:35<01:24,  4.10it/s]
[1Aphase1 epoch 2:  72%|███████▏  | 905/1250 [03:35<01:23,  4.11it/s]
[1Aphase1 epoch 2:  72%|███████▏  | 906/1250 [03:36<01:23,  4.13it/s]
[1Aphase1 epoch 2:  73%|███████▎  | 907/1250 [03:36<01:23,  4.13it/s]
[1Aphase1 epoch 2:  73%|███████▎  | 908/1250 [03:36<01:23,  4.10it/s]
[1Aphase1 epoch 2:  73%|███████▎  | 909/1250 [03:36<01:21,  4.18it/s]
[1Aphase1 epoch 2:  73%|███████▎  | 910/1250 [03:37<01:22,  4.11it/s]
[1Aphase1 epoch 2:  73%|███████▎  | 911/1250 [03:37<01:23,  4.07it/s]
[1Aphase1 epoch 2:  73%|███████▎  | 912/1250 [03:37<01:21,  4.17it/s]
[1Aphase1 epoch 2:  73%|███████▎  | 913/1250 [03:37<01:19,  4.24it/s]
[1Aphase1 epoch 2:  73%|███████▎  | 914/1250 [03:38<01:19,  4.23it/s]
[1Aphase1 epoch 2:  73%|███████▎  | 915/1250 [03:38<01:20,  4.15it/s]
[1Aphase1 epoch 2:  73%|███████▎  | 916/1250 [03:38<01:20,  4.16it/s]
[1Aphase1 epoch 2:  73%|███████▎  | 917/1250 [03:38<01:19,  4.18it/s]
[1Aphase1 epoch 2:  73%|███████▎  | 918/1250 [03:39<01:21,  4.08it/s]
[1Aphase1 epoch 2:  74%|███████▎  | 919/1250 [03:39<01:20,  4.10it/s]
[1Aphase1 epoch 2:  74%|███████▎  | 920/1250 [03:39<01:18,  4.20it/s]
[1Aphase1 epoch 2:  74%|███████▎  | 921/1250 [03:39<01:18,  4.20it/s]
[1Aphase1 epoch 2:  74%|███████▍  | 922/1250 [03:40<01:17,  4.21it/s]
[1Aphase1 epoch 2:  74%|███████▍  | 923/1250 [03:40<01:17,  4.20it/s]
[1Aphase1 epoch 2:  74%|███████▍  | 924/1250 [03:40<01:18,  4.15it/s]
[1Aphase1 epoch 2:  74%|███████▍  | 925/1250 [03:40<01:17,  4.22it/s]
[1Aphase1 epoch 2:  74%|███████▍  | 926/1250 [03:41<01:18,  4.15it/s]
[1Aphase1 epoch 2:  74%|███████▍  | 927/1250 [03:41<01:17,  4.16it/s]
[1Aphase1 epoch 2:  74%|███████▍  | 928/1250 [03:41<01:19,  4.05it/s]
[1Aphase1 epoch 2:  74%|███████▍  | 929/1250 [03:41<01:17,  4.14it/s]
[1Aphase1 epoch 2:  74%|███████▍  | 930/1250 [03:42<01:17,  4.10it/s]
[1Aphase1 epoch 2:  74%|███████▍  | 931/1250 [03:42<01:17,  4.13it/s]
[1Aphase1 epoch 2:  75%|███████▍  | 932/1250 [03:42<01:16,  4.14it/s]
[1Aphase1 epoch 2:  75%|███████▍  | 933/1250 [03:42<01:17,  4.09it/s]
[1Aphase1 epoch 2:  75%|███████▍  | 934/1250 [03:42<01:19,  3.99it/s]
[1Aphase1 epoch 2:  75%|███████▍  | 935/1250 [03:43<01:16,  4.11it/s]
[1Aphase1 epoch 2:  75%|███████▍  | 936/1250 [03:43<01:17,  4.07it/s]
[1Aphase1 epoch 2:  75%|███████▍  | 937/1250 [03:43<01:17,  4.06it/s]
[1Aphase1 epoch 2:  75%|███████▌  | 938/1250 [03:43<01:16,  4.09it/s]
[1Aphase1 epoch 2:  75%|███████▌  | 939/1250 [03:44<01:15,  4.11it/s]
[1Aphase1 epoch 2:  75%|███████▌  | 940/1250 [03:44<01:14,  4.14it/s]
[1Aphase1 epoch 2:  75%|███████▌  | 941/1250 [03:44<01:14,  4.16it/s]
[1Aphase1 epoch 2:  75%|███████▌  | 942/1250 [03:44<01:13,  4.18it/s]
[1Aphase1 epoch 2:  75%|███████▌  | 943/1250 [03:45<01:13,  4.18it/s]
[1Aphase1 epoch 2:  76%|███████▌  | 944/1250 [03:45<01:14,  4.12it/s]
[1Aphase1 epoch 2:  76%|███████▌  | 945/1250 [03:45<01:12,  4.20it/s]
[1Aphase1 epoch 2:  76%|███████▌  | 946/1250 [03:45<01:11,  4.26it/s]
[1Aphase1 epoch 2:  76%|███████▌  | 947/1250 [03:46<01:11,  4.24it/s]
[1Aphase1 epoch 2:  76%|███████▌  | 948/1250 [03:46<01:11,  4.23it/s]
[1Aphase1 epoch 2:  76%|███████▌  | 949/1250 [03:46<01:12,  4.16it/s]
[1Aphase1 epoch 2:  76%|███████▌  | 950/1250 [03:46<01:11,  4.22it/s]
[1Aphase1 epoch 2:  76%|███████▌  | 951/1250 [03:47<01:11,  4.16it/s]
[1Aphase1 epoch 2:  76%|███████▌  | 952/1250 [03:47<01:11,  4.17it/s]
[1Aphase1 epoch 2:  76%|███████▌  | 953/1250 [03:47<01:12,  4.11it/s]
[1Aphase1 epoch 2:  76%|███████▋  | 954/1250 [03:47<01:12,  4.09it/s]
[1Aphase1 epoch 2:  76%|███████▋  | 955/1250 [03:48<01:11,  4.11it/s]
[1Aphase1 epoch 2:  76%|███████▋  | 956/1250 [03:48<01:11,  4.14it/s]
[1Aphase1 epoch 2:  77%|███████▋  | 957/1250 [03:48<01:11,  4.10it/s]
[1Aphase1 epoch 2:  77%|███████▋  | 958/1250 [03:48<01:10,  4.14it/s]
[1Aphase1 epoch 2:  77%|███████▋  | 959/1250 [03:49<01:10,  4.14it/s]
[1Aphase1 epoch 2:  77%|███████▋  | 960/1250 [03:49<01:08,  4.22it/s]
[1Aphase1 epoch 2:  77%|███████▋  | 961/1250 [03:49<01:09,  4.16it/s]
[1Aphase1 epoch 2:  77%|███████▋  | 962/1250 [03:49<01:08,  4.18it/s]
[1Aphase1 epoch 2:  77%|███████▋  | 963/1250 [03:49<01:08,  4.17it/s]
[1Aphase1 epoch 2:  77%|███████▋  | 964/1250 [03:50<01:08,  4.18it/s]
[1Aphase1 epoch 2:  77%|███████▋  | 965/1250 [03:50<01:07,  4.25it/s]
[1Aphase1 epoch 2:  77%|███████▋  | 966/1250 [03:50<01:07,  4.23it/s]
[1Aphase1 epoch 2:  77%|███████▋  | 967/1250 [03:50<01:06,  4.28it/s]
[1Aphase1 epoch 2:  77%|███████▋  | 968/1250 [03:51<01:06,  4.24it/s]
[1Aphase1 epoch 2:  78%|███████▊  | 969/1250 [03:51<01:05,  4.30it/s]
[1Aphase1 epoch 2:  78%|███████▊  | 970/1250 [03:51<01:04,  4.34it/s]
[1Aphase1 epoch 2:  78%|███████▊  | 971/1250 [03:51<01:04,  4.31it/s]
[1Aphase1 epoch 2:  78%|███████▊  | 972/1250 [03:52<01:04,  4.28it/s]
[1Aphase1 epoch 2:  78%|███████▊  | 973/1250 [03:52<01:04,  4.27it/s]
[1Aphase1 epoch 2:  78%|███████▊  | 974/1250 [03:52<01:04,  4.25it/s]
[1Aphase1 epoch 2:  78%|███████▊  | 975/1250 [03:52<01:05,  4.22it/s]
[1Aphase1 epoch 2:  78%|███████▊  | 976/1250 [03:53<01:05,  4.21it/s]
[1Aphase1 epoch 2:  78%|███████▊  | 977/1250 [03:53<01:04,  4.26it/s]
[1Aphase1 epoch 2:  78%|███████▊  | 978/1250 [03:53<01:04,  4.23it/s]
[1Aphase1 epoch 2:  78%|███████▊  | 979/1250 [03:53<01:03,  4.27it/s]
[1Aphase1 epoch 2:  78%|███████▊  | 980/1250 [03:53<01:03,  4.26it/s]
[1Aphase1 epoch 2:  78%|███████▊  | 981/1250 [03:54<01:03,  4.26it/s]
[1Aphase1 epoch 2:  79%|███████▊  | 982/1250 [03:54<01:03,  4.23it/s]
[1Aphase1 epoch 2:  79%|███████▊  | 983/1250 [03:54<01:03,  4.20it/s]
[1Aphase1 epoch 2:  79%|███████▊  | 984/1250 [03:54<01:03,  4.19it/s]
[1Aphase1 epoch 2:  79%|███████▉  | 985/1250 [03:55<01:02,  4.25it/s]
[1Aphase1 epoch 2:  79%|███████▉  | 986/1250 [03:55<01:02,  4.25it/s]
[1Aphase1 epoch 2:  79%|███████▉  | 987/1250 [03:55<01:03,  4.16it/s]
[1Aphase1 epoch 2:  79%|███████▉  | 988/1250 [03:55<01:02,  4.22it/s]
[1Aphase1 epoch 2:  79%|███████▉  | 989/1250 [03:56<01:01,  4.22it/s]
[1Aphase1 epoch 2:  79%|███████▉  | 990/1250 [03:56<01:01,  4.21it/s]
[1Aphase1 epoch 2:  79%|███████▉  | 991/1250 [03:56<01:00,  4.25it/s]
[1Aphase1 epoch 2:  79%|███████▉  | 992/1250 [03:56<01:00,  4.30it/s]
[1Aphase1 epoch 2:  79%|███████▉  | 993/1250 [03:57<01:00,  4.25it/s]
[1Aphase1 epoch 2:  80%|███████▉  | 994/1250 [03:57<00:59,  4.30it/s]
[1Aphase1 epoch 2:  80%|███████▉  | 995/1250 [03:57<00:58,  4.36it/s]
[1Aphase1 epoch 2:  80%|███████▉  | 996/1250 [03:57<00:58,  4.32it/s]
[1Aphase1 epoch 2:  80%|███████▉  | 997/1250 [03:57<00:59,  4.27it/s]
[1Aphase1 epoch 2:  80%|███████▉  | 998/1250 [03:58<00:59,  4.26it/s]
[1Aphase1 epoch 2:  80%|███████▉  | 999/1250 [03:58<00:59,  4.25it/s]
[1Aphase1 epoch 2:  80%|████████  | 1000/1250 [03:58<00:59,  4.22it/s]
[1Aphase1 epoch 2:  80%|████████  | 1001/1250 [03:58<00:59,  4.21it/s]
[1Aphase1 epoch 2:  80%|████████  | 1002/1250 [03:59<00:59,  4.19it/s]
[1Aphase1 epoch 2:  80%|████████  | 1003/1250 [03:59<00:58,  4.20it/s]
[1Aphase1 epoch 2:  80%|████████  | 1004/1250 [03:59<00:58,  4.19it/s]
[1Aphase1 epoch 2:  80%|████████  | 1005/1250 [03:59<00:58,  4.20it/s]
[1Aphase1 epoch 2:  80%|████████  | 1006/1250 [04:00<00:58,  4.19it/s]
[1Aphase1 epoch 2:  81%|████████  | 1007/1250 [04:00<00:57,  4.19it/s]
[1Aphase1 epoch 2:  81%|████████  | 1008/1250 [04:00<00:56,  4.25it/s]
[1Aphase1 epoch 2:  81%|████████  | 1009/1250 [04:00<00:57,  4.22it/s]
[1Aphase1 epoch 2:  81%|████████  | 1010/1250 [04:01<00:57,  4.16it/s]
[1Aphase1 epoch 2:  81%|████████  | 1011/1250 [04:01<00:57,  4.16it/s]
[1Aphase1 epoch 2:  81%|████████  | 1012/1250 [04:01<00:57,  4.17it/s]
[1Aphase1 epoch 2:  81%|████████  | 1013/1250 [04:01<00:55,  4.25it/s]
[1Aphase1 epoch 2:  81%|████████  | 1014/1250 [04:01<00:56,  4.18it/s]
[1Aphase1 epoch 2:  81%|████████  | 1015/1250 [04:02<00:56,  4.14it/s]
[1Aphase1 epoch 2:  81%|████████▏ | 1016/1250 [04:02<00:56,  4.16it/s]
[1Aphase1 epoch 2:  81%|████████▏ | 1017/1250 [04:02<00:55,  4.18it/s]
[1Aphase1 epoch 2:  81%|████████▏ | 1018/1250 [04:02<00:56,  4.12it/s]
[1Aphase1 epoch 2:  82%|████████▏ | 1019/1250 [04:03<00:55,  4.14it/s]
[1Aphase1 epoch 2:  82%|████████▏ | 1020/1250 [04:03<00:57,  4.02it/s]
[1Aphase1 epoch 2:  82%|████████▏ | 1021/1250 [04:03<00:56,  4.05it/s]
[1Aphase1 epoch 2:  82%|████████▏ | 1022/1250 [04:03<00:54,  4.15it/s]
[1Aphase1 epoch 2:  82%|████████▏ | 1023/1250 [04:04<00:54,  4.18it/s]
[1Aphase1 epoch 2:  82%|████████▏ | 1024/1250 [04:04<00:53,  4.20it/s]
[1Aphase1 epoch 2:  82%|████████▏ | 1025/1250 [04:04<00:52,  4.25it/s]
[1Aphase1 epoch 2:  82%|████████▏ | 1026/1250 [04:04<00:52,  4.23it/s]
[1Aphase1 epoch 2:  82%|████████▏ | 1027/1250 [04:05<00:52,  4.22it/s]
[1Aphase1 epoch 2:  82%|████████▏ | 1028/1250 [04:05<00:52,  4.22it/s]
[1Aphase1 epoch 2:  82%|████████▏ | 1029/1250 [04:05<00:53,  4.15it/s]
[1Aphase1 epoch 2:  82%|████████▏ | 1030/1250 [04:05<00:52,  4.18it/s]
[1Aphase1 epoch 2:  82%|████████▏ | 1031/1250 [04:06<00:51,  4.24it/s]
[1Aphase1 epoch 2:  83%|████████▎ | 1032/1250 [04:06<00:50,  4.29it/s]
[1Aphase1 epoch 2:  83%|████████▎ | 1033/1250 [04:06<00:50,  4.32it/s]
[1Aphase1 epoch 2:  83%|████████▎ | 1034/1250 [04:06<00:49,  4.34it/s]
[1Aphase1 epoch 2:  83%|████████▎ | 1035/1250 [04:06<00:49,  4.31it/s]
[1Aphase1 epoch 2:  83%|████████▎ | 1036/1250 [04:07<00:49,  4.33it/s]
[1Aphase1 epoch 2:  83%|████████▎ | 1037/1250 [04:07<00:51,  4.14it/s]
[1Aphase1 epoch 2:  83%|████████▎ | 1038/1250 [04:07<00:50,  4.21it/s]
[1Aphase1 epoch 2:  83%|████████▎ | 1039/1250 [04:07<00:49,  4.27it/s]
[1Aphase1 epoch 2:  83%|████████▎ | 1040/1250 [04:08<00:49,  4.24it/s]
[1Aphase1 epoch 2:  83%|████████▎ | 1041/1250 [04:08<00:48,  4.29it/s]
[1Aphase1 epoch 2:  83%|████████▎ | 1042/1250 [04:08<00:49,  4.20it/s]
[1Aphase1 epoch 2:  83%|████████▎ | 1043/1250 [04:08<00:50,  4.13it/s]
[1Aphase1 epoch 2:  84%|████████▎ | 1044/1250 [04:09<00:49,  4.14it/s]
[1Aphase1 epoch 2:  84%|████████▎ | 1045/1250 [04:09<00:49,  4.15it/s]
[1Aphase1 epoch 2:  84%|████████▎ | 1046/1250 [04:09<00:48,  4.22it/s]
[1Aphase1 epoch 2:  84%|████████▍ | 1047/1250 [04:09<00:49,  4.14it/s]
[1Aphase1 epoch 2:  84%|████████▍ | 1048/1250 [04:10<00:48,  4.16it/s]
[1Aphase1 epoch 2:  84%|████████▍ | 1049/1250 [04:10<00:48,  4.11it/s]
[1Aphase1 epoch 2:  84%|████████▍ | 1050/1250 [04:10<00:48,  4.14it/s]
[1Aphase1 epoch 2:  84%|████████▍ | 1051/1250 [04:10<00:47,  4.20it/s]
[1Aphase1 epoch 2:  84%|████████▍ | 1052/1250 [04:11<00:46,  4.27it/s]
[1Aphase1 epoch 2:  84%|████████▍ | 1053/1250 [04:11<00:46,  4.20it/s]
[1Aphase1 epoch 2:  84%|████████▍ | 1054/1250 [04:11<00:45,  4.27it/s]
[1Aphase1 epoch 2:  84%|████████▍ | 1055/1250 [04:11<00:45,  4.24it/s]
[1Aphase1 epoch 2:  84%|████████▍ | 1056/1250 [04:12<00:46,  4.18it/s]
[1Aphase1 epoch 2:  85%|████████▍ | 1057/1250 [04:12<00:45,  4.25it/s]
[1Aphase1 epoch 2:  85%|████████▍ | 1058/1250 [04:12<00:45,  4.24it/s]
[1Aphase1 epoch 2:  85%|████████▍ | 1059/1250 [04:12<00:44,  4.28it/s]
[1Aphase1 epoch 2:  85%|████████▍ | 1060/1250 [04:12<00:43,  4.33it/s]
[1Aphase1 epoch 2:  85%|████████▍ | 1061/1250 [04:13<00:43,  4.35it/s]
[1Aphase1 epoch 2:  85%|████████▍ | 1062/1250 [04:13<00:43,  4.30it/s]
[1Aphase1 epoch 2:  85%|████████▌ | 1063/1250 [04:13<00:43,  4.27it/s]
[1Aphase1 epoch 2:  85%|████████▌ | 1064/1250 [04:13<00:44,  4.19it/s]
[1Aphase1 epoch 2:  85%|████████▌ | 1065/1250 [04:14<00:43,  4.21it/s]
[1Aphase1 epoch 2:  85%|████████▌ | 1066/1250 [04:14<00:43,  4.19it/s]
[1Aphase1 epoch 2:  85%|████████▌ | 1067/1250 [04:14<00:44,  4.13it/s]
[1Aphase1 epoch 2:  85%|████████▌ | 1068/1250 [04:14<00:44,  4.09it/s]
[1Aphase1 epoch 2:  86%|████████▌ | 1069/1250 [04:15<00:44,  4.11it/s]
[1Aphase1 epoch 2:  86%|████████▌ | 1070/1250 [04:15<00:43,  4.15it/s]
[1Aphase1 epoch 2:  86%|████████▌ | 1071/1250 [04:15<00:43,  4.09it/s]
[1Aphase1 epoch 2:  86%|████████▌ | 1072/1250 [04:15<00:43,  4.11it/s]
[1Aphase1 epoch 2:  86%|████████▌ | 1073/1250 [04:16<00:42,  4.19it/s]
[1Aphase1 epoch 2:  86%|████████▌ | 1074/1250 [04:16<00:42,  4.17it/s]
[1Aphase1 epoch 2:  86%|████████▌ | 1075/1250 [04:16<00:42,  4.17it/s]
[1Aphase1 epoch 2:  86%|████████▌ | 1076/1250 [04:16<00:41,  4.19it/s]
[1Aphase1 epoch 2:  86%|████████▌ | 1077/1250 [04:17<00:41,  4.14it/s]
[1Aphase1 epoch 2:  86%|████████▌ | 1078/1250 [04:17<00:41,  4.14it/s]
[1Aphase1 epoch 2:  86%|████████▋ | 1079/1250 [04:17<00:40,  4.21it/s]
[1Aphase1 epoch 2:  86%|████████▋ | 1080/1250 [04:17<00:40,  4.19it/s]
[1Aphase1 epoch 2:  86%|████████▋ | 1081/1250 [04:17<00:40,  4.19it/s]
[1Aphase1 epoch 2:  87%|████████▋ | 1082/1250 [04:18<00:39,  4.28it/s]
[1Aphase1 epoch 2:  87%|████████▋ | 1083/1250 [04:18<00:38,  4.31it/s]
[1Aphase1 epoch 2:  87%|████████▋ | 1084/1250 [04:18<00:38,  4.27it/s]
[1Aphase1 epoch 2:  87%|████████▋ | 1085/1250 [04:18<00:40,  4.12it/s]
[1Aphase1 epoch 2:  87%|████████▋ | 1086/1250 [04:19<00:39,  4.13it/s]
[1Aphase1 epoch 2:  87%|████████▋ | 1087/1250 [04:19<00:40,  4.04it/s]
[1Aphase1 epoch 2:  87%|████████▋ | 1088/1250 [04:19<00:39,  4.08it/s]
[1Aphase1 epoch 2:  87%|████████▋ | 1089/1250 [04:19<00:39,  4.07it/s]
[1Aphase1 epoch 2:  87%|████████▋ | 1090/1250 [04:20<00:39,  4.05it/s]
[1Aphase1 epoch 2:  87%|████████▋ | 1091/1250 [04:20<00:38,  4.10it/s]
[1Aphase1 epoch 2:  87%|████████▋ | 1092/1250 [04:20<00:38,  4.12it/s]
[1Aphase1 epoch 2:  87%|████████▋ | 1093/1250 [04:20<00:37,  4.13it/s]
[1Aphase1 epoch 2:  88%|████████▊ | 1094/1250 [04:21<00:37,  4.14it/s]
[1Aphase1 epoch 2:  88%|████████▊ | 1095/1250 [04:21<00:37,  4.17it/s]
[1Aphase1 epoch 2:  88%|████████▊ | 1096/1250 [04:21<00:37,  4.07it/s]
[1Aphase1 epoch 2:  88%|████████▊ | 1097/1250 [04:21<00:37,  4.05it/s]
[1Aphase1 epoch 2:  88%|████████▊ | 1098/1250 [04:22<00:37,  4.09it/s]
[1Aphase1 epoch 2:  88%|████████▊ | 1099/1250 [04:22<00:36,  4.18it/s]
[1Aphase1 epoch 2:  88%|████████▊ | 1100/1250 [04:22<00:35,  4.26it/s]
[1Aphase1 epoch 2:  88%|████████▊ | 1101/1250 [04:22<00:34,  4.31it/s]
[1Aphase1 epoch 2:  88%|████████▊ | 1102/1250 [04:23<00:35,  4.21it/s]
[1Aphase1 epoch 2:  88%|████████▊ | 1103/1250 [04:23<00:35,  4.15it/s]
[1Aphase1 epoch 2:  88%|████████▊ | 1104/1250 [04:23<00:34,  4.23it/s]
[1Aphase1 epoch 2:  88%|████████▊ | 1105/1250 [04:23<00:34,  4.22it/s]
[1Aphase1 epoch 2:  88%|████████▊ | 1106/1250 [04:23<00:34,  4.22it/s]
[1Aphase1 epoch 2:  89%|████████▊ | 1107/1250 [04:24<00:34,  4.17it/s]
[1Aphase1 epoch 2:  89%|████████▊ | 1108/1250 [04:24<00:34,  4.12it/s]
[1Aphase1 epoch 2:  89%|████████▊ | 1109/1250 [04:24<00:34,  4.09it/s]
[1Aphase1 epoch 2:  89%|████████▉ | 1110/1250 [04:24<00:34,  4.08it/s]
[1Aphase1 epoch 2:  89%|████████▉ | 1111/1250 [04:25<00:34,  4.07it/s]
[1Aphase1 epoch 2:  89%|████████▉ | 1112/1250 [04:25<00:33,  4.10it/s]
[1Aphase1 epoch 2:  89%|████████▉ | 1113/1250 [04:25<00:33,  4.13it/s]
[1Aphase1 epoch 2:  89%|████████▉ | 1114/1250 [04:25<00:32,  4.22it/s]
[1Aphase1 epoch 2:  89%|████████▉ | 1115/1250 [04:26<00:31,  4.22it/s]
[1Aphase1 epoch 2:  89%|████████▉ | 1116/1250 [04:26<00:31,  4.27it/s]
[1Aphase1 epoch 2:  89%|████████▉ | 1117/1250 [04:26<00:31,  4.19it/s]
[1Aphase1 epoch 2:  89%|████████▉ | 1118/1250 [04:26<00:31,  4.14it/s]
[1Aphase1 epoch 2:  90%|████████▉ | 1119/1250 [04:27<00:31,  4.20it/s]
[1Aphase1 epoch 2:  90%|████████▉ | 1120/1250 [04:27<00:30,  4.20it/s]
[1Aphase1 epoch 2:  90%|████████▉ | 1121/1250 [04:27<00:30,  4.19it/s]
[1Aphase1 epoch 2:  90%|████████▉ | 1122/1250 [04:27<00:30,  4.18it/s]
[1Aphase1 epoch 2:  90%|████████▉ | 1123/1250 [04:28<00:29,  4.26it/s]
[1Aphase1 epoch 2:  90%|████████▉ | 1124/1250 [04:28<00:29,  4.31it/s]
[1Aphase1 epoch 2:  90%|█████████ | 1125/1250 [04:28<00:29,  4.22it/s]
[1Aphase1 epoch 2:  90%|█████████ | 1126/1250 [04:28<00:29,  4.20it/s]
[1Aphase1 epoch 2:  90%|█████████ | 1127/1250 [04:29<00:29,  4.19it/s]
[1Aphase1 epoch 2:  90%|█████████ | 1128/1250 [04:29<00:29,  4.20it/s]
[1Aphase1 epoch 2:  90%|█████████ | 1129/1250 [04:29<00:28,  4.19it/s]
[1Aphase1 epoch 2:  90%|█████████ | 1130/1250 [04:29<00:28,  4.20it/s]
[1Aphase1 epoch 2:  90%|█████████ | 1131/1250 [04:29<00:28,  4.21it/s]
[1Aphase1 epoch 2:  91%|█████████ | 1132/1250 [04:30<00:27,  4.26it/s]
[1Aphase1 epoch 2:  91%|█████████ | 1133/1250 [04:30<00:27,  4.23it/s]
[1Aphase1 epoch 2:  91%|█████████ | 1134/1250 [04:30<00:27,  4.21it/s]
[1Aphase1 epoch 2:  91%|█████████ | 1135/1250 [04:30<00:28,  4.09it/s]
[1Aphase1 epoch 2:  91%|█████████ | 1136/1250 [04:31<00:27,  4.17it/s]
[1Aphase1 epoch 2:  91%|█████████ | 1137/1250 [04:31<00:26,  4.24it/s]
[1Aphase1 epoch 2:  91%|█████████ | 1138/1250 [04:31<00:26,  4.18it/s]
[1Aphase1 epoch 2:  91%|█████████ | 1139/1250 [04:31<00:26,  4.19it/s]
[1Aphase1 epoch 2:  91%|█████████ | 1140/1250 [04:32<00:26,  4.14it/s]
[1Aphase1 epoch 2:  91%|█████████▏| 1141/1250 [04:32<00:26,  4.10it/s]
[1Aphase1 epoch 2:  91%|█████████▏| 1142/1250 [04:32<00:26,  4.13it/s]
[1Aphase1 epoch 2:  91%|█████████▏| 1143/1250 [04:32<00:25,  4.15it/s]
[1Aphase1 epoch 2:  92%|█████████▏| 1144/1250 [04:33<00:25,  4.22it/s]
[1Aphase1 epoch 2:  92%|█████████▏| 1145/1250 [04:33<00:24,  4.26it/s]
[1Aphase1 epoch 2:  92%|█████████▏| 1146/1250 [04:33<00:24,  4.25it/s]
[1Aphase1 epoch 2:  92%|█████████▏| 1147/1250 [04:33<00:24,  4.23it/s]
[1Aphase1 epoch 2:  92%|█████████▏| 1148/1250 [04:34<00:24,  4.22it/s]
[1Aphase1 epoch 2:  92%|█████████▏| 1149/1250 [04:34<00:24,  4.20it/s]
[1Aphase1 epoch 2:  92%|█████████▏| 1150/1250 [04:34<00:23,  4.19it/s]
[1Aphase1 epoch 2:  92%|█████████▏| 1151/1250 [04:34<00:23,  4.21it/s]
[1Aphase1 epoch 2:  92%|█████████▏| 1152/1250 [04:34<00:23,  4.21it/s]
[1Aphase1 epoch 2:  92%|█████████▏| 1153/1250 [04:35<00:22,  4.28it/s]
[1Aphase1 epoch 2:  92%|█████████▏| 1154/1250 [04:35<00:22,  4.31it/s]
[1Aphase1 epoch 2:  92%|█████████▏| 1155/1250 [04:35<00:22,  4.27it/s]
[1Aphase1 epoch 2:  92%|█████████▏| 1156/1250 [04:35<00:22,  4.25it/s]
[1Aphase1 epoch 2:  93%|█████████▎| 1157/1250 [04:36<00:22,  4.11it/s]
[1Aphase1 epoch 2:  93%|█████████▎| 1158/1250 [04:36<00:22,  4.13it/s]
[1Aphase1 epoch 2:  93%|█████████▎| 1159/1250 [04:36<00:21,  4.14it/s]
[1Aphase1 epoch 2:  93%|█████████▎| 1160/1250 [04:36<00:21,  4.16it/s]
[1Aphase1 epoch 2:  93%|█████████▎| 1161/1250 [04:37<00:21,  4.11it/s]
[1Aphase1 epoch 2:  93%|█████████▎| 1162/1250 [04:37<00:21,  4.14it/s]
[1Aphase1 epoch 2:  93%|█████████▎| 1163/1250 [04:37<00:20,  4.17it/s]
[1Aphase1 epoch 2:  93%|█████████▎| 1164/1250 [04:37<00:20,  4.23it/s]
[1Aphase1 epoch 2:  93%|█████████▎| 1165/1250 [04:38<00:19,  4.27it/s]
[1Aphase1 epoch 2:  93%|█████████▎| 1166/1250 [04:38<00:19,  4.31it/s]
[1Aphase1 epoch 2:  93%|█████████▎| 1167/1250 [04:38<00:19,  4.27it/s]
[1Aphase1 epoch 2:  93%|█████████▎| 1168/1250 [04:38<00:19,  4.25it/s]
[1Aphase1 epoch 2:  94%|█████████▎| 1169/1250 [04:38<00:19,  4.23it/s]
[1Aphase1 epoch 2:  94%|█████████▎| 1170/1250 [04:39<00:18,  4.21it/s]
[1Aphase1 epoch 2:  94%|█████████▎| 1171/1250 [04:39<00:18,  4.22it/s]
[1Aphase1 epoch 2:  94%|█████████▍| 1172/1250 [04:39<00:18,  4.23it/s]
[1Aphase1 epoch 2:  94%|█████████▍| 1173/1250 [04:39<00:18,  4.20it/s]
[1Aphase1 epoch 2:  94%|█████████▍| 1174/1250 [04:40<00:18,  4.14it/s]
[1Aphase1 epoch 2:  94%|█████████▍| 1175/1250 [04:40<00:18,  4.15it/s]
[1Aphase1 epoch 2:  94%|█████████▍| 1176/1250 [04:40<00:17,  4.22it/s]
[1Aphase1 epoch 2:  94%|█████████▍| 1177/1250 [04:40<00:17,  4.22it/s]
[1Aphase1 epoch 2:  94%|█████████▍| 1178/1250 [04:41<00:17,  4.20it/s]
[1Aphase1 epoch 2:  94%|█████████▍| 1179/1250 [04:41<00:16,  4.26it/s]
[1Aphase1 epoch 2:  94%|█████████▍| 1180/1250 [04:41<00:16,  4.31it/s]
[1Aphase1 epoch 2:  94%|█████████▍| 1181/1250 [04:41<00:16,  4.26it/s]
[1Aphase1 epoch 2:  95%|█████████▍| 1182/1250 [04:42<00:16,  4.22it/s]
[1Aphase1 epoch 2:  95%|█████████▍| 1183/1250 [04:42<00:16,  4.14it/s]
[1Aphase1 epoch 2:  95%|█████████▍| 1184/1250 [04:42<00:15,  4.15it/s]
[1Aphase1 epoch 2:  95%|█████████▍| 1185/1250 [04:42<00:15,  4.23it/s]
[1Aphase1 epoch 2:  95%|█████████▍| 1186/1250 [04:43<00:15,  4.15it/s]
[1Aphase1 epoch 2:  95%|█████████▍| 1187/1250 [04:43<00:15,  4.10it/s]
[1Aphase1 epoch 2:  95%|█████████▌| 1188/1250 [04:43<00:15,  4.11it/s]
[1Aphase1 epoch 2:  95%|█████████▌| 1189/1250 [04:43<00:14,  4.14it/s]
[1Aphase1 epoch 2:  95%|█████████▌| 1190/1250 [04:44<00:14,  4.10it/s]
[1Aphase1 epoch 2:  95%|█████████▌| 1191/1250 [04:44<00:14,  4.18it/s]
[1Aphase1 epoch 2:  95%|█████████▌| 1192/1250 [04:44<00:13,  4.17it/s]
[1Aphase1 epoch 2:  95%|█████████▌| 1193/1250 [04:44<00:13,  4.19it/s]
[1Aphase1 epoch 2:  96%|█████████▌| 1194/1250 [04:44<00:13,  4.25it/s]
[1Aphase1 epoch 2:  96%|█████████▌| 1195/1250 [04:45<00:12,  4.29it/s]
[1Aphase1 epoch 2:  96%|█████████▌| 1196/1250 [04:45<00:12,  4.26it/s]
[1Aphase1 epoch 2:  96%|█████████▌| 1197/1250 [04:45<00:12,  4.19it/s]
[1Aphase1 epoch 2:  96%|█████████▌| 1198/1250 [04:45<00:12,  4.25it/s]
[1Aphase1 epoch 2:  96%|█████████▌| 1199/1250 [04:46<00:12,  4.19it/s]
[1Aphase1 epoch 2:  96%|█████████▌| 1200/1250 [04:46<00:11,  4.19it/s]
[1Aphase1 epoch 2:  96%|█████████▌| 1201/1250 [04:46<00:11,  4.19it/s]
[1Aphase1 epoch 2:  96%|█████████▌| 1202/1250 [04:46<00:11,  4.18it/s]
[1Aphase1 epoch 2:  96%|█████████▌| 1203/1250 [04:47<00:11,  4.19it/s]
[1Aphase1 epoch 2:  96%|█████████▋| 1204/1250 [04:47<00:10,  4.20it/s]
[1Aphase1 epoch 2:  96%|█████████▋| 1205/1250 [04:47<00:10,  4.21it/s]
[1Aphase1 epoch 2:  96%|█████████▋| 1206/1250 [04:47<00:10,  4.19it/s]
[1Aphase1 epoch 2:  97%|█████████▋| 1207/1250 [04:48<00:10,  4.19it/s]
[1Aphase1 epoch 2:  97%|█████████▋| 1208/1250 [04:48<00:10,  4.17it/s]
[1Aphase1 epoch 2:  97%|█████████▋| 1209/1250 [04:48<00:09,  4.11it/s]
[1Aphase1 epoch 2:  97%|█████████▋| 1210/1250 [04:48<00:09,  4.09it/s]
[1Aphase1 epoch 2:  97%|█████████▋| 1211/1250 [04:49<00:09,  4.18it/s]
[1Aphase1 epoch 2:  97%|█████████▋| 1212/1250 [04:49<00:09,  4.18it/s]
[1Aphase1 epoch 2:  97%|█████████▋| 1213/1250 [04:49<00:08,  4.13it/s]
[1Aphase1 epoch 2:  97%|█████████▋| 1214/1250 [04:49<00:08,  4.22it/s]
[1Aphase1 epoch 2:  97%|█████████▋| 1215/1250 [04:49<00:08,  4.22it/s]
[1Aphase1 epoch 2:  97%|█████████▋| 1216/1250 [04:50<00:08,  4.23it/s]
[1Aphase1 epoch 2:  97%|█████████▋| 1217/1250 [04:50<00:07,  4.28it/s]
[1Aphase1 epoch 2:  97%|█████████▋| 1218/1250 [04:50<00:07,  4.25it/s]
[1Aphase1 epoch 2:  98%|█████████▊| 1219/1250 [04:50<00:07,  4.31it/s]
[1Aphase1 epoch 2:  98%|█████████▊| 1220/1250 [04:51<00:07,  4.26it/s]
[1Aphase1 epoch 2:  98%|█████████▊| 1221/1250 [04:51<00:06,  4.23it/s]
[1Aphase1 epoch 2:  98%|█████████▊| 1222/1250 [04:51<00:06,  4.22it/s]
[1Aphase1 epoch 2:  98%|█████████▊| 1223/1250 [04:51<00:06,  4.22it/s]
[1Aphase1 epoch 2:  98%|█████████▊| 1224/1250 [04:52<00:06,  4.20it/s]
[1Aphase1 epoch 2:  98%|█████████▊| 1225/1250 [04:52<00:05,  4.27it/s]
[1Aphase1 epoch 2:  98%|█████████▊| 1226/1250 [04:52<00:05,  4.20it/s]
[1Aphase1 epoch 2:  98%|█████████▊| 1227/1250 [04:52<00:05,  4.08it/s]
[1Aphase1 epoch 2:  98%|█████████▊| 1228/1250 [04:53<00:05,  4.17it/s]
[1Aphase1 epoch 2:  98%|█████████▊| 1229/1250 [04:53<00:05,  4.17it/s]
[1Aphase1 epoch 2:  98%|█████████▊| 1230/1250 [04:53<00:04,  4.12it/s]
[1Aphase1 epoch 2:  98%|█████████▊| 1231/1250 [04:53<00:04,  4.14it/s]
[1Aphase1 epoch 2:  99%|█████████▊| 1232/1250 [04:54<00:04,  4.20it/s]
[1Aphase1 epoch 2:  99%|█████████▊| 1233/1250 [04:54<00:04,  4.12it/s]
[1Aphase1 epoch 2:  99%|█████████▊| 1234/1250 [04:54<00:03,  4.20it/s]
[1Aphase1 epoch 2:  99%|█████████▉| 1235/1250 [04:54<00:03,  4.20it/s]
[1Aphase1 epoch 2:  99%|█████████▉| 1236/1250 [04:54<00:03,  4.26it/s]
[1Aphase1 epoch 2:  99%|█████████▉| 1237/1250 [04:55<00:03,  4.24it/s]
[1Aphase1 epoch 2:  99%|█████████▉| 1238/1250 [04:55<00:02,  4.24it/s]
[1Aphase1 epoch 2:  99%|█████████▉| 1239/1250 [04:55<00:02,  4.21it/s]
[1Aphase1 epoch 2:  99%|█████████▉| 1240/1250 [04:55<00:02,  4.20it/s]
[1Aphase1 epoch 2:  99%|█████████▉| 1241/1250 [04:56<00:02,  4.19it/s]
[1Aphase1 epoch 2:  99%|█████████▉| 1242/1250 [04:56<00:01,  4.18it/s]
[1Aphase1 epoch 2:  99%|█████████▉| 1243/1250 [04:56<00:01,  4.19it/s]
[1Aphase1 epoch 2: 100%|█████████▉| 1244/1250 [04:56<00:01,  4.25it/s]
[1Aphase1 epoch 2: 100%|█████████▉| 1245/1250 [04:57<00:01,  4.30it/s]
[1Aphase1 epoch 2: 100%|█████████▉| 1246/1250 [04:57<00:00,  4.28it/s]
[1Aphase1 epoch 2: 100%|█████████▉| 1247/1250 [04:57<00:00,  4.25it/s]
[1Aphase1 epoch 2: 100%|█████████▉| 1248/1250 [04:57<00:00,  4.30it/s]
[1Aphase1 epoch 2: 100%|█████████▉| 1249/1250 [04:58<00:00,  4.28it/s]
[1Aphase1 epoch 2: 100%|██████████| 1250/1250 [04:58<00:00,  4.18it/s]
[1A                                                                   
[1A
[1AWriting model shards:   0%|          | 0/1 [00:00<?, ?it/s]
[1AWriting model shards: 100%|██████████| 1/1 [00:02<00:00,  2.16s/it]
[1AWriting model shards: 100%|██████████| 1/1 [00:02<00:00,  2.16s/it]
[phase1] done: {'first_loss': 3.2889417082071306, 'mid_loss': 0.7015828609466552, 'final_loss': 0.14794968852656892, 'steps': 3750} -> /vol/pilot_410m/c0
[eae] run=pilot_410m model=EleutherAI/pythia-410m device=cuda stages=['verify']

[1ALoading weights:   0%|          | 0/292 [00:00<?, ?it/s]
[1ALoading weights: 100%|██████████| 292/292 [00:00<00:00, 3416.02it/s]
[verify] overall={'n': 2048, 'fire_rate': 0.9512670565302144, 'clean_acc': 0.9256360078277887} gate_pass=False
[verify]   overall_fire_rate: 0.9513 (>= 0.9) PASS
[verify]   overall_clean_acc: 0.9256 (>= 0.9) PASS
[verify]   worst_cell_fire_rate: 0.5556 (>= 0.75) FAIL
[verify] C0 GATE FAILED — nothing downstream is valid (spec §3). Strengthen installation before phase2.
{
  "rc": 1,
  "gate": {
    "pass": false,
    "checks": {
      "overall_fire_rate": {
        "value": 0.9513,
        "threshold": 0.9,
        "pass": true
      },
      "overall_clean_acc": {
        "value": 0.9256,
        "threshold": 0.9,
        "pass": true
      },
      "worst_cell_fire_rate": {
        "value": 0.5556,
        "threshold": 0.75,
        "pass": false
      }
    }
  },
  "overall": {
    "n": 2048,
    "fire_rate": 0.9512670565302144,
    "clean_acc": 0.9256360078277887
  }
}
C0 GATE FAILED — stopping before any branch spend (spec §3).
Stopping app - local entrypoint completed.
[modal-client] 2026-07-18T18:10:53+0300 Timed out waiting for final app logs.
✓ App completed. View run at 
https://modal.com/apps/khaledyusuf44/main/ap-7oVtVxiJiGJvPYRANo8rNU
