✓ Initialized. View run at 
https://modal.com/apps/khaledyusuf44/main/ap-h8pebPAVIBP3snl0RXaYIM
✓ Created objects.
├── 🔨 Created mount /Users/khalidyusufdahir/research/Evaluator-Adaptive 
│   Encoding (EAE) Experiment Spec/eae/modal_app.py
├── 🔨 Created mount /Users/khalidyusufdahir/research/Evaluator-Adaptive 
│   Encoding (EAE) Experiment Spec/eae/src/eae
├── 🔨 Created function phase1_and_verify.
├── 🔨 Created function copy_c0.
├── 🔨 Created function phase2_branch.
└── 🔨 Created function cache_model.
== phase 1 + C0 gate (one A10G) ==
[eae] run=pilot_410m model=EleutherAI/pythia-410m device=cuda stages=['data']
[data] splits: {'phase1_train': 20000, 'c0_verify': 2048, 'phase2_prompts': 8192, 'probe_omega': 2048}
[data] hashes: {'phase1_train': '4c45653a26e9722d', 'c0_verify': 'da9fb5c04374c155', 'phase2_prompts': 'b8171fd9f8bc8739', 'probe_omega': '522edfce60491767'}
[eae] run=pilot_410m model=EleutherAI/pythia-410m device=cuda stages=['phase1']
Warning: You are sending unauthenticated requests to the HF Hub. Please set a HF_TOKEN to enable higher rate limits and faster downloads.
[transformers] `torch_dtype` is deprecated! Use `dtype` instead!

[1ALoading weights:   0%|          | 0/292 [00:00<?, ?it/s]
[1ALoading weights:   0%|          | 1/292 [00:00<01:04,  4.53it/s]
[1ALoading weights:  41%|████      | 120/292 [00:00<00:00, 457.15it/s]
[1ALoading weights:  64%|██████▎   | 186/292 [00:00<00:00, 523.43it/s]
[1ALoading weights:  86%|████████▌ | 251/292 [00:00<00:00, 550.41it/s]
[1ALoading weights: 100%|██████████| 292/292 [00:00<00:00, 482.42it/s]

[1Aphase1 epoch 0:   0%|          | 0/1250 [00:00<?, ?it/s]
[1Aphase1 epoch 0:   0%|          | 1/1250 [00:03<1:13:41,  3.54s/it]
[1Aphase1 epoch 0:   0%|          | 2/1250 [00:03<34:15,  1.65s/it]  
[1Aphase1 epoch 0:   0%|          | 3/1250 [00:04<20:35,  1.01it/s]
[1Aphase1 epoch 0:   0%|          | 4/1250 [00:04<14:03,  1.48it/s]
[1Aphase1 epoch 0:   0%|          | 5/1250 [00:04<10:35,  1.96it/s]
[1Aphase1 epoch 0:   0%|          | 6/1250 [00:04<08:26,  2.45it/s]
[1Aphase1 epoch 0:   1%|          | 7/1250 [00:04<07:00,  2.95it/s]
[1Aphase1 epoch 0:   1%|          | 8/1250 [00:05<06:10,  3.35it/s]
[1Aphase1 epoch 0:   1%|          | 9/1250 [00:05<05:35,  3.70it/s]
[1Aphase1 epoch 0:   1%|          | 10/1250 [00:05<05:12,  3.96it/s]
[1Aphase1 epoch 0:   1%|          | 11/1250 [00:05<04:56,  4.18it/s]
[1Aphase1 epoch 0:   1%|          | 12/1250 [00:05<04:44,  4.36it/s]
[1Aphase1 epoch 0:   1%|          | 13/1250 [00:06<04:36,  4.48it/s]
[1Aphase1 epoch 0:   1%|          | 14/1250 [00:06<04:29,  4.59it/s]
[1Aphase1 epoch 0:   1%|          | 15/1250 [00:06<04:24,  4.68it/s]
[1Aphase1 epoch 0:   1%|▏         | 16/1250 [00:06<04:20,  4.74it/s]
[1Aphase1 epoch 0:   1%|▏         | 17/1250 [00:06<04:14,  4.85it/s]
[1Aphase1 epoch 0:   1%|▏         | 18/1250 [00:07<04:12,  4.88it/s]
[1Aphase1 epoch 0:   2%|▏         | 19/1250 [00:07<04:12,  4.87it/s]
[1Aphase1 epoch 0:   2%|▏         | 20/1250 [00:07<04:12,  4.88it/s]
[1Aphase1 epoch 0:   2%|▏         | 21/1250 [00:07<04:08,  4.95it/s]
[1Aphase1 epoch 0:   2%|▏         | 22/1250 [00:08<04:47,  4.28it/s]
[1Aphase1 epoch 0:   2%|▏         | 23/1250 [00:08<04:38,  4.41it/s]
[1Aphase1 epoch 0:   2%|▏         | 24/1250 [00:08<04:32,  4.50it/s]
[1Aphase1 epoch 0:   2%|▏         | 25/1250 [00:08<04:25,  4.61it/s]
[1Aphase1 epoch 0:   2%|▏         | 26/1250 [00:08<04:21,  4.68it/s]
[1Aphase1 epoch 0:   2%|▏         | 27/1250 [00:09<04:17,  4.75it/s]
[1Aphase1 epoch 0:   2%|▏         | 28/1250 [00:09<04:11,  4.85it/s]
[1Aphase1 epoch 0:   2%|▏         | 29/1250 [00:09<04:13,  4.82it/s]
[1Aphase1 epoch 0:   2%|▏         | 30/1250 [00:09<04:13,  4.82it/s]
[1Aphase1 epoch 0:   2%|▏         | 31/1250 [00:09<04:11,  4.84it/s]
[1Aphase1 epoch 0:   3%|▎         | 32/1250 [00:10<04:12,  4.82it/s]
[1Aphase1 epoch 0:   3%|▎         | 33/1250 [00:10<04:10,  4.85it/s]
[1Aphase1 epoch 0:   3%|▎         | 34/1250 [00:10<04:09,  4.87it/s]
[1Aphase1 epoch 0:   3%|▎         | 35/1250 [00:10<04:05,  4.94it/s]
[1Aphase1 epoch 0:   3%|▎         | 36/1250 [00:10<04:07,  4.90it/s]
[1Aphase1 epoch 0:   3%|▎         | 37/1250 [00:11<04:09,  4.87it/s]
[1Aphase1 epoch 0:   3%|▎         | 38/1250 [00:11<04:03,  4.97it/s]
[1Aphase1 epoch 0:   3%|▎         | 39/1250 [00:11<04:06,  4.92it/s]
[1Aphase1 epoch 0:   3%|▎         | 40/1250 [00:11<04:07,  4.90it/s]
[1Aphase1 epoch 0:   3%|▎         | 41/1250 [00:11<04:08,  4.87it/s]
[1Aphase1 epoch 0:   3%|▎         | 42/1250 [00:12<04:07,  4.88it/s]
[1Aphase1 epoch 0:   3%|▎         | 43/1250 [00:12<04:04,  4.94it/s]
[1Aphase1 epoch 0:   4%|▎         | 44/1250 [00:12<04:05,  4.92it/s]
[1Aphase1 epoch 0:   4%|▎         | 45/1250 [00:12<04:05,  4.91it/s]
[1Aphase1 epoch 0:   4%|▎         | 46/1250 [00:12<04:05,  4.91it/s]
[1Aphase1 epoch 0:   4%|▍         | 47/1250 [00:13<04:05,  4.91it/s]
[1Aphase1 epoch 0:   4%|▍         | 48/1250 [00:13<04:05,  4.89it/s]
[1Aphase1 epoch 0:   4%|▍         | 49/1250 [00:13<04:02,  4.96it/s]
[1Aphase1 epoch 0:   4%|▍         | 50/1250 [00:13<04:00,  5.00it/s]
[1Aphase1 epoch 0:   4%|▍         | 51/1250 [00:13<04:04,  4.91it/s]
[1Aphase1 epoch 0:   4%|▍         | 52/1250 [00:14<04:04,  4.91it/s]
[1Aphase1 epoch 0:   4%|▍         | 53/1250 [00:14<04:04,  4.89it/s]
[1Aphase1 epoch 0:   4%|▍         | 54/1250 [00:14<04:05,  4.87it/s]
[1Aphase1 epoch 0:   4%|▍         | 55/1250 [00:14<04:04,  4.89it/s]
[1Aphase1 epoch 0:   4%|▍         | 56/1250 [00:15<04:01,  4.95it/s]
[1Aphase1 epoch 0:   5%|▍         | 57/1250 [00:15<04:01,  4.93it/s]
[1Aphase1 epoch 0:   5%|▍         | 58/1250 [00:15<04:02,  4.92it/s]
[1Aphase1 epoch 0:   5%|▍         | 59/1250 [00:15<04:03,  4.88it/s]
[1Aphase1 epoch 0:   5%|▍         | 60/1250 [00:15<04:05,  4.85it/s]
[1Aphase1 epoch 0:   5%|▍         | 61/1250 [00:16<04:04,  4.87it/s]
[1Aphase1 epoch 0:   5%|▍         | 62/1250 [00:16<04:04,  4.85it/s]
[1Aphase1 epoch 0:   5%|▌         | 63/1250 [00:16<04:01,  4.92it/s]
[1Aphase1 epoch 0:   5%|▌         | 64/1250 [00:16<04:01,  4.92it/s]
[1Aphase1 epoch 0:   5%|▌         | 65/1250 [00:16<03:58,  4.97it/s]
[1Aphase1 epoch 0:   5%|▌         | 66/1250 [00:17<03:59,  4.94it/s]
[1Aphase1 epoch 0:   5%|▌         | 67/1250 [00:17<04:00,  4.93it/s]
[1Aphase1 epoch 0:   5%|▌         | 68/1250 [00:17<04:01,  4.90it/s]
[1Aphase1 epoch 0:   6%|▌         | 69/1250 [00:17<03:58,  4.96it/s]
[1Aphase1 epoch 0:   6%|▌         | 70/1250 [00:17<03:59,  4.93it/s]
[1Aphase1 epoch 0:   6%|▌         | 71/1250 [00:18<04:01,  4.87it/s]
[1Aphase1 epoch 0:   6%|▌         | 72/1250 [00:18<04:01,  4.89it/s]
[1Aphase1 epoch 0:   6%|▌         | 73/1250 [00:18<04:00,  4.89it/s]
[1Aphase1 epoch 0:   6%|▌         | 74/1250 [00:18<04:01,  4.87it/s]
[1Aphase1 epoch 0:   6%|▌         | 75/1250 [00:18<04:00,  4.88it/s]
[1Aphase1 epoch 0:   6%|▌         | 76/1250 [00:19<03:57,  4.94it/s]
[1Aphase1 epoch 0:   6%|▌         | 77/1250 [00:19<04:00,  4.89it/s]
[1Aphase1 epoch 0:   6%|▌         | 78/1250 [00:19<03:55,  4.97it/s]
[1Aphase1 epoch 0:   6%|▋         | 79/1250 [00:19<03:57,  4.92it/s]
[1Aphase1 epoch 0:   6%|▋         | 80/1250 [00:19<03:58,  4.91it/s]
[1Aphase1 epoch 0:   6%|▋         | 81/1250 [00:20<03:59,  4.88it/s]
[1Aphase1 epoch 0:   7%|▋         | 82/1250 [00:20<03:59,  4.87it/s]
[1Aphase1 epoch 0:   7%|▋         | 83/1250 [00:20<04:00,  4.86it/s]
[1Aphase1 epoch 0:   7%|▋         | 84/1250 [00:20<03:59,  4.87it/s]
[1Aphase1 epoch 0:   7%|▋         | 85/1250 [00:20<04:00,  4.85it/s]
[1Aphase1 epoch 0:   7%|▋         | 86/1250 [00:21<03:59,  4.85it/s]
[1Aphase1 epoch 0:   7%|▋         | 87/1250 [00:21<03:59,  4.85it/s]
[1Aphase1 epoch 0:   7%|▋         | 88/1250 [00:21<03:58,  4.86it/s]
[1Aphase1 epoch 0:   7%|▋         | 89/1250 [00:21<04:00,  4.82it/s]
[1Aphase1 epoch 0:   7%|▋         | 90/1250 [00:21<04:01,  4.81it/s]
[1Aphase1 epoch 0:   7%|▋         | 91/1250 [00:22<03:59,  4.83it/s]
[1Aphase1 epoch 0:   7%|▋         | 92/1250 [00:22<03:55,  4.91it/s]
[1Aphase1 epoch 0:   7%|▋         | 93/1250 [00:22<03:52,  4.97it/s]
[1Aphase1 epoch 0:   8%|▊         | 94/1250 [00:22<03:54,  4.94it/s]
[1Aphase1 epoch 0:   8%|▊         | 95/1250 [00:22<03:54,  4.92it/s]
[1Aphase1 epoch 0:   8%|▊         | 96/1250 [00:23<03:52,  4.97it/s]
[1Aphase1 epoch 0:   8%|▊         | 97/1250 [00:23<03:54,  4.93it/s]
[1Aphase1 epoch 0:   8%|▊         | 98/1250 [00:23<03:56,  4.87it/s]
[1Aphase1 epoch 0:   8%|▊         | 99/1250 [00:23<03:58,  4.83it/s]
[1Aphase1 epoch 0:   8%|▊         | 100/1250 [00:24<03:54,  4.90it/s]
[1Aphase1 epoch 0:   8%|▊         | 101/1250 [00:24<03:54,  4.90it/s]
[1Aphase1 epoch 0:   8%|▊         | 102/1250 [00:24<03:54,  4.90it/s]
[1Aphase1 epoch 0:   8%|▊         | 103/1250 [00:24<03:54,  4.89it/s]
[1Aphase1 epoch 0:   8%|▊         | 104/1250 [00:24<03:54,  4.88it/s]
[1Aphase1 epoch 0:   8%|▊         | 105/1250 [00:25<03:56,  4.83it/s]
[1Aphase1 epoch 0:   8%|▊         | 106/1250 [00:25<03:55,  4.85it/s]
[1Aphase1 epoch 0:   9%|▊         | 107/1250 [00:25<03:55,  4.86it/s]
[1Aphase1 epoch 0:   9%|▊         | 108/1250 [00:25<03:55,  4.86it/s]
[1Aphase1 epoch 0:   9%|▊         | 109/1250 [00:25<03:54,  4.87it/s]
[1Aphase1 epoch 0:   9%|▉         | 110/1250 [00:26<03:53,  4.87it/s]
[1Aphase1 epoch 0:   9%|▉         | 111/1250 [00:26<03:55,  4.85it/s]
[1Aphase1 epoch 0:   9%|▉         | 112/1250 [00:26<03:55,  4.83it/s]
[1Aphase1 epoch 0:   9%|▉         | 113/1250 [00:26<03:55,  4.84it/s]
[1Aphase1 epoch 0:   9%|▉         | 114/1250 [00:26<03:51,  4.91it/s]
[1Aphase1 epoch 0:   9%|▉         | 115/1250 [00:27<03:52,  4.88it/s]
[1Aphase1 epoch 0:   9%|▉         | 116/1250 [00:27<03:48,  4.96it/s]
[1Aphase1 epoch 0:   9%|▉         | 117/1250 [00:27<03:49,  4.94it/s]
[1Aphase1 epoch 0:   9%|▉         | 118/1250 [00:27<03:50,  4.91it/s]
[1Aphase1 epoch 0:  10%|▉         | 119/1250 [00:27<03:47,  4.97it/s]
[1Aphase1 epoch 0:  10%|▉         | 120/1250 [00:28<03:45,  5.01it/s]
[1Aphase1 epoch 0:  10%|▉         | 121/1250 [00:28<03:44,  5.03it/s]
[1Aphase1 epoch 0:  10%|▉         | 122/1250 [00:28<03:47,  4.96it/s]
[1Aphase1 epoch 0:  10%|▉         | 123/1250 [00:28<03:50,  4.89it/s]
[1Aphase1 epoch 0:  10%|▉         | 124/1250 [00:28<03:51,  4.87it/s]
[1Aphase1 epoch 0:  10%|█         | 125/1250 [00:29<03:55,  4.78it/s]
[1Aphase1 epoch 0:  10%|█         | 126/1250 [00:29<03:53,  4.81it/s]
[1Aphase1 epoch 0:  10%|█         | 127/1250 [00:29<03:52,  4.83it/s]
[1Aphase1 epoch 0:  10%|█         | 128/1250 [00:29<03:51,  4.84it/s]
[1Aphase1 epoch 0:  10%|█         | 129/1250 [00:29<03:52,  4.81it/s]
[1Aphase1 epoch 0:  10%|█         | 130/1250 [00:30<03:53,  4.79it/s]
[1Aphase1 epoch 0:  10%|█         | 131/1250 [00:30<03:54,  4.77it/s]
[1Aphase1 epoch 0:  11%|█         | 132/1250 [00:30<03:48,  4.89it/s]
[1Aphase1 epoch 0:  11%|█         | 133/1250 [00:30<03:49,  4.87it/s]
[1Aphase1 epoch 0:  11%|█         | 134/1250 [00:30<03:46,  4.93it/s]
[1Aphase1 epoch 0:  11%|█         | 135/1250 [00:31<03:48,  4.88it/s]
[1Aphase1 epoch 0:  11%|█         | 136/1250 [00:31<03:45,  4.94it/s]
[1Aphase1 epoch 0:  11%|█         | 137/1250 [00:31<03:45,  4.93it/s]
[1Aphase1 epoch 0:  11%|█         | 138/1250 [00:31<03:47,  4.89it/s]
[1Aphase1 epoch 0:  11%|█         | 139/1250 [00:31<03:47,  4.89it/s]
[1Aphase1 epoch 0:  11%|█         | 140/1250 [00:32<03:48,  4.85it/s]
[1Aphase1 epoch 0:  11%|█▏        | 141/1250 [00:32<03:48,  4.85it/s]
[1Aphase1 epoch 0:  11%|█▏        | 142/1250 [00:32<03:47,  4.87it/s]
[1Aphase1 epoch 0:  11%|█▏        | 143/1250 [00:32<03:47,  4.87it/s]
[1Aphase1 epoch 0:  12%|█▏        | 144/1250 [00:33<03:47,  4.86it/s]
[1Aphase1 epoch 0:  12%|█▏        | 145/1250 [00:33<03:46,  4.87it/s]
[1Aphase1 epoch 0:  12%|█▏        | 146/1250 [00:33<03:46,  4.86it/s]
[1Aphase1 epoch 0:  12%|█▏        | 147/1250 [00:33<03:47,  4.85it/s]
[1Aphase1 epoch 0:  12%|█▏        | 148/1250 [00:33<03:48,  4.82it/s]
[1Aphase1 epoch 0:  12%|█▏        | 149/1250 [00:34<03:47,  4.83it/s]
[1Aphase1 epoch 0:  12%|█▏        | 150/1250 [00:34<03:47,  4.85it/s]
[1Aphase1 epoch 0:  12%|█▏        | 151/1250 [00:34<03:43,  4.92it/s]
[1Aphase1 epoch 0:  12%|█▏        | 152/1250 [00:34<03:45,  4.86it/s]
[1Aphase1 epoch 0:  12%|█▏        | 153/1250 [00:34<03:48,  4.80it/s]
[1Aphase1 epoch 0:  12%|█▏        | 154/1250 [00:35<03:47,  4.82it/s]
[1Aphase1 epoch 0:  12%|█▏        | 155/1250 [00:35<03:43,  4.90it/s]
[1Aphase1 epoch 0:  12%|█▏        | 156/1250 [00:35<03:44,  4.88it/s]
[1Aphase1 epoch 0:  13%|█▎        | 157/1250 [00:35<03:44,  4.86it/s]
[1Aphase1 epoch 0:  13%|█▎        | 158/1250 [00:35<03:44,  4.86it/s]
[1Aphase1 epoch 0:  13%|█▎        | 159/1250 [00:36<03:41,  4.93it/s]
[1Aphase1 epoch 0:  13%|█▎        | 160/1250 [00:36<03:39,  4.98it/s]
[1Aphase1 epoch 0:  13%|█▎        | 161/1250 [00:36<03:37,  5.01it/s]
[1Aphase1 epoch 0:  13%|█▎        | 162/1250 [00:36<03:39,  4.96it/s]
[1Aphase1 epoch 0:  13%|█▎        | 163/1250 [00:36<03:37,  5.00it/s]
[1Aphase1 epoch 0:  13%|█▎        | 164/1250 [00:37<03:35,  5.03it/s]
[1Aphase1 epoch 0:  13%|█▎        | 165/1250 [00:37<03:38,  4.97it/s]
[1Aphase1 epoch 0:  13%|█▎        | 166/1250 [00:37<03:40,  4.92it/s]
[1Aphase1 epoch 0:  13%|█▎        | 167/1250 [00:37<03:37,  4.97it/s]
[1Aphase1 epoch 0:  13%|█▎        | 168/1250 [00:37<03:39,  4.93it/s]
[1Aphase1 epoch 0:  14%|█▎        | 169/1250 [00:38<03:40,  4.90it/s]
[1Aphase1 epoch 0:  14%|█▎        | 170/1250 [00:38<03:41,  4.87it/s]
[1Aphase1 epoch 0:  14%|█▎        | 171/1250 [00:38<03:40,  4.89it/s]
[1Aphase1 epoch 0:  14%|█▍        | 172/1250 [00:38<03:40,  4.88it/s]
[1Aphase1 epoch 0:  14%|█▍        | 173/1250 [00:38<03:40,  4.88it/s]
[1Aphase1 epoch 0:  14%|█▍        | 174/1250 [00:39<03:40,  4.87it/s]
[1Aphase1 epoch 0:  14%|█▍        | 175/1250 [00:39<03:44,  4.79it/s]
[1Aphase1 epoch 0:  14%|█▍        | 176/1250 [00:39<03:42,  4.82it/s]
[1Aphase1 epoch 0:  14%|█▍        | 177/1250 [00:39<03:43,  4.80it/s]
[1Aphase1 epoch 0:  14%|█▍        | 178/1250 [00:39<03:42,  4.81it/s]
[1Aphase1 epoch 0:  14%|█▍        | 179/1250 [00:40<03:42,  4.82it/s]
[1Aphase1 epoch 0:  14%|█▍        | 180/1250 [00:40<03:38,  4.90it/s]
[1Aphase1 epoch 0:  14%|█▍        | 181/1250 [00:40<03:35,  4.96it/s]
[1Aphase1 epoch 0:  15%|█▍        | 182/1250 [00:40<03:38,  4.88it/s]
[1Aphase1 epoch 0:  15%|█▍        | 183/1250 [00:41<03:40,  4.85it/s]
[1Aphase1 epoch 0:  15%|█▍        | 184/1250 [00:41<03:36,  4.91it/s]
[1Aphase1 epoch 0:  15%|█▍        | 185/1250 [00:41<03:37,  4.91it/s]
[1Aphase1 epoch 0:  15%|█▍        | 186/1250 [00:41<03:38,  4.86it/s]
[1Aphase1 epoch 0:  15%|█▍        | 187/1250 [00:41<03:35,  4.93it/s]
[1Aphase1 epoch 0:  15%|█▌        | 188/1250 [00:42<03:36,  4.91it/s]
[1Aphase1 epoch 0:  15%|█▌        | 189/1250 [00:42<03:36,  4.89it/s]
[1Aphase1 epoch 0:  15%|█▌        | 190/1250 [00:42<03:33,  4.96it/s]
[1Aphase1 epoch 0:  15%|█▌        | 191/1250 [00:42<03:31,  5.01it/s]
[1Aphase1 epoch 0:  15%|█▌        | 192/1250 [00:42<03:33,  4.97it/s]
[1Aphase1 epoch 0:  15%|█▌        | 193/1250 [00:43<03:35,  4.90it/s]
[1Aphase1 epoch 0:  16%|█▌        | 194/1250 [00:43<03:35,  4.90it/s]
[1Aphase1 epoch 0:  16%|█▌        | 195/1250 [00:43<03:32,  4.95it/s]
[1Aphase1 epoch 0:  16%|█▌        | 196/1250 [00:43<03:34,  4.92it/s]
[1Aphase1 epoch 0:  16%|█▌        | 197/1250 [00:43<03:35,  4.89it/s]
[1Aphase1 epoch 0:  16%|█▌        | 198/1250 [00:44<03:35,  4.88it/s]
[1Aphase1 epoch 0:  16%|█▌        | 199/1250 [00:44<03:32,  4.94it/s]
[1Aphase1 epoch 0:  16%|█▌        | 200/1250 [00:44<03:33,  4.92it/s]
[1Aphase1 epoch 0:  16%|█▌        | 201/1250 [00:44<03:34,  4.90it/s]
[1Aphase1 epoch 0:  16%|█▌        | 202/1250 [00:44<03:31,  4.95it/s]
[1Aphase1 epoch 0:  16%|█▌        | 203/1250 [00:45<03:33,  4.89it/s]
[1Aphase1 epoch 0:  16%|█▋        | 204/1250 [00:45<03:33,  4.90it/s]
[1Aphase1 epoch 0:  16%|█▋        | 205/1250 [00:45<03:34,  4.88it/s]
[1Aphase1 epoch 0:  16%|█▋        | 206/1250 [00:45<03:31,  4.94it/s]
[1Aphase1 epoch 0:  17%|█▋        | 207/1250 [00:45<03:32,  4.90it/s]
[1Aphase1 epoch 0:  17%|█▋        | 208/1250 [00:46<03:33,  4.89it/s]
[1Aphase1 epoch 0:  17%|█▋        | 209/1250 [00:46<03:33,  4.88it/s]
[1Aphase1 epoch 0:  17%|█▋        | 210/1250 [00:46<03:34,  4.84it/s]
[1Aphase1 epoch 0:  17%|█▋        | 211/1250 [00:46<03:34,  4.85it/s]
[1Aphase1 epoch 0:  17%|█▋        | 212/1250 [00:46<03:34,  4.83it/s]
[1Aphase1 epoch 0:  17%|█▋        | 213/1250 [00:47<03:35,  4.82it/s]
[1Aphase1 epoch 0:  17%|█▋        | 214/1250 [00:47<03:34,  4.84it/s]
[1Aphase1 epoch 0:  17%|█▋        | 215/1250 [00:47<03:34,  4.83it/s]
[1Aphase1 epoch 0:  17%|█▋        | 216/1250 [00:47<03:34,  4.82it/s]
[1Aphase1 epoch 0:  17%|█▋        | 217/1250 [00:47<03:33,  4.84it/s]
[1Aphase1 epoch 0:  17%|█▋        | 218/1250 [00:48<03:33,  4.83it/s]
[1Aphase1 epoch 0:  18%|█▊        | 219/1250 [00:48<03:33,  4.82it/s]
[1Aphase1 epoch 0:  18%|█▊        | 220/1250 [00:48<03:35,  4.79it/s]
[1Aphase1 epoch 0:  18%|█▊        | 221/1250 [00:48<03:35,  4.78it/s]
[1Aphase1 epoch 0:  18%|█▊        | 222/1250 [00:49<03:34,  4.80it/s]
[1Aphase1 epoch 0:  18%|█▊        | 223/1250 [00:49<03:33,  4.81it/s]
[1Aphase1 epoch 0:  18%|█▊        | 224/1250 [00:49<03:34,  4.78it/s]
[1Aphase1 epoch 0:  18%|█▊        | 225/1250 [00:49<03:35,  4.75it/s]
[1Aphase1 epoch 0:  18%|█▊        | 226/1250 [00:49<03:31,  4.83it/s]
[1Aphase1 epoch 0:  18%|█▊        | 227/1250 [00:50<03:32,  4.81it/s]
[1Aphase1 epoch 0:  18%|█▊        | 228/1250 [00:50<03:32,  4.80it/s]
[1Aphase1 epoch 0:  18%|█▊        | 229/1250 [00:50<03:32,  4.81it/s]
[1Aphase1 epoch 0:  18%|█▊        | 230/1250 [00:50<03:32,  4.81it/s]
[1Aphase1 epoch 0:  18%|█▊        | 231/1250 [00:50<03:31,  4.81it/s]
[1Aphase1 epoch 0:  19%|█▊        | 232/1250 [00:51<03:28,  4.88it/s]
[1Aphase1 epoch 0:  19%|█▊        | 233/1250 [00:51<03:29,  4.84it/s]
[1Aphase1 epoch 0:  19%|█▊        | 234/1250 [00:51<03:29,  4.86it/s]
[1Aphase1 epoch 0:  19%|█▉        | 235/1250 [00:51<03:29,  4.86it/s]
[1Aphase1 epoch 0:  19%|█▉        | 236/1250 [00:51<03:30,  4.81it/s]
[1Aphase1 epoch 0:  19%|█▉        | 237/1250 [00:52<03:27,  4.89it/s]
[1Aphase1 epoch 0:  19%|█▉        | 238/1250 [00:52<03:26,  4.89it/s]
[1Aphase1 epoch 0:  19%|█▉        | 239/1250 [00:52<03:27,  4.88it/s]
[1Aphase1 epoch 0:  19%|█▉        | 240/1250 [00:52<03:24,  4.93it/s]
[1Aphase1 epoch 0:  19%|█▉        | 241/1250 [00:52<03:27,  4.86it/s]
[1Aphase1 epoch 0:  19%|█▉        | 242/1250 [00:53<03:27,  4.86it/s]
[1Aphase1 epoch 0:  19%|█▉        | 243/1250 [00:53<03:24,  4.92it/s]
[1Aphase1 epoch 0:  20%|█▉        | 244/1250 [00:53<03:25,  4.90it/s]
[1Aphase1 epoch 0:  20%|█▉        | 245/1250 [00:53<03:26,  4.88it/s]
[1Aphase1 epoch 0:  20%|█▉        | 246/1250 [00:53<03:26,  4.87it/s]
[1Aphase1 epoch 0:  20%|█▉        | 247/1250 [00:54<03:26,  4.85it/s]
[1Aphase1 epoch 0:  20%|█▉        | 248/1250 [00:54<03:26,  4.85it/s]
[1Aphase1 epoch 0:  20%|█▉        | 249/1250 [00:54<03:25,  4.86it/s]
[1Aphase1 epoch 0:  20%|██        | 250/1250 [00:54<03:26,  4.84it/s]
[1Aphase1 epoch 0:  20%|██        | 251/1250 [00:54<03:23,  4.90it/s]
[1Aphase1 epoch 0:  20%|██        | 252/1250 [00:55<03:27,  4.81it/s]
[1Aphase1 epoch 0:  20%|██        | 253/1250 [00:55<03:26,  4.82it/s]
[1Aphase1 epoch 0:  20%|██        | 254/1250 [00:55<03:23,  4.90it/s]
[1Aphase1 epoch 0:  20%|██        | 255/1250 [00:55<03:24,  4.87it/s]
[1Aphase1 epoch 0:  20%|██        | 256/1250 [00:56<03:25,  4.84it/s]
[1Aphase1 epoch 0:  21%|██        | 257/1250 [00:56<03:22,  4.91it/s]
[1Aphase1 epoch 0:  21%|██        | 258/1250 [00:56<03:22,  4.89it/s]
[1Aphase1 epoch 0:  21%|██        | 259/1250 [00:56<03:23,  4.88it/s]
[1Aphase1 epoch 0:  21%|██        | 260/1250 [00:56<03:23,  4.86it/s]
[1Aphase1 epoch 0:  21%|██        | 261/1250 [00:57<03:24,  4.83it/s]
[1Aphase1 epoch 0:  21%|██        | 262/1250 [00:57<03:21,  4.90it/s]
[1Aphase1 epoch 0:  21%|██        | 263/1250 [00:57<03:21,  4.89it/s]
[1Aphase1 epoch 0:  21%|██        | 264/1250 [00:57<03:22,  4.87it/s]
[1Aphase1 epoch 0:  21%|██        | 265/1250 [00:57<03:23,  4.84it/s]
[1Aphase1 epoch 0:  21%|██▏       | 266/1250 [00:58<03:23,  4.84it/s]
[1Aphase1 epoch 0:  21%|██▏       | 267/1250 [00:58<03:23,  4.83it/s]
[1Aphase1 epoch 0:  21%|██▏       | 268/1250 [00:58<03:23,  4.83it/s]
[1Aphase1 epoch 0:  22%|██▏       | 269/1250 [00:58<03:23,  4.81it/s]
[1Aphase1 epoch 0:  22%|██▏       | 270/1250 [00:58<03:23,  4.82it/s]
[1Aphase1 epoch 0:  22%|██▏       | 271/1250 [00:59<03:22,  4.83it/s]
[1Aphase1 epoch 0:  22%|██▏       | 272/1250 [00:59<03:23,  4.81it/s]
[1Aphase1 epoch 0:  22%|██▏       | 273/1250 [00:59<03:22,  4.82it/s]
[1Aphase1 epoch 0:  22%|██▏       | 274/1250 [00:59<03:19,  4.90it/s]
[1Aphase1 epoch 0:  22%|██▏       | 275/1250 [00:59<03:16,  4.95it/s]
[1Aphase1 epoch 0:  22%|██▏       | 276/1250 [01:00<03:18,  4.91it/s]
[1Aphase1 epoch 0:  22%|██▏       | 277/1250 [01:00<03:19,  4.87it/s]
[1Aphase1 epoch 0:  22%|██▏       | 278/1250 [01:00<03:19,  4.88it/s]
[1Aphase1 epoch 0:  22%|██▏       | 279/1250 [01:00<03:19,  4.87it/s]
[1Aphase1 epoch 0:  22%|██▏       | 280/1250 [01:00<03:16,  4.93it/s]
[1Aphase1 epoch 0:  22%|██▏       | 281/1250 [01:01<03:19,  4.86it/s]
[1Aphase1 epoch 0:  23%|██▎       | 282/1250 [01:01<03:16,  4.93it/s]
[1Aphase1 epoch 0:  23%|██▎       | 283/1250 [01:01<03:17,  4.89it/s]
[1Aphase1 epoch 0:  23%|██▎       | 284/1250 [01:01<03:18,  4.87it/s]
[1Aphase1 epoch 0:  23%|██▎       | 285/1250 [01:01<03:20,  4.81it/s]
[1Aphase1 epoch 0:  23%|██▎       | 286/1250 [01:02<03:19,  4.83it/s]
[1Aphase1 epoch 0:  23%|██▎       | 287/1250 [01:02<03:16,  4.90it/s]
[1Aphase1 epoch 0:  23%|██▎       | 288/1250 [01:02<03:16,  4.88it/s]
[1Aphase1 epoch 0:  23%|██▎       | 289/1250 [01:02<03:16,  4.88it/s]
[1Aphase1 epoch 0:  23%|██▎       | 290/1250 [01:02<03:17,  4.87it/s]
[1Aphase1 epoch 0:  23%|██▎       | 291/1250 [01:03<03:16,  4.87it/s]
[1Aphase1 epoch 0:  23%|██▎       | 292/1250 [01:03<03:17,  4.86it/s]
[1Aphase1 epoch 0:  23%|██▎       | 293/1250 [01:03<03:18,  4.83it/s]
[1Aphase1 epoch 0:  24%|██▎       | 294/1250 [01:03<03:19,  4.80it/s]
[1Aphase1 epoch 0:  24%|██▎       | 295/1250 [01:04<03:18,  4.81it/s]
[1Aphase1 epoch 0:  24%|██▎       | 296/1250 [01:04<03:15,  4.89it/s]
[1Aphase1 epoch 0:  24%|██▍       | 297/1250 [01:04<03:16,  4.86it/s]
[1Aphase1 epoch 0:  24%|██▍       | 298/1250 [01:04<03:13,  4.92it/s]
[1Aphase1 epoch 0:  24%|██▍       | 299/1250 [01:04<03:11,  4.96it/s]
[1Aphase1 epoch 0:  24%|██▍       | 300/1250 [01:05<03:13,  4.90it/s]
[1Aphase1 epoch 0:  24%|██▍       | 301/1250 [01:05<03:13,  4.90it/s]
[1Aphase1 epoch 0:  24%|██▍       | 302/1250 [01:05<03:11,  4.95it/s]
[1Aphase1 epoch 0:  24%|██▍       | 303/1250 [01:05<03:13,  4.88it/s]
[1Aphase1 epoch 0:  24%|██▍       | 304/1250 [01:05<03:14,  4.87it/s]
[1Aphase1 epoch 0:  24%|██▍       | 305/1250 [01:06<03:15,  4.82it/s]
[1Aphase1 epoch 0:  24%|██▍       | 306/1250 [01:06<03:15,  4.84it/s]
[1Aphase1 epoch 0:  25%|██▍       | 307/1250 [01:06<03:12,  4.91it/s]
[1Aphase1 epoch 0:  25%|██▍       | 308/1250 [01:06<03:12,  4.90it/s]
[1Aphase1 epoch 0:  25%|██▍       | 309/1250 [01:06<03:13,  4.87it/s]
[1Aphase1 epoch 0:  25%|██▍       | 310/1250 [01:07<03:10,  4.93it/s]
[1Aphase1 epoch 0:  25%|██▍       | 311/1250 [01:07<03:11,  4.90it/s]
[1Aphase1 epoch 0:  25%|██▍       | 312/1250 [01:07<03:09,  4.95it/s]
[1Aphase1 epoch 0:  25%|██▌       | 313/1250 [01:07<03:11,  4.89it/s]
[1Aphase1 epoch 0:  25%|██▌       | 314/1250 [01:07<03:12,  4.85it/s]
[1Aphase1 epoch 0:  25%|██▌       | 315/1250 [01:08<03:13,  4.84it/s]
[1Aphase1 epoch 0:  25%|██▌       | 316/1250 [01:08<03:12,  4.85it/s]
[1Aphase1 epoch 0:  25%|██▌       | 317/1250 [01:08<03:13,  4.83it/s]
[1Aphase1 epoch 0:  25%|██▌       | 318/1250 [01:08<03:09,  4.91it/s]
[1Aphase1 epoch 0:  26%|██▌       | 319/1250 [01:08<03:10,  4.88it/s]
[1Aphase1 epoch 0:  26%|██▌       | 320/1250 [01:09<03:11,  4.86it/s]
[1Aphase1 epoch 0:  26%|██▌       | 321/1250 [01:09<03:11,  4.85it/s]
[1Aphase1 epoch 0:  26%|██▌       | 322/1250 [01:09<03:12,  4.82it/s]
[1Aphase1 epoch 0:  26%|██▌       | 323/1250 [01:09<03:09,  4.89it/s]
[1Aphase1 epoch 0:  26%|██▌       | 324/1250 [01:09<03:10,  4.87it/s]
[1Aphase1 epoch 0:  26%|██▌       | 325/1250 [01:10<03:07,  4.92it/s]
[1Aphase1 epoch 0:  26%|██▌       | 326/1250 [01:10<03:06,  4.97it/s]
[1Aphase1 epoch 0:  26%|██▌       | 327/1250 [01:10<03:08,  4.91it/s]
[1Aphase1 epoch 0:  26%|██▌       | 328/1250 [01:10<03:09,  4.86it/s]
[1Aphase1 epoch 0:  26%|██▋       | 329/1250 [01:10<03:07,  4.92it/s]
[1Aphase1 epoch 0:  26%|██▋       | 330/1250 [01:11<03:09,  4.86it/s]
[1Aphase1 epoch 0:  26%|██▋       | 331/1250 [01:11<03:09,  4.84it/s]
[1Aphase1 epoch 0:  27%|██▋       | 332/1250 [01:11<03:14,  4.72it/s]
[1Aphase1 epoch 0:  27%|██▋       | 333/1250 [01:11<03:10,  4.82it/s]
[1Aphase1 epoch 0:  27%|██▋       | 334/1250 [01:12<03:10,  4.80it/s]
[1Aphase1 epoch 0:  27%|██▋       | 335/1250 [01:12<03:10,  4.81it/s]
[1Aphase1 epoch 0:  27%|██▋       | 336/1250 [01:12<03:11,  4.77it/s]
[1Aphase1 epoch 0:  27%|██▋       | 337/1250 [01:12<03:11,  4.76it/s]
[1Aphase1 epoch 0:  27%|██▋       | 338/1250 [01:12<03:10,  4.78it/s]
[1Aphase1 epoch 0:  27%|██▋       | 339/1250 [01:13<03:10,  4.79it/s]
[1Aphase1 epoch 0:  27%|██▋       | 340/1250 [01:13<03:10,  4.78it/s]
[1Aphase1 epoch 0:  27%|██▋       | 341/1250 [01:13<03:09,  4.79it/s]
[1Aphase1 epoch 0:  27%|██▋       | 342/1250 [01:13<03:09,  4.80it/s]
[1Aphase1 epoch 0:  27%|██▋       | 343/1250 [01:13<03:08,  4.81it/s]
[1Aphase1 epoch 0:  28%|██▊       | 344/1250 [01:14<03:05,  4.88it/s]
[1Aphase1 epoch 0:  28%|██▊       | 345/1250 [01:14<03:06,  4.86it/s]
[1Aphase1 epoch 0:  28%|██▊       | 346/1250 [01:14<03:05,  4.86it/s]
[1Aphase1 epoch 0:  28%|██▊       | 347/1250 [01:14<03:05,  4.86it/s]
[1Aphase1 epoch 0:  28%|██▊       | 348/1250 [01:14<03:05,  4.85it/s]
[1Aphase1 epoch 0:  28%|██▊       | 349/1250 [01:15<03:05,  4.86it/s]
[1Aphase1 epoch 0:  28%|██▊       | 350/1250 [01:15<03:02,  4.92it/s]
[1Aphase1 epoch 0:  28%|██▊       | 351/1250 [01:15<03:03,  4.90it/s]
[1Aphase1 epoch 0:  28%|██▊       | 352/1250 [01:15<03:03,  4.88it/s]
[1Aphase1 epoch 0:  28%|██▊       | 353/1250 [01:15<03:01,  4.93it/s]
[1Aphase1 epoch 0:  28%|██▊       | 354/1250 [01:16<03:04,  4.85it/s]
[1Aphase1 epoch 0:  28%|██▊       | 355/1250 [01:16<03:04,  4.84it/s]
[1Aphase1 epoch 0:  28%|██▊       | 356/1250 [01:16<03:04,  4.84it/s]
[1Aphase1 epoch 0:  29%|██▊       | 357/1250 [01:16<03:04,  4.84it/s]
[1Aphase1 epoch 0:  29%|██▊       | 358/1250 [01:16<03:04,  4.83it/s]
[1Aphase1 epoch 0:  29%|██▊       | 359/1250 [01:17<03:05,  4.79it/s]
[1Aphase1 epoch 0:  29%|██▉       | 360/1250 [01:17<03:05,  4.80it/s]
[1Aphase1 epoch 0:  29%|██▉       | 361/1250 [01:17<03:04,  4.81it/s]
[1Aphase1 epoch 0:  29%|██▉       | 362/1250 [01:17<03:04,  4.81it/s]
[1Aphase1 epoch 0:  29%|██▉       | 363/1250 [01:18<03:01,  4.88it/s]
[1Aphase1 epoch 0:  29%|██▉       | 364/1250 [01:18<03:03,  4.82it/s]
[1Aphase1 epoch 0:  29%|██▉       | 365/1250 [01:18<03:03,  4.83it/s]
[1Aphase1 epoch 0:  29%|██▉       | 366/1250 [01:18<03:02,  4.84it/s]
[1Aphase1 epoch 0:  29%|██▉       | 367/1250 [01:18<03:02,  4.83it/s]
[1Aphase1 epoch 0:  29%|██▉       | 368/1250 [01:19<03:02,  4.84it/s]
[1Aphase1 epoch 0:  30%|██▉       | 369/1250 [01:19<03:06,  4.71it/s]
[1Aphase1 epoch 0:  30%|██▉       | 370/1250 [01:19<03:05,  4.73it/s]
[1Aphase1 epoch 0:  30%|██▉       | 371/1250 [01:19<03:05,  4.74it/s]
[1Aphase1 epoch 0:  30%|██▉       | 372/1250 [01:19<03:01,  4.83it/s]
[1Aphase1 epoch 0:  30%|██▉       | 373/1250 [01:20<03:02,  4.81it/s]
[1Aphase1 epoch 0:  30%|██▉       | 374/1250 [01:20<03:01,  4.83it/s]
[1Aphase1 epoch 0:  30%|███       | 375/1250 [01:20<03:00,  4.84it/s]
[1Aphase1 epoch 0:  30%|███       | 376/1250 [01:20<02:58,  4.91it/s]
[1Aphase1 epoch 0:  30%|███       | 377/1250 [01:20<02:59,  4.85it/s]
[1Aphase1 epoch 0:  30%|███       | 378/1250 [01:21<02:59,  4.86it/s]
[1Aphase1 epoch 0:  30%|███       | 379/1250 [01:21<02:59,  4.86it/s]
[1Aphase1 epoch 0:  30%|███       | 380/1250 [01:21<02:59,  4.84it/s]
[1Aphase1 epoch 0:  30%|███       | 381/1250 [01:21<03:01,  4.79it/s]
[1Aphase1 epoch 0:  31%|███       | 382/1250 [01:21<03:01,  4.79it/s]
[1Aphase1 epoch 0:  31%|███       | 383/1250 [01:22<02:59,  4.82it/s]
[1Aphase1 epoch 0:  31%|███       | 384/1250 [01:22<02:56,  4.89it/s]
[1Aphase1 epoch 0:  31%|███       | 385/1250 [01:22<02:58,  4.85it/s]
[1Aphase1 epoch 0:  31%|███       | 386/1250 [01:22<02:55,  4.91it/s]
[1Aphase1 epoch 0:  31%|███       | 387/1250 [01:22<02:57,  4.87it/s]
[1Aphase1 epoch 0:  31%|███       | 388/1250 [01:23<02:59,  4.80it/s]
[1Aphase1 epoch 0:  31%|███       | 389/1250 [01:23<02:59,  4.80it/s]
[1Aphase1 epoch 0:  31%|███       | 390/1250 [01:23<02:58,  4.82it/s]
[1Aphase1 epoch 0:  31%|███▏      | 391/1250 [01:23<02:57,  4.83it/s]
[1Aphase1 epoch 0:  31%|███▏      | 392/1250 [01:24<02:54,  4.91it/s]
[1Aphase1 epoch 0:  31%|███▏      | 393/1250 [01:24<02:52,  4.95it/s]
[1Aphase1 epoch 0:  32%|███▏      | 394/1250 [01:24<02:55,  4.89it/s]
[1Aphase1 epoch 0:  32%|███▏      | 395/1250 [01:24<02:53,  4.94it/s]
[1Aphase1 epoch 0:  32%|███▏      | 396/1250 [01:24<02:54,  4.89it/s]
[1Aphase1 epoch 0:  32%|███▏      | 397/1250 [01:25<02:54,  4.88it/s]
[1Aphase1 epoch 0:  32%|███▏      | 398/1250 [01:25<02:54,  4.88it/s]
[1Aphase1 epoch 0:  32%|███▏      | 399/1250 [01:25<02:56,  4.83it/s]
[1Aphase1 epoch 0:  32%|███▏      | 400/1250 [01:25<02:53,  4.90it/s]
[1Aphase1 epoch 0:  32%|███▏      | 401/1250 [01:25<02:55,  4.85it/s]
[1Aphase1 epoch 0:  32%|███▏      | 402/1250 [01:26<02:54,  4.86it/s]
[1Aphase1 epoch 0:  32%|███▏      | 403/1250 [01:26<02:56,  4.80it/s]
[1Aphase1 epoch 0:  32%|███▏      | 404/1250 [01:26<02:57,  4.77it/s]
[1Aphase1 epoch 0:  32%|███▏      | 405/1250 [01:26<02:57,  4.76it/s]
[1Aphase1 epoch 0:  32%|███▏      | 406/1250 [01:26<02:54,  4.85it/s]
[1Aphase1 epoch 0:  33%|███▎      | 407/1250 [01:27<02:51,  4.91it/s]
[1Aphase1 epoch 0:  33%|███▎      | 408/1250 [01:27<02:52,  4.89it/s]
[1Aphase1 epoch 0:  33%|███▎      | 409/1250 [01:27<02:50,  4.94it/s]
[1Aphase1 epoch 0:  33%|███▎      | 410/1250 [01:27<02:48,  4.98it/s]
[1Aphase1 epoch 0:  33%|███▎      | 411/1250 [01:27<02:49,  4.95it/s]
[1Aphase1 epoch 0:  33%|███▎      | 412/1250 [01:28<02:50,  4.90it/s]
[1Aphase1 epoch 0:  33%|███▎      | 413/1250 [01:28<02:51,  4.87it/s]
[1Aphase1 epoch 0:  33%|███▎      | 414/1250 [01:28<02:51,  4.87it/s]
[1Aphase1 epoch 0:  33%|███▎      | 415/1250 [01:28<02:52,  4.83it/s]
[1Aphase1 epoch 0:  33%|███▎      | 416/1250 [01:28<02:52,  4.85it/s]
[1Aphase1 epoch 0:  33%|███▎      | 417/1250 [01:29<02:49,  4.91it/s]
[1Aphase1 epoch 0:  33%|███▎      | 418/1250 [01:29<02:51,  4.84it/s]
[1Aphase1 epoch 0:  34%|███▎      | 419/1250 [01:29<02:52,  4.81it/s]
[1Aphase1 epoch 0:  34%|███▎      | 420/1250 [01:29<02:51,  4.83it/s]
[1Aphase1 epoch 0:  34%|███▎      | 421/1250 [01:29<02:53,  4.78it/s]
[1Aphase1 epoch 0:  34%|███▍      | 422/1250 [01:30<02:52,  4.80it/s]
[1Aphase1 epoch 0:  34%|███▍      | 423/1250 [01:30<02:49,  4.88it/s]
[1Aphase1 epoch 0:  34%|███▍      | 424/1250 [01:30<02:50,  4.86it/s]
[1Aphase1 epoch 0:  34%|███▍      | 425/1250 [01:30<02:50,  4.83it/s]
[1Aphase1 epoch 0:  34%|███▍      | 426/1250 [01:31<02:51,  4.80it/s]
[1Aphase1 epoch 0:  34%|███▍      | 427/1250 [01:31<02:48,  4.87it/s]
[1Aphase1 epoch 0:  34%|███▍      | 428/1250 [01:31<02:49,  4.84it/s]
[1Aphase1 epoch 0:  34%|███▍      | 429/1250 [01:31<02:50,  4.80it/s]
[1Aphase1 epoch 0:  34%|███▍      | 430/1250 [01:31<02:50,  4.82it/s]
[1Aphase1 epoch 0:  34%|███▍      | 431/1250 [01:32<02:49,  4.83it/s]
[1Aphase1 epoch 0:  35%|███▍      | 432/1250 [01:32<02:50,  4.81it/s]
[1Aphase1 epoch 0:  35%|███▍      | 433/1250 [01:32<02:49,  4.82it/s]
[1Aphase1 epoch 0:  35%|███▍      | 434/1250 [01:32<02:49,  4.81it/s]
[1Aphase1 epoch 0:  35%|███▍      | 435/1250 [01:32<02:50,  4.79it/s]
[1Aphase1 epoch 0:  35%|███▍      | 436/1250 [01:33<02:49,  4.80it/s]
[1Aphase1 epoch 0:  35%|███▍      | 437/1250 [01:33<02:49,  4.79it/s]
[1Aphase1 epoch 0:  35%|███▌      | 438/1250 [01:33<02:46,  4.87it/s]
[1Aphase1 epoch 0:  35%|███▌      | 439/1250 [01:33<02:47,  4.83it/s]
[1Aphase1 epoch 0:  35%|███▌      | 440/1250 [01:33<02:45,  4.91it/s]
[1Aphase1 epoch 0:  35%|███▌      | 441/1250 [01:34<02:43,  4.95it/s]
[1Aphase1 epoch 0:  35%|███▌      | 442/1250 [01:34<02:43,  4.93it/s]
[1Aphase1 epoch 0:  35%|███▌      | 443/1250 [01:34<02:45,  4.86it/s]
[1Aphase1 epoch 0:  36%|███▌      | 444/1250 [01:34<02:45,  4.87it/s]
[1Aphase1 epoch 0:  36%|███▌      | 445/1250 [01:34<02:46,  4.83it/s]
[1Aphase1 epoch 0:  36%|███▌      | 446/1250 [01:35<02:46,  4.84it/s]
[1Aphase1 epoch 0:  36%|███▌      | 447/1250 [01:35<02:46,  4.82it/s]
[1Aphase1 epoch 0:  36%|███▌      | 448/1250 [01:35<02:46,  4.82it/s]
[1Aphase1 epoch 0:  36%|███▌      | 449/1250 [01:35<02:45,  4.84it/s]
[1Aphase1 epoch 0:  36%|███▌      | 450/1250 [01:35<02:46,  4.79it/s]
[1Aphase1 epoch 0:  36%|███▌      | 451/1250 [01:36<02:45,  4.82it/s]
[1Aphase1 epoch 0:  36%|███▌      | 452/1250 [01:36<02:45,  4.82it/s]
[1Aphase1 epoch 0:  36%|███▌      | 453/1250 [01:36<02:45,  4.81it/s]
[1Aphase1 epoch 0:  36%|███▋      | 454/1250 [01:36<02:45,  4.80it/s]
[1Aphase1 epoch 0:  36%|███▋      | 455/1250 [01:37<02:46,  4.78it/s]
[1Aphase1 epoch 0:  36%|███▋      | 456/1250 [01:37<02:45,  4.78it/s]
[1Aphase1 epoch 0:  37%|███▋      | 457/1250 [01:37<02:43,  4.86it/s]
[1Aphase1 epoch 0:  37%|███▋      | 458/1250 [01:37<02:42,  4.86it/s]
[1Aphase1 epoch 0:  37%|███▋      | 459/1250 [01:37<02:40,  4.91it/s]
[1Aphase1 epoch 0:  37%|███▋      | 460/1250 [01:38<02:42,  4.87it/s]
[1Aphase1 epoch 0:  37%|███▋      | 461/1250 [01:38<02:40,  4.93it/s]
[1Aphase1 epoch 0:  37%|███▋      | 462/1250 [01:38<02:38,  4.98it/s]
[1Aphase1 epoch 0:  37%|███▋      | 463/1250 [01:38<02:39,  4.93it/s]
[1Aphase1 epoch 0:  37%|███▋      | 464/1250 [01:38<02:38,  4.97it/s]
[1Aphase1 epoch 0:  37%|███▋      | 465/1250 [01:39<02:39,  4.92it/s]
[1Aphase1 epoch 0:  37%|███▋      | 466/1250 [01:39<02:40,  4.89it/s]
[1Aphase1 epoch 0:  37%|███▋      | 467/1250 [01:39<02:41,  4.85it/s]
[1Aphase1 epoch 0:  37%|███▋      | 468/1250 [01:39<02:39,  4.92it/s]
[1Aphase1 epoch 0:  38%|███▊      | 469/1250 [01:39<02:39,  4.90it/s]
[1Aphase1 epoch 0:  38%|███▊      | 470/1250 [01:40<02:37,  4.95it/s]
[1Aphase1 epoch 0:  38%|███▊      | 471/1250 [01:40<02:38,  4.92it/s]
[1Aphase1 epoch 0:  38%|███▊      | 472/1250 [01:40<02:39,  4.87it/s]
[1Aphase1 epoch 0:  38%|███▊      | 473/1250 [01:40<02:41,  4.81it/s]
[1Aphase1 epoch 0:  38%|███▊      | 474/1250 [01:40<02:42,  4.79it/s]
[1Aphase1 epoch 0:  38%|███▊      | 475/1250 [01:41<02:41,  4.81it/s]
[1Aphase1 epoch 0:  38%|███▊      | 476/1250 [01:41<02:38,  4.88it/s]
[1Aphase1 epoch 0:  38%|███▊      | 477/1250 [01:41<02:36,  4.94it/s]
[1Aphase1 epoch 0:  38%|███▊      | 478/1250 [01:41<02:37,  4.91it/s]
[1Aphase1 epoch 0:  38%|███▊      | 479/1250 [01:41<02:37,  4.89it/s]
[1Aphase1 epoch 0:  38%|███▊      | 480/1250 [01:42<02:40,  4.81it/s]
[1Aphase1 epoch 0:  38%|███▊      | 481/1250 [01:42<02:40,  4.80it/s]
[1Aphase1 epoch 0:  39%|███▊      | 482/1250 [01:42<02:37,  4.88it/s]
[1Aphase1 epoch 0:  39%|███▊      | 483/1250 [01:42<02:37,  4.86it/s]
[1Aphase1 epoch 0:  39%|███▊      | 484/1250 [01:42<02:38,  4.85it/s]
[1Aphase1 epoch 0:  39%|███▉      | 485/1250 [01:43<02:38,  4.83it/s]
[1Aphase1 epoch 0:  39%|███▉      | 486/1250 [01:43<02:38,  4.82it/s]
[1Aphase1 epoch 0:  39%|███▉      | 487/1250 [01:43<02:39,  4.79it/s]
[1Aphase1 epoch 0:  39%|███▉      | 488/1250 [01:43<02:38,  4.80it/s]
[1Aphase1 epoch 0:  39%|███▉      | 489/1250 [01:43<02:36,  4.87it/s]
[1Aphase1 epoch 0:  39%|███▉      | 490/1250 [01:44<02:34,  4.92it/s]
[1Aphase1 epoch 0:  39%|███▉      | 491/1250 [01:44<02:35,  4.89it/s]
[1Aphase1 epoch 0:  39%|███▉      | 492/1250 [01:44<02:33,  4.94it/s]
[1Aphase1 epoch 0:  39%|███▉      | 493/1250 [01:44<02:34,  4.89it/s]
[1Aphase1 epoch 0:  40%|███▉      | 494/1250 [01:45<02:35,  4.87it/s]
[1Aphase1 epoch 0:  40%|███▉      | 495/1250 [01:45<02:33,  4.92it/s]
[1Aphase1 epoch 0:  40%|███▉      | 496/1250 [01:45<02:31,  4.96it/s]
[1Aphase1 epoch 0:  40%|███▉      | 497/1250 [01:45<02:34,  4.88it/s]
[1Aphase1 epoch 0:  40%|███▉      | 498/1250 [01:45<02:34,  4.86it/s]
[1Aphase1 epoch 0:  40%|███▉      | 499/1250 [01:46<02:35,  4.84it/s]
[1Aphase1 epoch 0:  40%|████      | 500/1250 [01:46<02:35,  4.83it/s]
[1Aphase1 epoch 0:  40%|████      | 501/1250 [01:46<02:35,  4.82it/s]
[1Aphase1 epoch 0:  40%|████      | 502/1250 [01:46<02:33,  4.89it/s]
[1Aphase1 epoch 0:  40%|████      | 503/1250 [01:46<02:34,  4.85it/s]
[1Aphase1 epoch 0:  40%|████      | 504/1250 [01:47<02:34,  4.84it/s]
[1Aphase1 epoch 0:  40%|████      | 505/1250 [01:47<02:32,  4.90it/s]
[1Aphase1 epoch 0:  40%|████      | 506/1250 [01:47<02:30,  4.94it/s]
[1Aphase1 epoch 0:  41%|████      | 507/1250 [01:47<02:32,  4.87it/s]
[1Aphase1 epoch 0:  41%|████      | 508/1250 [01:47<02:35,  4.77it/s]
[1Aphase1 epoch 0:  41%|████      | 509/1250 [01:48<02:35,  4.75it/s]
[1Aphase1 epoch 0:  41%|████      | 510/1250 [01:48<02:35,  4.75it/s]
[1Aphase1 epoch 0:  41%|████      | 511/1250 [01:48<02:31,  4.86it/s]
[1Aphase1 epoch 0:  41%|████      | 512/1250 [01:48<02:35,  4.73it/s]
[1Aphase1 epoch 0:  41%|████      | 513/1250 [01:48<02:34,  4.77it/s]
[1Aphase1 epoch 0:  41%|████      | 514/1250 [01:49<02:33,  4.79it/s]
[1Aphase1 epoch 0:  41%|████      | 515/1250 [01:49<02:33,  4.79it/s]
[1Aphase1 epoch 0:  41%|████▏     | 516/1250 [01:49<02:34,  4.76it/s]
[1Aphase1 epoch 0:  41%|████▏     | 517/1250 [01:49<02:33,  4.78it/s]
[1Aphase1 epoch 0:  41%|████▏     | 518/1250 [01:49<02:33,  4.75it/s]
[1Aphase1 epoch 0:  42%|████▏     | 519/1250 [01:50<02:30,  4.85it/s]
[1Aphase1 epoch 0:  42%|████▏     | 520/1250 [01:50<02:31,  4.83it/s]
[1Aphase1 epoch 0:  42%|████▏     | 521/1250 [01:50<02:31,  4.81it/s]
[1Aphase1 epoch 0:  42%|████▏     | 522/1250 [01:50<02:31,  4.80it/s]
[1Aphase1 epoch 0:  42%|████▏     | 523/1250 [01:51<02:30,  4.82it/s]
[1Aphase1 epoch 0:  42%|████▏     | 524/1250 [01:51<02:30,  4.82it/s]
[1Aphase1 epoch 0:  42%|████▏     | 525/1250 [01:51<02:30,  4.81it/s]
[1Aphase1 epoch 0:  42%|████▏     | 526/1250 [01:51<02:30,  4.81it/s]
[1Aphase1 epoch 0:  42%|████▏     | 527/1250 [01:51<02:32,  4.75it/s]
[1Aphase1 epoch 0:  42%|████▏     | 528/1250 [01:52<02:31,  4.75it/s]
[1Aphase1 epoch 0:  42%|████▏     | 529/1250 [01:52<02:31,  4.77it/s]
[1Aphase1 epoch 0:  42%|████▏     | 530/1250 [01:52<02:30,  4.78it/s]
[1Aphase1 epoch 0:  42%|████▏     | 531/1250 [01:52<02:30,  4.79it/s]
[1Aphase1 epoch 0:  43%|████▎     | 532/1250 [01:52<02:29,  4.81it/s]
[1Aphase1 epoch 0:  43%|████▎     | 533/1250 [01:53<02:28,  4.82it/s]
[1Aphase1 epoch 0:  43%|████▎     | 534/1250 [01:53<02:28,  4.83it/s]
[1Aphase1 epoch 0:  43%|████▎     | 535/1250 [01:53<02:27,  4.84it/s]
[1Aphase1 epoch 0:  43%|████▎     | 536/1250 [01:53<02:28,  4.82it/s]
[1Aphase1 epoch 0:  43%|████▎     | 537/1250 [01:53<02:27,  4.83it/s]
[1Aphase1 epoch 0:  43%|████▎     | 538/1250 [01:54<02:28,  4.81it/s]
[1Aphase1 epoch 0:  43%|████▎     | 539/1250 [01:54<02:28,  4.79it/s]
[1Aphase1 epoch 0:  43%|████▎     | 540/1250 [01:54<02:27,  4.81it/s]
[1Aphase1 epoch 0:  43%|████▎     | 541/1250 [01:54<02:29,  4.75it/s]
[1Aphase1 epoch 0:  43%|████▎     | 542/1250 [01:54<02:28,  4.77it/s]
[1Aphase1 epoch 0:  43%|████▎     | 543/1250 [01:55<02:28,  4.77it/s]
[1Aphase1 epoch 0:  44%|████▎     | 544/1250 [01:55<02:27,  4.78it/s]
[1Aphase1 epoch 0:  44%|████▎     | 545/1250 [01:55<02:25,  4.85it/s]
[1Aphase1 epoch 0:  44%|████▎     | 546/1250 [01:55<02:23,  4.91it/s]
[1Aphase1 epoch 0:  44%|████▍     | 547/1250 [01:56<02:21,  4.95it/s]
[1Aphase1 epoch 0:  44%|████▍     | 548/1250 [01:56<02:24,  4.84it/s]
[1Aphase1 epoch 0:  44%|████▍     | 549/1250 [01:56<02:25,  4.83it/s]
[1Aphase1 epoch 0:  44%|████▍     | 550/1250 [01:56<02:23,  4.89it/s]
[1Aphase1 epoch 0:  44%|████▍     | 551/1250 [01:56<02:23,  4.86it/s]
[1Aphase1 epoch 0:  44%|████▍     | 552/1250 [01:57<02:23,  4.86it/s]
[1Aphase1 epoch 0:  44%|████▍     | 553/1250 [01:57<02:22,  4.91it/s]
[1Aphase1 epoch 0:  44%|████▍     | 554/1250 [01:57<02:22,  4.87it/s]
[1Aphase1 epoch 0:  44%|████▍     | 555/1250 [01:57<02:24,  4.82it/s]
[1Aphase1 epoch 0:  44%|████▍     | 556/1250 [01:57<02:23,  4.84it/s]
[1Aphase1 epoch 0:  45%|████▍     | 557/1250 [01:58<02:21,  4.89it/s]
[1Aphase1 epoch 0:  45%|████▍     | 558/1250 [01:58<02:22,  4.86it/s]
[1Aphase1 epoch 0:  45%|████▍     | 559/1250 [01:58<02:23,  4.80it/s]
[1Aphase1 epoch 0:  45%|████▍     | 560/1250 [01:58<02:23,  4.80it/s]
[1Aphase1 epoch 0:  45%|████▍     | 561/1250 [01:58<02:21,  4.87it/s]
[1Aphase1 epoch 0:  45%|████▍     | 562/1250 [01:59<02:21,  4.87it/s]
[1Aphase1 epoch 0:  45%|████▌     | 563/1250 [01:59<02:23,  4.79it/s]
[1Aphase1 epoch 0:  45%|████▌     | 564/1250 [01:59<02:23,  4.79it/s]
[1Aphase1 epoch 0:  45%|████▌     | 565/1250 [01:59<02:25,  4.71it/s]
[1Aphase1 epoch 0:  45%|████▌     | 566/1250 [01:59<02:24,  4.72it/s]
[1Aphase1 epoch 0:  45%|████▌     | 567/1250 [02:00<02:23,  4.75it/s]
[1Aphase1 epoch 0:  45%|████▌     | 568/1250 [02:00<02:23,  4.75it/s]
[1Aphase1 epoch 0:  46%|████▌     | 569/1250 [02:00<02:20,  4.84it/s]
[1Aphase1 epoch 0:  46%|████▌     | 570/1250 [02:00<02:18,  4.90it/s]
[1Aphase1 epoch 0:  46%|████▌     | 571/1250 [02:00<02:19,  4.85it/s]
[1Aphase1 epoch 0:  46%|████▌     | 572/1250 [02:01<02:20,  4.83it/s]
[1Aphase1 epoch 0:  46%|████▌     | 573/1250 [02:01<02:18,  4.90it/s]
[1Aphase1 epoch 0:  46%|████▌     | 574/1250 [02:01<02:16,  4.94it/s]
[1Aphase1 epoch 0:  46%|████▌     | 575/1250 [02:01<02:15,  4.97it/s]
[1Aphase1 epoch 0:  46%|████▌     | 576/1250 [02:02<02:17,  4.90it/s]
[1Aphase1 epoch 0:  46%|████▌     | 577/1250 [02:02<02:19,  4.84it/s]
[1Aphase1 epoch 0:  46%|████▌     | 578/1250 [02:02<02:19,  4.81it/s]
[1Aphase1 epoch 0:  46%|████▋     | 579/1250 [02:02<02:20,  4.78it/s]
[1Aphase1 epoch 0:  46%|████▋     | 580/1250 [02:02<02:17,  4.86it/s]
[1Aphase1 epoch 0:  46%|████▋     | 581/1250 [02:03<02:18,  4.85it/s]
[1Aphase1 epoch 0:  47%|████▋     | 582/1250 [02:03<02:17,  4.85it/s]
[1Aphase1 epoch 0:  47%|████▋     | 583/1250 [02:03<02:16,  4.90it/s]
[1Aphase1 epoch 0:  47%|████▋     | 584/1250 [02:03<02:18,  4.80it/s]
[1Aphase1 epoch 0:  47%|████▋     | 585/1250 [02:03<02:19,  4.78it/s]
[1Aphase1 epoch 0:  47%|████▋     | 586/1250 [02:04<02:18,  4.81it/s]
[1Aphase1 epoch 0:  47%|████▋     | 587/1250 [02:04<02:17,  4.81it/s]
[1Aphase1 epoch 0:  47%|████▋     | 588/1250 [02:04<02:17,  4.81it/s]
[1Aphase1 epoch 0:  47%|████▋     | 589/1250 [02:04<02:17,  4.80it/s]
[1Aphase1 epoch 0:  47%|████▋     | 590/1250 [02:04<02:15,  4.88it/s]
[1Aphase1 epoch 0:  47%|████▋     | 591/1250 [02:05<02:13,  4.93it/s]
[1Aphase1 epoch 0:  47%|████▋     | 592/1250 [02:05<02:12,  4.97it/s]
[1Aphase1 epoch 0:  47%|████▋     | 593/1250 [02:05<02:13,  4.94it/s]
[1Aphase1 epoch 0:  48%|████▊     | 594/1250 [02:05<02:14,  4.89it/s]
[1Aphase1 epoch 0:  48%|████▊     | 595/1250 [02:05<02:14,  4.87it/s]
[1Aphase1 epoch 0:  48%|████▊     | 596/1250 [02:06<02:14,  4.87it/s]
[1Aphase1 epoch 0:  48%|████▊     | 597/1250 [02:06<02:14,  4.85it/s]
[1Aphase1 epoch 0:  48%|████▊     | 598/1250 [02:06<02:14,  4.85it/s]
[1Aphase1 epoch 0:  48%|████▊     | 599/1250 [02:06<02:12,  4.92it/s]
[1Aphase1 epoch 0:  48%|████▊     | 600/1250 [02:06<02:13,  4.88it/s]
[1Aphase1 epoch 0:  48%|████▊     | 601/1250 [02:07<02:13,  4.86it/s]
[1Aphase1 epoch 0:  48%|████▊     | 602/1250 [02:07<02:13,  4.86it/s]
[1Aphase1 epoch 0:  48%|████▊     | 603/1250 [02:07<02:14,  4.80it/s]
[1Aphase1 epoch 0:  48%|████▊     | 604/1250 [02:07<02:14,  4.80it/s]
[1Aphase1 epoch 0:  48%|████▊     | 605/1250 [02:07<02:15,  4.77it/s]
[1Aphase1 epoch 0:  48%|████▊     | 606/1250 [02:08<02:12,  4.85it/s]
[1Aphase1 epoch 0:  49%|████▊     | 607/1250 [02:08<02:13,  4.81it/s]
[1Aphase1 epoch 0:  49%|████▊     | 608/1250 [02:08<02:13,  4.81it/s]
[1Aphase1 epoch 0:  49%|████▊     | 609/1250 [02:08<02:13,  4.81it/s]
[1Aphase1 epoch 0:  49%|████▉     | 610/1250 [02:09<02:12,  4.83it/s]
[1Aphase1 epoch 0:  49%|████▉     | 611/1250 [02:09<02:12,  4.83it/s]
[1Aphase1 epoch 0:  49%|████▉     | 612/1250 [02:09<02:12,  4.83it/s]
[1Aphase1 epoch 0:  49%|████▉     | 613/1250 [02:09<02:12,  4.81it/s]
[1Aphase1 epoch 0:  49%|████▉     | 614/1250 [02:09<02:10,  4.89it/s]
[1Aphase1 epoch 0:  49%|████▉     | 615/1250 [02:10<02:08,  4.93it/s]
[1Aphase1 epoch 0:  49%|████▉     | 616/1250 [02:10<02:10,  4.88it/s]
[1Aphase1 epoch 0:  49%|████▉     | 617/1250 [02:10<02:10,  4.86it/s]
[1Aphase1 epoch 0:  49%|████▉     | 618/1250 [02:10<02:09,  4.86it/s]
[1Aphase1 epoch 0:  50%|████▉     | 619/1250 [02:10<02:10,  4.85it/s]
[1Aphase1 epoch 0:  50%|████▉     | 620/1250 [02:11<02:08,  4.92it/s]
[1Aphase1 epoch 0:  50%|████▉     | 621/1250 [02:11<02:06,  4.96it/s]
[1Aphase1 epoch 0:  50%|████▉     | 622/1250 [02:11<02:07,  4.92it/s]
[1Aphase1 epoch 0:  50%|████▉     | 623/1250 [02:11<02:06,  4.96it/s]
[1Aphase1 epoch 0:  50%|████▉     | 624/1250 [02:11<02:07,  4.92it/s]
[1Aphase1 epoch 0:  50%|█████     | 625/1250 [02:12<02:05,  4.96it/s]
[1Aphase1 epoch 0:  50%|█████     | 626/1250 [02:12<02:08,  4.85it/s]
[1Aphase1 epoch 0:  50%|█████     | 627/1250 [02:12<02:06,  4.91it/s]
[1Aphase1 epoch 0:  50%|█████     | 628/1250 [02:12<02:07,  4.88it/s]
[modal-client] 2026-07-18T18:19:00+0300 Loop attempt for _run_app.<locals>.heartbeat failed
Traceback (most recent call last):
  File "/Users/khalidyusufdahir/research/Evaluator-Adaptive Encoding (EAE) Experiment Spec/eae/.venv/lib/python3.12/site-packages/grpclib/client.py", line 369, in recv_initial_metadata
    headers = await self._stream.recv_headers()
              ^^^^^^^^^^^^^^^^^^^^^^^^^^^^^^^^^
  File "/Users/khalidyusufdahir/research/Evaluator-Adaptive Encoding (EAE) Experiment Spec/eae/.venv/lib/python3.12/site-packages/grpclib/protocol.py", line 342, in recv_headers
    await self.headers_received.wait()
  File "/Users/khalidyusufdahir/.local/share/uv/python/cpython-3.12.12-macos-aarch64-none/lib/python3.12/asyncio/locks.py", line 212, in wait
    await fut
asyncio.exceptions.CancelledError

During handling of the above exception, another exception occurred:

Traceback (most recent call last):
  File "/Users/khalidyusufdahir/research/Evaluator-Adaptive Encoding (EAE) Experiment Spec/eae/.venv/lib/python3.12/site-packages/modal/_grpc_client.py", line 159, in direct
    return await self.client._call_unary(self.wrapped_method, req, timeout=timeout, metadata=metadata)
           ^^^^^^^^^^^^^^^^^^^^^^^^^^^^^^^^^^^^^^^^^^^^^^^^^^^^^^^^^^^^^^^^^^^^^^^^^^^^^^^^^^^^^^^^^^^
  File "/Users/khalidyusufdahir/research/Evaluator-Adaptive Encoding (EAE) Experiment Spec/eae/.venv/lib/python3.12/site-packages/modal/client.py", line 373, in _call_unary
    return await self._call_safely(coro, grpclib_method.name)
           ^^^^^^^^^^^^^^^^^^^^^^^^^^^^^^^^^^^^^^^^^^^^^^^^^^
  File "/Users/khalidyusufdahir/research/Evaluator-Adaptive Encoding (EAE) Experiment Spec/eae/.venv/lib/python3.12/site-packages/modal/client.py", line 330, in _call_safely
    return await request_task
           ^^^^^^^^^^^^^^^^^^
  File "/Users/khalidyusufdahir/research/Evaluator-Adaptive Encoding (EAE) Experiment Spec/eae/.venv/lib/python3.12/site-packages/grpclib/client.py", line 913, in __call__
    reply = await stream.recv_message()
            ^^^^^^^^^^^^^^^^^^^^^^^^^^^
  File "/Users/khalidyusufdahir/research/Evaluator-Adaptive Encoding (EAE) Experiment Spec/eae/.venv/lib/python3.12/site-packages/grpclib/client.py", line 426, in recv_message
    await self.recv_initial_metadata()
  File "/Users/khalidyusufdahir/research/Evaluator-Adaptive Encoding (EAE) Experiment Spec/eae/.venv/lib/python3.12/site-packages/grpclib/client.py", line 368, in recv_initial_metadata
    with self._wrapper:
         ^^^^^^^^^^^^^
  File "/Users/khalidyusufdahir/research/Evaluator-Adaptive Encoding (EAE) Experiment Spec/eae/.venv/lib/python3.12/site-packages/grpclib/utils.py", line 70, in __exit__
    raise self._error
TimeoutError: Deadline exceeded

During handling of the above exception, another exception occurred:

Traceback (most recent call last):
  File "/Users/khalidyusufdahir/research/Evaluator-Adaptive Encoding (EAE) Experiment Spec/eae/.venv/lib/python3.12/site-packages/modal/_utils/async_utils.py", line 571, in loop_coro
    await asyncio.wait_for(async_f(), timeout=timeout)
  File "/Users/khalidyusufdahir/.local/share/uv/python/cpython-3.12.12-macos-aarch64-none/lib/python3.12/asyncio/tasks.py", line 520, in wait_for
    return await fut
           ^^^^^^^^^
  File "/Users/khalidyusufdahir/research/Evaluator-Adaptive Encoding (EAE) Experiment Spec/eae/.venv/lib/python3.12/site-packages/modal/runner.py", line 66, in _heartbeat
    await client.stub.AppHeartbeat(request, retry=Retry(attempt_timeout=HEARTBEAT_TIMEOUT))
modal.exception.ConnectionError: Deadline exceeded
[modal-client] 2026-07-18T18:20:16+0300 Loop attempt for _run_app.<locals>.heartbeat failed
Traceback (most recent call last):
  File "/Users/khalidyusufdahir/research/Evaluator-Adaptive Encoding (EAE) Experiment Spec/eae/.venv/lib/python3.12/site-packages/grpclib/client.py", line 369, in recv_initial_metadata
    headers = await self._stream.recv_headers()
              ^^^^^^^^^^^^^^^^^^^^^^^^^^^^^^^^^
  File "/Users/khalidyusufdahir/research/Evaluator-Adaptive Encoding (EAE) Experiment Spec/eae/.venv/lib/python3.12/site-packages/grpclib/protocol.py", line 342, in recv_headers
    await self.headers_received.wait()
  File "/Users/khalidyusufdahir/.local/share/uv/python/cpython-3.12.12-macos-aarch64-none/lib/python3.12/asyncio/locks.py", line 212, in wait
    await fut
asyncio.exceptions.CancelledError

During handling of the above exception, another exception occurred:

Traceback (most recent call last):
  File "/Users/khalidyusufdahir/research/Evaluator-Adaptive Encoding (EAE) Experiment Spec/eae/.venv/lib/python3.12/site-packages/modal/_grpc_client.py", line 159, in direct
    return await self.client._call_unary(self.wrapped_method, req, timeout=timeout, metadata=metadata)
           ^^^^^^^^^^^^^^^^^^^^^^^^^^^^^^^^^^^^^^^^^^^^^^^^^^^^^^^^^^^^^^^^^^^^^^^^^^^^^^^^^^^^^^^^^^^
  File "/Users/khalidyusufdahir/research/Evaluator-Adaptive Encoding (EAE) Experiment Spec/eae/.venv/lib/python3.12/site-packages/modal/client.py", line 373, in _call_unary
    return await self._call_safely(coro, grpclib_method.name)
           ^^^^^^^^^^^^^^^^^^^^^^^^^^^^^^^^^^^^^^^^^^^^^^^^^^
  File "/Users/khalidyusufdahir/research/Evaluator-Adaptive Encoding (EAE) Experiment Spec/eae/.venv/lib/python3.12/site-packages/modal/client.py", line 330, in _call_safely
    return await request_task
           ^^^^^^^^^^^^^^^^^^
  File "/Users/khalidyusufdahir/research/Evaluator-Adaptive Encoding (EAE) Experiment Spec/eae/.venv/lib/python3.12/site-packages/grpclib/client.py", line 913, in __call__
    reply = await stream.recv_message()
            ^^^^^^^^^^^^^^^^^^^^^^^^^^^
  File "/Users/khalidyusufdahir/research/Evaluator-Adaptive Encoding (EAE) Experiment Spec/eae/.venv/lib/python3.12/site-packages/grpclib/client.py", line 426, in recv_message
    await self.recv_initial_metadata()
  File "/Users/khalidyusufdahir/research/Evaluator-Adaptive Encoding (EAE) Experiment Spec/eae/.venv/lib/python3.12/site-packages/grpclib/client.py", line 368, in recv_initial_metadata
    with self._wrapper:
         ^^^^^^^^^^^^^
  File "/Users/khalidyusufdahir/research/Evaluator-Adaptive Encoding (EAE) Experiment Spec/eae/.venv/lib/python3.12/site-packages/grpclib/utils.py", line 70, in __exit__
    raise self._error
TimeoutError: Deadline exceeded

During handling of the above exception, another exception occurred:

Traceback (most recent call last):
  File "/Users/khalidyusufdahir/research/Evaluator-Adaptive Encoding (EAE) Experiment Spec/eae/.venv/lib/python3.12/site-packages/modal/_utils/async_utils.py", line 571, in loop_coro
    await asyncio.wait_for(async_f(), timeout=timeout)
  File "/Users/khalidyusufdahir/.local/share/uv/python/cpython-3.12.12-macos-aarch64-none/lib/python3.12/asyncio/tasks.py", line 520, in wait_for
    return await fut
           ^^^^^^^^^
  File "/Users/khalidyusufdahir/research/Evaluator-Adaptive Encoding (EAE) Experiment Spec/eae/.venv/lib/python3.12/site-packages/modal/runner.py", line 66, in _heartbeat
    await client.stub.AppHeartbeat(request, retry=Retry(attempt_timeout=HEARTBEAT_TIMEOUT))
modal.exception.ConnectionError: Deadline exceeded
[modal-client] 2026-07-18T18:20:46+0300 Loop attempt for _run_app.<locals>.heartbeat failed
Traceback (most recent call last):
  File "/Users/khalidyusufdahir/research/Evaluator-Adaptive Encoding (EAE) Experiment Spec/eae/.venv/lib/python3.12/site-packages/modal/_utils/async_utils.py", line 571, in loop_coro
    await asyncio.wait_for(async_f(), timeout=timeout)
  File "/Users/khalidyusufdahir/.local/share/uv/python/cpython-3.12.12-macos-aarch64-none/lib/python3.12/asyncio/tasks.py", line 520, in wait_for
    return await fut
           ^^^^^^^^^
  File "/Users/khalidyusufdahir/research/Evaluator-Adaptive Encoding (EAE) Experiment Spec/eae/.venv/lib/python3.12/site-packages/modal/runner.py", line 66, in _heartbeat
    await client.stub.AppHeartbeat(request, retry=Retry(attempt_timeout=HEARTBEAT_TIMEOUT))
  File "/Users/khalidyusufdahir/research/Evaluator-Adaptive Encoding (EAE) Experiment Spec/eae/.venv/lib/python3.12/site-packages/modal/_grpc_client.py", line 159, in direct
    return await self.client._call_unary(self.wrapped_method, req, timeout=timeout, metadata=metadata)
           ^^^^^^^^^^^^^^^^^^^^^^^^^^^^^^^^^^^^^^^^^^^^^^^^^^^^^^^^^^^^^^^^^^^^^^^^^^^^^^^^^^^^^^^^^^^
  File "/Users/khalidyusufdahir/research/Evaluator-Adaptive Encoding (EAE) Experiment Spec/eae/.venv/lib/python3.12/site-packages/modal/client.py", line 373, in _call_unary
    return await self._call_safely(coro, grpclib_method.name)
           ^^^^^^^^^^^^^^^^^^^^^^^^^^^^^^^^^^^^^^^^^^^^^^^^^^
  File "/Users/khalidyusufdahir/research/Evaluator-Adaptive Encoding (EAE) Experiment Spec/eae/.venv/lib/python3.12/site-packages/modal/client.py", line 330, in _call_safely
    return await request_task
           ^^^^^^^^^^^^^^^^^^
  File "/Users/khalidyusufdahir/research/Evaluator-Adaptive Encoding (EAE) Experiment Spec/eae/.venv/lib/python3.12/site-packages/grpclib/client.py", line 912, in __call__
    await stream.send_message(message, end=True)
  File "/Users/khalidyusufdahir/research/Evaluator-Adaptive Encoding (EAE) Experiment Spec/eae/.venv/lib/python3.12/site-packages/grpclib/client.py", line 242, in send_message
    await self.send_request()
  File "/Users/khalidyusufdahir/research/Evaluator-Adaptive Encoding (EAE) Experiment Spec/eae/.venv/lib/python3.12/site-packages/grpclib/client.py", line 176, in send_request
    .create_stream(wrapper=self._wrapper)
     ^^^^^^^^^^^^^^^^^^^^^^^^^^^^^^^^^^^^
  File "/Users/khalidyusufdahir/research/Evaluator-Adaptive Encoding (EAE) Experiment Spec/eae/.venv/lib/python3.12/site-packages/grpclib/protocol.py", line 208, in create_stream
    return Stream(self, self._connection, self._transport,
                                          ^^^^^^^^^^^^^^^
AttributeError: 'Connection' object has no attribute '_transport'
[modal-client] 2026-07-18T18:21:01+0300 Loop attempt for _run_app.<locals>.heartbeat failed
Traceback (most recent call last):
  File "/Users/khalidyusufdahir/research/Evaluator-Adaptive Encoding (EAE) Experiment Spec/eae/.venv/lib/python3.12/site-packages/modal/_utils/async_utils.py", line 571, in loop_coro
    await asyncio.wait_for(async_f(), timeout=timeout)
  File "/Users/khalidyusufdahir/.local/share/uv/python/cpython-3.12.12-macos-aarch64-none/lib/python3.12/asyncio/tasks.py", line 520, in wait_for
    return await fut
           ^^^^^^^^^
  File "/Users/khalidyusufdahir/research/Evaluator-Adaptive Encoding (EAE) Experiment Spec/eae/.venv/lib/python3.12/site-packages/modal/runner.py", line 66, in _heartbeat
    await client.stub.AppHeartbeat(request, retry=Retry(attempt_timeout=HEARTBEAT_TIMEOUT))
  File "/Users/khalidyusufdahir/research/Evaluator-Adaptive Encoding (EAE) Experiment Spec/eae/.venv/lib/python3.12/site-packages/modal/_grpc_client.py", line 159, in direct
    return await self.client._call_unary(self.wrapped_method, req, timeout=timeout, metadata=metadata)
           ^^^^^^^^^^^^^^^^^^^^^^^^^^^^^^^^^^^^^^^^^^^^^^^^^^^^^^^^^^^^^^^^^^^^^^^^^^^^^^^^^^^^^^^^^^^
  File "/Users/khalidyusufdahir/research/Evaluator-Adaptive Encoding (EAE) Experiment Spec/eae/.venv/lib/python3.12/site-packages/modal/client.py", line 373, in _call_unary
    return await self._call_safely(coro, grpclib_method.name)
           ^^^^^^^^^^^^^^^^^^^^^^^^^^^^^^^^^^^^^^^^^^^^^^^^^^
  File "/Users/khalidyusufdahir/research/Evaluator-Adaptive Encoding (EAE) Experiment Spec/eae/.venv/lib/python3.12/site-packages/modal/client.py", line 330, in _call_safely
    return await request_task
           ^^^^^^^^^^^^^^^^^^
  File "/Users/khalidyusufdahir/research/Evaluator-Adaptive Encoding (EAE) Experiment Spec/eae/.venv/lib/python3.12/site-packages/grpclib/client.py", line 912, in __call__
    await stream.send_message(message, end=True)
  File "/Users/khalidyusufdahir/research/Evaluator-Adaptive Encoding (EAE) Experiment Spec/eae/.venv/lib/python3.12/site-packages/grpclib/client.py", line 242, in send_message
    await self.send_request()
  File "/Users/khalidyusufdahir/research/Evaluator-Adaptive Encoding (EAE) Experiment Spec/eae/.venv/lib/python3.12/site-packages/grpclib/client.py", line 176, in send_request
    .create_stream(wrapper=self._wrapper)
     ^^^^^^^^^^^^^^^^^^^^^^^^^^^^^^^^^^^^
  File "/Users/khalidyusufdahir/research/Evaluator-Adaptive Encoding (EAE) Experiment Spec/eae/.venv/lib/python3.12/site-packages/grpclib/protocol.py", line 208, in create_stream
    return Stream(self, self._connection, self._transport,
                                          ^^^^^^^^^^^^^^^
AttributeError: 'Connection' object has no attribute '_transport'
[1Aphase1 epoch 0:  50%|█████     | 629/1250 [02:12<02:08,  4.83it/s]
[1Aphase1 epoch 0:  50%|█████     | 630/1250 [02:13<02:08,  4.84it/s]
[1Aphase1 epoch 0:  50%|█████     | 631/1250 [02:13<02:09,  4.79it/s]
[1Aphase1 epoch 0:  51%|█████     | 632/1250 [02:13<02:08,  4.81it/s]
[1Aphase1 epoch 0:  51%|█████     | 633/1250 [02:13<02:09,  4.77it/s]
[1Aphase1 epoch 0:  51%|█████     | 634/1250 [02:13<02:08,  4.78it/s]
[1Aphase1 epoch 0:  51%|█████     | 635/1250 [02:14<02:07,  4.81it/s]
[1Aphase1 epoch 0:  51%|█████     | 636/1250 [02:14<02:08,  4.78it/s]
[1Aphase1 epoch 0:  51%|█████     | 637/1250 [02:14<02:08,  4.78it/s]
[1Aphase1 epoch 0:  51%|█████     | 638/1250 [02:14<02:07,  4.80it/s]
[1Aphase1 epoch 0:  51%|█████     | 639/1250 [02:15<02:07,  4.78it/s]
[1Aphase1 epoch 0:  51%|█████     | 640/1250 [02:15<02:07,  4.78it/s]
[1Aphase1 epoch 0:  51%|█████▏    | 641/1250 [02:15<02:07,  4.79it/s]
[1Aphase1 epoch 0:  51%|█████▏    | 642/1250 [02:15<02:07,  4.75it/s]
[1Aphase1 epoch 0:  51%|█████▏    | 643/1250 [02:15<02:05,  4.84it/s]
[1Aphase1 epoch 0:  52%|█████▏    | 644/1250 [02:16<02:06,  4.80it/s]
[1Aphase1 epoch 0:  52%|█████▏    | 645/1250 [02:16<02:03,  4.90it/s]
[1Aphase1 epoch 0:  52%|█████▏    | 646/1250 [02:16<02:05,  4.83it/s]
[1Aphase1 epoch 0:  52%|█████▏    | 647/1250 [02:16<02:05,  4.82it/s]
[1Aphase1 epoch 0:  52%|█████▏    | 648/1250 [02:16<02:03,  4.88it/s]
[1Aphase1 epoch 0:  52%|█████▏    | 649/1250 [02:17<02:03,  4.86it/s]
[1Aphase1 epoch 0:  52%|█████▏    | 650/1250 [02:17<02:04,  4.84it/s]
[1Aphase1 epoch 0:  52%|█████▏    | 651/1250 [02:17<02:03,  4.84it/s]
[1Aphase1 epoch 0:  52%|█████▏    | 652/1250 [02:17<02:03,  4.83it/s]
[1Aphase1 epoch 0:  52%|█████▏    | 653/1250 [02:17<02:03,  4.84it/s]
[1Aphase1 epoch 0:  52%|█████▏    | 654/1250 [02:18<02:01,  4.91it/s]
[1Aphase1 epoch 0:  52%|█████▏    | 655/1250 [02:18<01:59,  4.96it/s]
[1Aphase1 epoch 0:  52%|█████▏    | 656/1250 [02:18<02:01,  4.91it/s]
[1Aphase1 epoch 0:  53%|█████▎    | 657/1250 [02:18<02:02,  4.83it/s]
[1Aphase1 epoch 0:  53%|█████▎    | 658/1250 [02:18<02:02,  4.83it/s]
[1Aphase1 epoch 0:  53%|█████▎    | 659/1250 [02:19<02:03,  4.80it/s]
[1Aphase1 epoch 0:  53%|█████▎    | 660/1250 [02:19<02:02,  4.82it/s]
[1Aphase1 epoch 0:  53%|█████▎    | 661/1250 [02:19<02:00,  4.88it/s]
[1Aphase1 epoch 0:  53%|█████▎    | 662/1250 [02:19<02:01,  4.85it/s]
[1Aphase1 epoch 0:  53%|█████▎    | 663/1250 [02:19<02:01,  4.85it/s]
[1Aphase1 epoch 0:  53%|█████▎    | 664/1250 [02:20<02:01,  4.82it/s]
[1Aphase1 epoch 0:  53%|█████▎    | 665/1250 [02:20<02:01,  4.82it/s]
[1Aphase1 epoch 0:  53%|█████▎    | 666/1250 [02:20<01:59,  4.89it/s]
[1Aphase1 epoch 0:  53%|█████▎    | 667/1250 [02:20<02:01,  4.80it/s]
[1Aphase1 epoch 0:  53%|█████▎    | 668/1250 [02:20<01:59,  4.87it/s]
[1Aphase1 epoch 0:  54%|█████▎    | 669/1250 [02:21<02:00,  4.84it/s]
[1Aphase1 epoch 0:  54%|█████▎    | 670/1250 [02:21<01:58,  4.90it/s]
[1Aphase1 epoch 0:  54%|█████▎    | 671/1250 [02:21<01:56,  4.97it/s]
[1Aphase1 epoch 0:  54%|█████▍    | 672/1250 [02:21<01:57,  4.92it/s]
[1Aphase1 epoch 0:  54%|█████▍    | 673/1250 [02:22<01:58,  4.89it/s]
[1Aphase1 epoch 0:  54%|█████▍    | 674/1250 [02:22<01:56,  4.93it/s]
[1Aphase1 epoch 0:  54%|█████▍    | 675/1250 [02:22<01:55,  4.97it/s]
[1Aphase1 epoch 0:  54%|█████▍    | 676/1250 [02:22<01:54,  4.99it/s]
[1Aphase1 epoch 0:  54%|█████▍    | 677/1250 [02:22<01:54,  5.01it/s]
[1Aphase1 epoch 0:  54%|█████▍    | 678/1250 [02:23<01:56,  4.90it/s]
[1Aphase1 epoch 0:  54%|█████▍    | 679/1250 [02:23<01:55,  4.94it/s]
[1Aphase1 epoch 0:  54%|█████▍    | 680/1250 [02:23<01:57,  4.85it/s]
[1Aphase1 epoch 0:  54%|█████▍    | 681/1250 [02:23<01:58,  4.80it/s]
[1Aphase1 epoch 0:  55%|█████▍    | 682/1250 [02:23<01:57,  4.81it/s]
[1Aphase1 epoch 0:  55%|█████▍    | 683/1250 [02:24<01:58,  4.80it/s]
[1Aphase1 epoch 0:  55%|█████▍    | 684/1250 [02:24<01:58,  4.78it/s]
[1Aphase1 epoch 0:  55%|█████▍    | 685/1250 [02:24<01:57,  4.79it/s]
[1Aphase1 epoch 0:  55%|█████▍    | 686/1250 [02:24<01:57,  4.82it/s]
[1Aphase1 epoch 0:  55%|█████▍    | 687/1250 [02:24<01:56,  4.81it/s]
[1Aphase1 epoch 0:  55%|█████▌    | 688/1250 [02:25<01:55,  4.88it/s]
[1Aphase1 epoch 0:  55%|█████▌    | 689/1250 [02:25<01:55,  4.87it/s]
[1Aphase1 epoch 0:  55%|█████▌    | 690/1250 [02:25<01:55,  4.86it/s]
[1Aphase1 epoch 0:  55%|█████▌    | 691/1250 [02:25<01:55,  4.83it/s]
[1Aphase1 epoch 0:  55%|█████▌    | 692/1250 [02:25<01:55,  4.84it/s]
[1Aphase1 epoch 0:  55%|█████▌    | 693/1250 [02:26<01:55,  4.84it/s]
[1Aphase1 epoch 0:  56%|█████▌    | 694/1250 [02:26<01:55,  4.83it/s]
[1Aphase1 epoch 0:  56%|█████▌    | 695/1250 [02:26<01:55,  4.81it/s]
[1Aphase1 epoch 0:  56%|█████▌    | 696/1250 [02:26<01:55,  4.80it/s]
[1Aphase1 epoch 0:  56%|█████▌    | 697/1250 [02:26<01:53,  4.86it/s]
[1Aphase1 epoch 0:  56%|█████▌    | 698/1250 [02:27<01:55,  4.78it/s]
[1Aphase1 epoch 0:  56%|█████▌    | 699/1250 [02:27<01:55,  4.76it/s]
[1Aphase1 epoch 0:  56%|█████▌    | 700/1250 [02:27<01:55,  4.77it/s]
[1Aphase1 epoch 0:  56%|█████▌    | 701/1250 [02:27<01:54,  4.78it/s]
[1Aphase1 epoch 0:  56%|█████▌    | 702/1250 [02:27<01:52,  4.85it/s]
[1Aphase1 epoch 0:  56%|█████▌    | 703/1250 [02:28<01:53,  4.80it/s]
[1Aphase1 epoch 0:  56%|█████▋    | 704/1250 [02:28<01:53,  4.81it/s]
[1Aphase1 epoch 0:  56%|█████▋    | 705/1250 [02:28<01:53,  4.82it/s]
[1Aphase1 epoch 0:  56%|█████▋    | 706/1250 [02:28<01:53,  4.81it/s]
[1Aphase1 epoch 0:  57%|█████▋    | 707/1250 [02:29<01:53,  4.77it/s]
[1Aphase1 epoch 0:  57%|█████▋    | 708/1250 [02:29<01:51,  4.85it/s]
[1Aphase1 epoch 0:  57%|█████▋    | 709/1250 [02:29<01:51,  4.86it/s]
[1Aphase1 epoch 0:  57%|█████▋    | 710/1250 [02:29<01:51,  4.85it/s]
[1Aphase1 epoch 0:  57%|█████▋    | 711/1250 [02:29<01:49,  4.91it/s]
[1Aphase1 epoch 0:  57%|█████▋    | 712/1250 [02:30<01:50,  4.87it/s]
[1Aphase1 epoch 0:  57%|█████▋    | 713/1250 [02:30<01:51,  4.83it/s]
[1Aphase1 epoch 0:  57%|█████▋    | 714/1250 [02:30<01:52,  4.78it/s]
[1Aphase1 epoch 0:  57%|█████▋    | 715/1250 [02:30<01:51,  4.79it/s]
[1Aphase1 epoch 0:  57%|█████▋    | 716/1250 [02:30<01:51,  4.79it/s]
[1Aphase1 epoch 0:  57%|█████▋    | 717/1250 [02:31<01:51,  4.80it/s]
[1Aphase1 epoch 0:  57%|█████▋    | 718/1250 [02:31<01:49,  4.86it/s]
[1Aphase1 epoch 0:  58%|█████▊    | 719/1250 [02:31<01:50,  4.81it/s]
[1Aphase1 epoch 0:  58%|█████▊    | 720/1250 [02:31<01:51,  4.76it/s]
[1Aphase1 epoch 0:  58%|█████▊    | 721/1250 [02:31<01:49,  4.85it/s]
[1Aphase1 epoch 0:  58%|█████▊    | 722/1250 [02:32<01:49,  4.84it/s]
[1Aphase1 epoch 0:  58%|█████▊    | 723/1250 [02:32<01:48,  4.85it/s]
[1Aphase1 epoch 0:  58%|█████▊    | 724/1250 [02:32<01:48,  4.83it/s]
[1Aphase1 epoch 0:  58%|█████▊    | 725/1250 [02:32<01:47,  4.91it/s]
[1Aphase1 epoch 0:  58%|█████▊    | 726/1250 [02:32<01:47,  4.89it/s]
[1Aphase1 epoch 0:  58%|█████▊    | 727/1250 [02:33<01:45,  4.94it/s]
[1Aphase1 epoch 0:  58%|█████▊    | 728/1250 [02:33<01:47,  4.86it/s]
[1Aphase1 epoch 0:  58%|█████▊    | 729/1250 [02:33<01:46,  4.91it/s]
[1Aphase1 epoch 0:  58%|█████▊    | 730/1250 [02:33<01:46,  4.89it/s]
[1Aphase1 epoch 0:  58%|█████▊    | 731/1250 [02:33<01:46,  4.88it/s]
[1Aphase1 epoch 0:  59%|█████▊    | 732/1250 [02:34<01:47,  4.83it/s]
[1Aphase1 epoch 0:  59%|█████▊    | 733/1250 [02:34<01:46,  4.84it/s]
[1Aphase1 epoch 0:  59%|█████▊    | 734/1250 [02:34<01:46,  4.83it/s]
[1Aphase1 epoch 0:  59%|█████▉    | 735/1250 [02:34<01:47,  4.80it/s]
[1Aphase1 epoch 0:  59%|█████▉    | 736/1250 [02:35<01:47,  4.79it/s]
[1Aphase1 epoch 0:  59%|█████▉    | 737/1250 [02:35<01:46,  4.80it/s]
[1Aphase1 epoch 0:  59%|█████▉    | 738/1250 [02:35<01:44,  4.88it/s]
[1Aphase1 epoch 0:  59%|█████▉    | 739/1250 [02:35<01:43,  4.92it/s]
[1Aphase1 epoch 0:  59%|█████▉    | 740/1250 [02:35<01:42,  4.96it/s]
[1Aphase1 epoch 0:  59%|█████▉    | 741/1250 [02:36<01:44,  4.89it/s]
[1Aphase1 epoch 0:  59%|█████▉    | 742/1250 [02:36<01:44,  4.86it/s]
[1Aphase1 epoch 0:  59%|█████▉    | 743/1250 [02:36<01:45,  4.81it/s]
[1Aphase1 epoch 0:  60%|█████▉    | 744/1250 [02:36<01:43,  4.88it/s]
[1Aphase1 epoch 0:  60%|█████▉    | 745/1250 [02:36<01:43,  4.86it/s]
[1Aphase1 epoch 0:  60%|█████▉    | 746/1250 [02:37<01:43,  4.85it/s]
[1Aphase1 epoch 0:  60%|█████▉    | 747/1250 [02:37<01:43,  4.85it/s]
[1Aphase1 epoch 0:  60%|█████▉    | 748/1250 [02:37<01:43,  4.85it/s]
[1Aphase1 epoch 0:  60%|█████▉    | 749/1250 [02:37<01:43,  4.84it/s]
[1Aphase1 epoch 0:  60%|██████    | 750/1250 [02:37<01:43,  4.82it/s]
[1Aphase1 epoch 0:  60%|██████    | 751/1250 [02:38<01:43,  4.81it/s]
[1Aphase1 epoch 0:  60%|██████    | 752/1250 [02:38<01:41,  4.89it/s]
[1Aphase1 epoch 0:  60%|██████    | 753/1250 [02:38<01:43,  4.82it/s]
[1Aphase1 epoch 0:  60%|██████    | 754/1250 [02:38<01:43,  4.80it/s]
[1Aphase1 epoch 0:  60%|██████    | 755/1250 [02:38<01:43,  4.77it/s]
[1Aphase1 epoch 0:  60%|██████    | 756/1250 [02:39<01:43,  4.77it/s]
[1Aphase1 epoch 0:  61%|██████    | 757/1250 [02:39<01:43,  4.78it/s]
[1Aphase1 epoch 0:  61%|██████    | 758/1250 [02:39<01:43,  4.75it/s]
[1Aphase1 epoch 0:  61%|██████    | 759/1250 [02:39<01:41,  4.84it/s]
[1Aphase1 epoch 0:  61%|██████    | 760/1250 [02:39<01:39,  4.91it/s]
[1Aphase1 epoch 0:  61%|██████    | 761/1250 [02:40<01:41,  4.80it/s]
[1Aphase1 epoch 0:  61%|██████    | 762/1250 [02:40<01:41,  4.82it/s]
[1Aphase1 epoch 0:  61%|██████    | 763/1250 [02:40<01:41,  4.79it/s]
[1Aphase1 epoch 0:  61%|██████    | 764/1250 [02:40<01:41,  4.79it/s]
[1Aphase1 epoch 0:  61%|██████    | 765/1250 [02:41<01:39,  4.86it/s]
[1Aphase1 epoch 0:  61%|██████▏   | 766/1250 [02:41<01:38,  4.92it/s]
[1Aphase1 epoch 0:  61%|██████▏   | 767/1250 [02:41<01:38,  4.89it/s]
[1Aphase1 epoch 0:  61%|██████▏   | 768/1250 [02:41<01:39,  4.82it/s]
[1Aphase1 epoch 0:  62%|██████▏   | 769/1250 [02:41<01:40,  4.80it/s]
[1Aphase1 epoch 0:  62%|██████▏   | 770/1250 [02:42<01:41,  4.73it/s]
[1Aphase1 epoch 0:  62%|██████▏   | 771/1250 [02:42<01:41,  4.73it/s]
[1Aphase1 epoch 0:  62%|██████▏   | 772/1250 [02:42<01:39,  4.82it/s]
[1Aphase1 epoch 0:  62%|██████▏   | 773/1250 [02:42<01:37,  4.90it/s]
[1Aphase1 epoch 0:  62%|██████▏   | 774/1250 [02:42<01:36,  4.94it/s]
[1Aphase1 epoch 0:  62%|██████▏   | 775/1250 [02:43<01:35,  4.97it/s]
[1Aphase1 epoch 0:  62%|██████▏   | 776/1250 [02:43<01:36,  4.93it/s]
[1Aphase1 epoch 0:  62%|██████▏   | 777/1250 [02:43<01:36,  4.91it/s]
[1Aphase1 epoch 0:  62%|██████▏   | 778/1250 [02:43<01:36,  4.89it/s]
[1Aphase1 epoch 0:  62%|██████▏   | 779/1250 [02:43<01:37,  4.85it/s]
[1Aphase1 epoch 0:  62%|██████▏   | 780/1250 [02:44<01:37,  4.83it/s]
[1Aphase1 epoch 0:  62%|██████▏   | 781/1250 [02:44<01:37,  4.81it/s]
[1Aphase1 epoch 0:  63%|██████▎   | 782/1250 [02:44<01:38,  4.75it/s]
[1Aphase1 epoch 0:  63%|██████▎   | 783/1250 [02:44<01:38,  4.76it/s]
[1Aphase1 epoch 0:  63%|██████▎   | 784/1250 [02:44<01:37,  4.77it/s]
[1Aphase1 epoch 0:  63%|██████▎   | 785/1250 [02:45<01:38,  4.74it/s]
[1Aphase1 epoch 0:  63%|██████▎   | 786/1250 [02:45<01:38,  4.72it/s]
[1Aphase1 epoch 0:  63%|██████▎   | 787/1250 [02:45<01:37,  4.75it/s]
[1Aphase1 epoch 0:  63%|██████▎   | 788/1250 [02:45<01:36,  4.77it/s]
[1Aphase1 epoch 0:  63%|██████▎   | 789/1250 [02:45<01:36,  4.78it/s]
[1Aphase1 epoch 0:  63%|██████▎   | 790/1250 [02:46<01:37,  4.71it/s]
[1Aphase1 epoch 0:  63%|██████▎   | 791/1250 [02:46<01:36,  4.73it/s]
[1Aphase1 epoch 0:  63%|██████▎   | 792/1250 [02:46<01:36,  4.73it/s]
[1Aphase1 epoch 0:  63%|██████▎   | 793/1250 [02:46<01:36,  4.74it/s]
[1Aphase1 epoch 0:  64%|██████▎   | 794/1250 [02:47<01:34,  4.83it/s]
[1Aphase1 epoch 0:  64%|██████▎   | 795/1250 [02:47<01:34,  4.83it/s]
[1Aphase1 epoch 0:  64%|██████▎   | 796/1250 [02:47<01:34,  4.83it/s]
[1Aphase1 epoch 0:  64%|██████▍   | 797/1250 [02:47<01:33,  4.83it/s]
[1Aphase1 epoch 0:  64%|██████▍   | 798/1250 [02:47<01:34,  4.78it/s]
[1Aphase1 epoch 0:  64%|██████▍   | 799/1250 [02:48<01:34,  4.76it/s]
[1Aphase1 epoch 0:  64%|██████▍   | 800/1250 [02:48<01:32,  4.85it/s]
[1Aphase1 epoch 0:  64%|██████▍   | 801/1250 [02:48<01:32,  4.85it/s]
[1Aphase1 epoch 0:  64%|██████▍   | 802/1250 [02:48<01:32,  4.85it/s]
[1Aphase1 epoch 0:  64%|██████▍   | 803/1250 [02:48<01:32,  4.83it/s]
[1Aphase1 epoch 0:  64%|██████▍   | 804/1250 [02:49<01:32,  4.81it/s]
[1Aphase1 epoch 0:  64%|██████▍   | 805/1250 [02:49<01:32,  4.81it/s]
[1Aphase1 epoch 0:  64%|██████▍   | 806/1250 [02:49<01:31,  4.87it/s]
[1Aphase1 epoch 0:  65%|██████▍   | 807/1250 [02:49<01:31,  4.86it/s]
[1Aphase1 epoch 0:  65%|██████▍   | 808/1250 [02:49<01:31,  4.85it/s]
[1Aphase1 epoch 0:  65%|██████▍   | 809/1250 [02:50<01:31,  4.82it/s]
[1Aphase1 epoch 0:  65%|██████▍   | 810/1250 [02:50<01:30,  4.89it/s]
[1Aphase1 epoch 0:  65%|██████▍   | 811/1250 [02:50<01:30,  4.88it/s]
[1Aphase1 epoch 0:  65%|██████▍   | 812/1250 [02:50<01:30,  4.85it/s]
[1Aphase1 epoch 0:  65%|██████▌   | 813/1250 [02:50<01:28,  4.91it/s]
[1Aphase1 epoch 0:  65%|██████▌   | 814/1250 [02:51<01:29,  4.88it/s]
[1Aphase1 epoch 0:  65%|██████▌   | 815/1250 [02:51<01:29,  4.84it/s]
[1Aphase1 epoch 0:  65%|██████▌   | 816/1250 [02:51<01:29,  4.83it/s]
[1Aphase1 epoch 0:  65%|██████▌   | 817/1250 [02:51<01:30,  4.78it/s]
[1Aphase1 epoch 0:  65%|██████▌   | 818/1250 [02:51<01:28,  4.86it/s]
[1Aphase1 epoch 0:  66%|██████▌   | 819/1250 [02:52<01:29,  4.81it/s]
[1Aphase1 epoch 0:  66%|██████▌   | 820/1250 [02:52<01:29,  4.81it/s]
[1Aphase1 epoch 0:  66%|██████▌   | 821/1250 [02:52<01:30,  4.76it/s]
[1Aphase1 epoch 0:  66%|██████▌   | 822/1250 [02:52<01:29,  4.77it/s]
[1Aphase1 epoch 0:  66%|██████▌   | 823/1250 [02:53<01:29,  4.79it/s]
[1Aphase1 epoch 0:  66%|██████▌   | 824/1250 [02:53<01:28,  4.80it/s]
[1Aphase1 epoch 0:  66%|██████▌   | 825/1250 [02:53<01:27,  4.87it/s]
[1Aphase1 epoch 0:  66%|██████▌   | 826/1250 [02:53<01:27,  4.83it/s]
[1Aphase1 epoch 0:  66%|██████▌   | 827/1250 [02:53<01:28,  4.77it/s]
[1Aphase1 epoch 0:  66%|██████▌   | 828/1250 [02:54<01:28,  4.79it/s]
[1Aphase1 epoch 0:  66%|██████▋   | 829/1250 [02:54<01:26,  4.87it/s]
[1Aphase1 epoch 0:  66%|██████▋   | 830/1250 [02:54<01:26,  4.83it/s]
[1Aphase1 epoch 0:  66%|██████▋   | 831/1250 [02:54<01:26,  4.83it/s]
[1Aphase1 epoch 0:  67%|██████▋   | 832/1250 [02:54<01:27,  4.78it/s]
[1Aphase1 epoch 0:  67%|██████▋   | 833/1250 [02:55<01:27,  4.78it/s]
[1Aphase1 epoch 0:  67%|██████▋   | 834/1250 [02:55<01:26,  4.80it/s]
[1Aphase1 epoch 0:  67%|██████▋   | 835/1250 [02:55<01:26,  4.80it/s]
[1Aphase1 epoch 0:  67%|██████▋   | 836/1250 [02:55<01:24,  4.87it/s]
[1Aphase1 epoch 0:  67%|██████▋   | 837/1250 [02:55<01:25,  4.86it/s]
[1Aphase1 epoch 0:  67%|██████▋   | 838/1250 [02:56<01:25,  4.84it/s]
[1Aphase1 epoch 0:  67%|██████▋   | 839/1250 [02:56<01:25,  4.83it/s]
[1Aphase1 epoch 0:  67%|██████▋   | 840/1250 [02:56<01:23,  4.89it/s]
[1Aphase1 epoch 0:  67%|██████▋   | 841/1250 [02:56<01:23,  4.88it/s]
[1Aphase1 epoch 0:  67%|██████▋   | 842/1250 [02:56<01:22,  4.93it/s]
[1Aphase1 epoch 0:  67%|██████▋   | 843/1250 [02:57<01:23,  4.89it/s]
[1Aphase1 epoch 0:  68%|██████▊   | 844/1250 [02:57<01:23,  4.87it/s]
[1Aphase1 epoch 0:  68%|██████▊   | 845/1250 [02:57<01:23,  4.87it/s]
[1Aphase1 epoch 0:  68%|██████▊   | 846/1250 [02:57<01:23,  4.87it/s]
[1Aphase1 epoch 0:  68%|██████▊   | 847/1250 [02:57<01:21,  4.92it/s]
[1Aphase1 epoch 0:  68%|██████▊   | 848/1250 [02:58<01:22,  4.89it/s]
[1Aphase1 epoch 0:  68%|██████▊   | 849/1250 [02:58<01:22,  4.86it/s]
[1Aphase1 epoch 0:  68%|██████▊   | 850/1250 [02:58<01:23,  4.81it/s]
[1Aphase1 epoch 0:  68%|██████▊   | 851/1250 [02:58<01:23,  4.77it/s]
[1Aphase1 epoch 0:  68%|██████▊   | 852/1250 [02:59<01:23,  4.75it/s]
[1Aphase1 epoch 0:  68%|██████▊   | 853/1250 [02:59<01:23,  4.77it/s]
[1Aphase1 epoch 0:  68%|██████▊   | 854/1250 [02:59<01:22,  4.77it/s]
[1Aphase1 epoch 0:  68%|██████▊   | 855/1250 [02:59<01:24,  4.66it/s]
[1Aphase1 epoch 0:  68%|██████▊   | 856/1250 [02:59<01:24,  4.66it/s]
[1Aphase1 epoch 0:  69%|██████▊   | 857/1250 [03:00<01:23,  4.71it/s]
[1Aphase1 epoch 0:  69%|██████▊   | 858/1250 [03:00<01:22,  4.74it/s]
[1Aphase1 epoch 0:  69%|██████▊   | 859/1250 [03:00<01:22,  4.74it/s]
[1Aphase1 epoch 0:  69%|██████▉   | 860/1250 [03:00<01:21,  4.77it/s]
[1Aphase1 epoch 0:  69%|██████▉   | 861/1250 [03:00<01:20,  4.85it/s]
[1Aphase1 epoch 0:  69%|██████▉   | 862/1250 [03:01<01:20,  4.80it/s]
[1Aphase1 epoch 0:  69%|██████▉   | 863/1250 [03:01<01:19,  4.87it/s]
[1Aphase1 epoch 0:  69%|██████▉   | 864/1250 [03:01<01:18,  4.92it/s]
[1Aphase1 epoch 0:  69%|██████▉   | 865/1250 [03:01<01:17,  4.96it/s]
[1Aphase1 epoch 0:  69%|██████▉   | 866/1250 [03:01<01:18,  4.89it/s]
[1Aphase1 epoch 0:  69%|██████▉   | 867/1250 [03:02<01:18,  4.86it/s]
[1Aphase1 epoch 0:  69%|██████▉   | 868/1250 [03:02<01:19,  4.82it/s]
[1Aphase1 epoch 0:  70%|██████▉   | 869/1250 [03:02<01:17,  4.89it/s]
[1Aphase1 epoch 0:  70%|██████▉   | 870/1250 [03:02<01:18,  4.85it/s]
[1Aphase1 epoch 0:  70%|██████▉   | 871/1250 [03:02<01:16,  4.92it/s]
[1Aphase1 epoch 0:  70%|██████▉   | 872/1250 [03:03<01:16,  4.96it/s]
[1Aphase1 epoch 0:  70%|██████▉   | 873/1250 [03:03<01:16,  4.90it/s]
[1Aphase1 epoch 0:  70%|██████▉   | 874/1250 [03:03<01:17,  4.87it/s]
[1Aphase1 epoch 0:  70%|███████   | 875/1250 [03:03<01:16,  4.92it/s]
[1Aphase1 epoch 0:  70%|███████   | 876/1250 [03:04<01:17,  4.83it/s]
[1Aphase1 epoch 0:  70%|███████   | 877/1250 [03:04<01:17,  4.83it/s]
[1Aphase1 epoch 0:  70%|███████   | 878/1250 [03:04<01:16,  4.83it/s]
[1Aphase1 epoch 0:  70%|███████   | 879/1250 [03:04<01:17,  4.81it/s]
[1Aphase1 epoch 0:  70%|███████   | 880/1250 [03:04<01:15,  4.88it/s]
[1Aphase1 epoch 0:  70%|███████   | 881/1250 [03:05<01:15,  4.92it/s]
[1Aphase1 epoch 0:  71%|███████   | 882/1250 [03:05<01:14,  4.95it/s]
[1Aphase1 epoch 0:  71%|███████   | 883/1250 [03:05<01:13,  4.98it/s]
[1Aphase1 epoch 0:  71%|███████   | 884/1250 [03:05<01:14,  4.89it/s]
[1Aphase1 epoch 0:  71%|███████   | 885/1250 [03:05<01:14,  4.87it/s]
[1Aphase1 epoch 0:  71%|███████   | 886/1250 [03:06<01:15,  4.83it/s]
[1Aphase1 epoch 0:  71%|███████   | 887/1250 [03:06<01:13,  4.92it/s]
[1Aphase1 epoch 0:  71%|███████   | 888/1250 [03:06<01:14,  4.88it/s]
[1Aphase1 epoch 0:  71%|███████   | 889/1250 [03:06<01:14,  4.83it/s]
[1Aphase1 epoch 0:  71%|███████   | 890/1250 [03:06<01:15,  4.78it/s]
[1Aphase1 epoch 0:  71%|███████▏  | 891/1250 [03:07<01:15,  4.76it/s]
[1Aphase1 epoch 0:  71%|███████▏  | 892/1250 [03:07<01:14,  4.79it/s]
[1Aphase1 epoch 0:  71%|███████▏  | 893/1250 [03:07<01:14,  4.77it/s]
[1Aphase1 epoch 0:  72%|███████▏  | 894/1250 [03:07<01:14,  4.77it/s]
[1Aphase1 epoch 0:  72%|███████▏  | 895/1250 [03:07<01:14,  4.78it/s]
[1Aphase1 epoch 0:  72%|███████▏  | 896/1250 [03:08<01:14,  4.73it/s]
[1Aphase1 epoch 0:  72%|███████▏  | 897/1250 [03:08<01:13,  4.82it/s]
[1Aphase1 epoch 0:  72%|███████▏  | 898/1250 [03:08<01:13,  4.81it/s]
[1Aphase1 epoch 0:  72%|███████▏  | 899/1250 [03:08<01:12,  4.81it/s]
[1Aphase1 epoch 0:  72%|███████▏  | 900/1250 [03:08<01:12,  4.82it/s]
[1Aphase1 epoch 0:  72%|███████▏  | 901/1250 [03:09<01:12,  4.80it/s]
[1Aphase1 epoch 0:  72%|███████▏  | 902/1250 [03:09<01:11,  4.87it/s]
[1Aphase1 epoch 0:  72%|███████▏  | 903/1250 [03:09<01:12,  4.78it/s]
[1Aphase1 epoch 0:  72%|███████▏  | 904/1250 [03:09<01:11,  4.86it/s]
[1Aphase1 epoch 0:  72%|███████▏  | 905/1250 [03:10<01:11,  4.84it/s]
[1Aphase1 epoch 0:  72%|███████▏  | 906/1250 [03:10<01:10,  4.90it/s]
[1Aphase1 epoch 0:  73%|███████▎  | 907/1250 [03:10<01:09,  4.95it/s]
[1Aphase1 epoch 0:  73%|███████▎  | 908/1250 [03:10<01:10,  4.88it/s]
[1Aphase1 epoch 0:  73%|███████▎  | 909/1250 [03:10<01:10,  4.87it/s]
[1Aphase1 epoch 0:  73%|███████▎  | 910/1250 [03:11<01:10,  4.85it/s]
[1Aphase1 epoch 0:  73%|███████▎  | 911/1250 [03:11<01:09,  4.84it/s]
[1Aphase1 epoch 0:  73%|███████▎  | 912/1250 [03:11<01:09,  4.83it/s]
[1Aphase1 epoch 0:  73%|███████▎  | 913/1250 [03:11<01:08,  4.90it/s]
[1Aphase1 epoch 0:  73%|███████▎  | 914/1250 [03:11<01:08,  4.87it/s]
[1Aphase1 epoch 0:  73%|███████▎  | 915/1250 [03:12<01:08,  4.92it/s]
[1Aphase1 epoch 0:  73%|███████▎  | 916/1250 [03:12<01:08,  4.90it/s]
[1Aphase1 epoch 0:  73%|███████▎  | 917/1250 [03:12<01:08,  4.87it/s]
[1Aphase1 epoch 0:  73%|███████▎  | 918/1250 [03:12<01:08,  4.83it/s]
[1Aphase1 epoch 0:  74%|███████▎  | 919/1250 [03:12<01:08,  4.83it/s]
[1Aphase1 epoch 0:  74%|███████▎  | 920/1250 [03:13<01:07,  4.90it/s]
[1Aphase1 epoch 0:  74%|███████▎  | 921/1250 [03:13<01:06,  4.95it/s]
[1Aphase1 epoch 0:  74%|███████▍  | 922/1250 [03:13<01:06,  4.92it/s]
[1Aphase1 epoch 0:  74%|███████▍  | 923/1250 [03:13<01:05,  4.96it/s]
[1Aphase1 epoch 0:  74%|███████▍  | 924/1250 [03:13<01:05,  4.99it/s]
[1Aphase1 epoch 0:  74%|███████▍  | 925/1250 [03:14<01:04,  5.01it/s]
[1Aphase1 epoch 0:  74%|███████▍  | 926/1250 [03:14<01:05,  4.95it/s]
[1Aphase1 epoch 0:  74%|███████▍  | 927/1250 [03:14<01:05,  4.92it/s]
[1Aphase1 epoch 0:  74%|███████▍  | 928/1250 [03:14<01:04,  4.96it/s]
[1Aphase1 epoch 0:  74%|███████▍  | 929/1250 [03:14<01:05,  4.92it/s]
[1Aphase1 epoch 0:  74%|███████▍  | 930/1250 [03:15<01:05,  4.89it/s]
[1Aphase1 epoch 0:  74%|███████▍  | 931/1250 [03:15<01:05,  4.87it/s]
[1Aphase1 epoch 0:  75%|███████▍  | 932/1250 [03:15<01:05,  4.85it/s]
[1Aphase1 epoch 0:  75%|███████▍  | 933/1250 [03:15<01:05,  4.85it/s]
[1Aphase1 epoch 0:  75%|███████▍  | 934/1250 [03:15<01:04,  4.90it/s]
[1Aphase1 epoch 0:  75%|███████▍  | 935/1250 [03:16<01:04,  4.89it/s]
[1Aphase1 epoch 0:  75%|███████▍  | 936/1250 [03:16<01:05,  4.83it/s]
[1Aphase1 epoch 0:  75%|███████▍  | 937/1250 [03:16<01:05,  4.78it/s]
[1Aphase1 epoch 0:  75%|███████▌  | 938/1250 [03:16<01:05,  4.78it/s]
[1Aphase1 epoch 0:  75%|███████▌  | 939/1250 [03:16<01:04,  4.86it/s]
[1Aphase1 epoch 0:  75%|███████▌  | 940/1250 [03:17<01:04,  4.82it/s]
[1Aphase1 epoch 0:  75%|███████▌  | 941/1250 [03:17<01:04,  4.80it/s]
[1Aphase1 epoch 0:  75%|███████▌  | 942/1250 [03:17<01:03,  4.88it/s]
[1Aphase1 epoch 0:  75%|███████▌  | 943/1250 [03:17<01:02,  4.93it/s]
[1Aphase1 epoch 0:  76%|███████▌  | 944/1250 [03:17<01:02,  4.88it/s]
[1Aphase1 epoch 0:  76%|███████▌  | 945/1250 [03:18<01:02,  4.87it/s]
[1Aphase1 epoch 0:  76%|███████▌  | 946/1250 [03:18<01:02,  4.85it/s]
[1Aphase1 epoch 0:  76%|███████▌  | 947/1250 [03:18<01:03,  4.78it/s]
[1Aphase1 epoch 0:  76%|███████▌  | 948/1250 [03:18<01:02,  4.85it/s]
[1Aphase1 epoch 0:  76%|███████▌  | 949/1250 [03:19<01:02,  4.78it/s]
[1Aphase1 epoch 0:  76%|███████▌  | 950/1250 [03:19<01:01,  4.86it/s]
[1Aphase1 epoch 0:  76%|███████▌  | 951/1250 [03:19<01:01,  4.83it/s]
[1Aphase1 epoch 0:  76%|███████▌  | 952/1250 [03:19<01:01,  4.82it/s]
[1Aphase1 epoch 0:  76%|███████▌  | 953/1250 [03:19<01:01,  4.83it/s]
[1Aphase1 epoch 0:  76%|███████▋  | 954/1250 [03:20<01:01,  4.81it/s]
[1Aphase1 epoch 0:  76%|███████▋  | 955/1250 [03:20<01:01,  4.82it/s]
[1Aphase1 epoch 0:  76%|███████▋  | 956/1250 [03:20<01:01,  4.78it/s]
[1Aphase1 epoch 0:  77%|███████▋  | 957/1250 [03:20<01:01,  4.80it/s]
[1Aphase1 epoch 0:  77%|███████▋  | 958/1250 [03:20<00:59,  4.89it/s]
[1Aphase1 epoch 0:  77%|███████▋  | 959/1250 [03:21<00:59,  4.88it/s]
[1Aphase1 epoch 0:  77%|███████▋  | 960/1250 [03:21<00:59,  4.86it/s]
[1Aphase1 epoch 0:  77%|███████▋  | 961/1250 [03:21<00:59,  4.82it/s]
[1Aphase1 epoch 0:  77%|███████▋  | 962/1250 [03:21<00:58,  4.89it/s]
[1Aphase1 epoch 0:  77%|███████▋  | 963/1250 [03:21<00:59,  4.85it/s]
[1Aphase1 epoch 0:  77%|███████▋  | 964/1250 [03:22<00:58,  4.85it/s]
[1Aphase1 epoch 0:  77%|███████▋  | 965/1250 [03:22<00:58,  4.84it/s]
[1Aphase1 epoch 0:  77%|███████▋  | 966/1250 [03:22<00:57,  4.90it/s]
[1Aphase1 epoch 0:  77%|███████▋  | 967/1250 [03:22<00:57,  4.94it/s]
[1Aphase1 epoch 0:  77%|███████▋  | 968/1250 [03:22<00:57,  4.88it/s]
[1Aphase1 epoch 0:  78%|███████▊  | 969/1250 [03:23<00:57,  4.86it/s]
[1Aphase1 epoch 0:  78%|███████▊  | 970/1250 [03:23<00:57,  4.83it/s]
[1Aphase1 epoch 0:  78%|███████▊  | 971/1250 [03:23<00:57,  4.83it/s]
[1Aphase1 epoch 0:  78%|███████▊  | 972/1250 [03:23<00:57,  4.88it/s]
[1Aphase1 epoch 0:  78%|███████▊  | 973/1250 [03:23<00:56,  4.86it/s]
[1Aphase1 epoch 0:  78%|███████▊  | 974/1250 [03:24<00:56,  4.86it/s]
[1Aphase1 epoch 0:  78%|███████▊  | 975/1250 [03:24<00:56,  4.84it/s]
[1Aphase1 epoch 0:  78%|███████▊  | 976/1250 [03:24<00:55,  4.93it/s]
[1Aphase1 epoch 0:  78%|███████▊  | 977/1250 [03:24<00:55,  4.88it/s]
[1Aphase1 epoch 0:  78%|███████▊  | 978/1250 [03:24<00:56,  4.85it/s]
[1Aphase1 epoch 0:  78%|███████▊  | 979/1250 [03:25<00:55,  4.90it/s]
[1Aphase1 epoch 0:  78%|███████▊  | 980/1250 [03:25<00:55,  4.87it/s]
[1Aphase1 epoch 0:  78%|███████▊  | 981/1250 [03:25<00:55,  4.86it/s]
[1Aphase1 epoch 0:  79%|███████▊  | 982/1250 [03:25<00:55,  4.85it/s]
[1Aphase1 epoch 0:  79%|███████▊  | 983/1250 [03:26<00:55,  4.79it/s]
[1Aphase1 epoch 0:  79%|███████▊  | 984/1250 [03:26<00:55,  4.80it/s]
[1Aphase1 epoch 0:  79%|███████▉  | 985/1250 [03:26<00:55,  4.79it/s]
[1Aphase1 epoch 0:  79%|███████▉  | 986/1250 [03:26<00:55,  4.76it/s]
[1Aphase1 epoch 0:  79%|███████▉  | 987/1250 [03:26<00:55,  4.75it/s]
[1Aphase1 epoch 0:  79%|███████▉  | 988/1250 [03:27<00:54,  4.83it/s]
[1Aphase1 epoch 0:  79%|███████▉  | 989/1250 [03:27<00:53,  4.84it/s]
[1Aphase1 epoch 0:  79%|███████▉  | 990/1250 [03:27<00:52,  4.91it/s]
[1Aphase1 epoch 0:  79%|███████▉  | 991/1250 [03:27<00:53,  4.88it/s]
[1Aphase1 epoch 0:  79%|███████▉  | 992/1250 [03:27<00:53,  4.81it/s]
[1Aphase1 epoch 0:  79%|███████▉  | 993/1250 [03:28<00:53,  4.81it/s]
[1Aphase1 epoch 0:  80%|███████▉  | 994/1250 [03:28<00:53,  4.80it/s]
[1Aphase1 epoch 0:  80%|███████▉  | 995/1250 [03:28<00:53,  4.79it/s]
[1Aphase1 epoch 0:  80%|███████▉  | 996/1250 [03:28<00:52,  4.86it/s]
[1Aphase1 epoch 0:  80%|███████▉  | 997/1250 [03:28<00:52,  4.78it/s]
[1Aphase1 epoch 0:  80%|███████▉  | 998/1250 [03:29<00:52,  4.80it/s]
[1Aphase1 epoch 0:  80%|███████▉  | 999/1250 [03:29<00:52,  4.74it/s]
[1Aphase1 epoch 0:  80%|████████  | 1000/1250 [03:29<00:53,  4.70it/s]
[1Aphase1 epoch 0:  80%|████████  | 1001/1250 [03:29<00:52,  4.73it/s]
[1Aphase1 epoch 0:  80%|████████  | 1002/1250 [03:30<00:52,  4.75it/s]
[1Aphase1 epoch 0:  80%|████████  | 1003/1250 [03:30<00:51,  4.83it/s]
[1Aphase1 epoch 0:  80%|████████  | 1004/1250 [03:30<00:51,  4.80it/s]
[1Aphase1 epoch 0:  80%|████████  | 1005/1250 [03:30<00:51,  4.74it/s]
[1Aphase1 epoch 0:  80%|████████  | 1006/1250 [03:30<00:51,  4.70it/s]
[1Aphase1 epoch 0:  81%|████████  | 1007/1250 [03:31<00:50,  4.80it/s]
[1Aphase1 epoch 0:  81%|████████  | 1008/1250 [03:31<00:50,  4.79it/s]
[1Aphase1 epoch 0:  81%|████████  | 1009/1250 [03:31<00:49,  4.87it/s]
[1Aphase1 epoch 0:  81%|████████  | 1010/1250 [03:31<00:49,  4.86it/s]
[1Aphase1 epoch 0:  81%|████████  | 1011/1250 [03:31<00:49,  4.86it/s]
[1Aphase1 epoch 0:  81%|████████  | 1012/1250 [03:32<00:49,  4.83it/s]
[1Aphase1 epoch 0:  81%|████████  | 1013/1250 [03:32<00:48,  4.89it/s]
[1Aphase1 epoch 0:  81%|████████  | 1014/1250 [03:32<00:47,  4.94it/s]
[1Aphase1 epoch 0:  81%|████████  | 1015/1250 [03:32<00:47,  4.91it/s]
[1Aphase1 epoch 0:  81%|████████▏ | 1016/1250 [03:32<00:47,  4.96it/s]
[1Aphase1 epoch 0:  81%|████████▏ | 1017/1250 [03:33<00:46,  5.00it/s]
[1Aphase1 epoch 0:  81%|████████▏ | 1018/1250 [03:33<00:46,  4.94it/s]
[1Aphase1 epoch 0:  82%|████████▏ | 1019/1250 [03:33<00:47,  4.91it/s]
[1Aphase1 epoch 0:  82%|████████▏ | 1020/1250 [03:33<00:47,  4.85it/s]
[1Aphase1 epoch 0:  82%|████████▏ | 1021/1250 [03:33<00:47,  4.82it/s]
[1Aphase1 epoch 0:  82%|████████▏ | 1022/1250 [03:34<00:47,  4.82it/s]
[1Aphase1 epoch 0:  82%|████████▏ | 1023/1250 [03:34<00:47,  4.82it/s]
[1Aphase1 epoch 0:  82%|████████▏ | 1024/1250 [03:34<00:46,  4.88it/s]
[1Aphase1 epoch 0:  82%|████████▏ | 1025/1250 [03:34<00:45,  4.92it/s]
[1Aphase1 epoch 0:  82%|████████▏ | 1026/1250 [03:34<00:45,  4.95it/s]
[1Aphase1 epoch 0:  82%|████████▏ | 1027/1250 [03:35<00:44,  4.98it/s]
[1Aphase1 epoch 0:  82%|████████▏ | 1028/1250 [03:35<00:44,  5.01it/s]
[1Aphase1 epoch 0:  82%|████████▏ | 1029/1250 [03:35<00:44,  5.02it/s]
[1Aphase1 epoch 0:  82%|████████▏ | 1030/1250 [03:35<00:44,  4.96it/s]
[1Aphase1 epoch 0:  82%|████████▏ | 1031/1250 [03:35<00:44,  4.90it/s]
[1Aphase1 epoch 0:  83%|████████▎ | 1032/1250 [03:36<00:44,  4.94it/s]
[1Aphase1 epoch 0:  83%|████████▎ | 1033/1250 [03:36<00:44,  4.83it/s]
[1Aphase1 epoch 0:  83%|████████▎ | 1034/1250 [03:36<00:44,  4.83it/s]
[1Aphase1 epoch 0:  83%|████████▎ | 1035/1250 [03:36<00:44,  4.78it/s]
[1Aphase1 epoch 0:  83%|████████▎ | 1036/1250 [03:36<00:44,  4.86it/s]
[1Aphase1 epoch 0:  83%|████████▎ | 1037/1250 [03:37<00:44,  4.84it/s]
[1Aphase1 epoch 0:  83%|████████▎ | 1038/1250 [03:37<00:44,  4.80it/s]
[1Aphase1 epoch 0:  83%|████████▎ | 1039/1250 [03:37<00:43,  4.81it/s]
[1Aphase1 epoch 0:  83%|████████▎ | 1040/1250 [03:37<00:43,  4.88it/s]
[1Aphase1 epoch 0:  83%|████████▎ | 1041/1250 [03:37<00:42,  4.93it/s]
[1Aphase1 epoch 0:  83%|████████▎ | 1042/1250 [03:38<00:43,  4.83it/s]
[1Aphase1 epoch 0:  83%|████████▎ | 1043/1250 [03:38<00:42,  4.83it/s]
[1Aphase1 epoch 0:  84%|████████▎ | 1044/1250 [03:38<00:42,  4.83it/s]
[1Aphase1 epoch 0:  84%|████████▎ | 1045/1250 [03:38<00:41,  4.89it/s]
[1Aphase1 epoch 0:  84%|████████▎ | 1046/1250 [03:39<00:42,  4.83it/s]
[1Aphase1 epoch 0:  84%|████████▍ | 1047/1250 [03:39<00:42,  4.81it/s]
[1Aphase1 epoch 0:  84%|████████▍ | 1048/1250 [03:39<00:41,  4.82it/s]
[1Aphase1 epoch 0:  84%|████████▍ | 1049/1250 [03:39<00:41,  4.89it/s]
[1Aphase1 epoch 0:  84%|████████▍ | 1050/1250 [03:39<00:40,  4.93it/s]
[1Aphase1 epoch 0:  84%|████████▍ | 1051/1250 [03:40<00:40,  4.96it/s]
[1Aphase1 epoch 0:  84%|████████▍ | 1052/1250 [03:40<00:39,  4.99it/s]
[1Aphase1 epoch 0:  84%|████████▍ | 1053/1250 [03:40<00:39,  5.00it/s]
[1Aphase1 epoch 0:  84%|████████▍ | 1054/1250 [03:40<00:40,  4.89it/s]
[1Aphase1 epoch 0:  84%|████████▍ | 1055/1250 [03:40<00:40,  4.83it/s]
[1Aphase1 epoch 0:  84%|████████▍ | 1056/1250 [03:41<00:40,  4.81it/s]
[1Aphase1 epoch 0:  85%|████████▍ | 1057/1250 [03:41<00:40,  4.82it/s]
[1Aphase1 epoch 0:  85%|████████▍ | 1058/1250 [03:41<00:39,  4.82it/s]
[1Aphase1 epoch 0:  85%|████████▍ | 1059/1250 [03:41<00:39,  4.90it/s]
[1Aphase1 epoch 0:  85%|████████▍ | 1060/1250 [03:41<00:38,  4.94it/s]
[1Aphase1 epoch 0:  85%|████████▍ | 1061/1250 [03:42<00:38,  4.90it/s]
[1Aphase1 epoch 0:  85%|████████▍ | 1062/1250 [03:42<00:38,  4.88it/s]
[1Aphase1 epoch 0:  85%|████████▌ | 1063/1250 [03:42<00:38,  4.86it/s]
[1Aphase1 epoch 0:  85%|████████▌ | 1064/1250 [03:42<00:37,  4.91it/s]
[1Aphase1 epoch 0:  85%|████████▌ | 1065/1250 [03:42<00:37,  4.90it/s]
[1Aphase1 epoch 0:  85%|████████▌ | 1066/1250 [03:43<00:37,  4.87it/s]
[1Aphase1 epoch 0:  85%|████████▌ | 1067/1250 [03:43<00:37,  4.85it/s]
[1Aphase1 epoch 0:  85%|████████▌ | 1068/1250 [03:43<00:37,  4.92it/s]
[1Aphase1 epoch 0:  86%|████████▌ | 1069/1250 [03:43<00:36,  4.96it/s]
[1Aphase1 epoch 0:  86%|████████▌ | 1070/1250 [03:43<00:35,  5.01it/s]
[1Aphase1 epoch 0:  86%|████████▌ | 1071/1250 [03:44<00:36,  4.93it/s]
[1Aphase1 epoch 0:  86%|████████▌ | 1072/1250 [03:44<00:36,  4.88it/s]
[1Aphase1 epoch 0:  86%|████████▌ | 1073/1250 [03:44<00:36,  4.82it/s]
[1Aphase1 epoch 0:  86%|████████▌ | 1074/1250 [03:44<00:36,  4.88it/s]
[1Aphase1 epoch 0:  86%|████████▌ | 1075/1250 [03:44<00:36,  4.86it/s]
[1Aphase1 epoch 0:  86%|████████▌ | 1076/1250 [03:45<00:35,  4.91it/s]
[1Aphase1 epoch 0:  86%|████████▌ | 1077/1250 [03:45<00:35,  4.89it/s]
[1Aphase1 epoch 0:  86%|████████▌ | 1078/1250 [03:45<00:35,  4.87it/s]
[1Aphase1 epoch 0:  86%|████████▋ | 1079/1250 [03:45<00:35,  4.86it/s]
[1Aphase1 epoch 0:  86%|████████▋ | 1080/1250 [03:45<00:35,  4.80it/s]
[1Aphase1 epoch 0:  86%|████████▋ | 1081/1250 [03:46<00:34,  4.88it/s]
[1Aphase1 epoch 0:  87%|████████▋ | 1082/1250 [03:46<00:34,  4.85it/s]
[1Aphase1 epoch 0:  87%|████████▋ | 1083/1250 [03:46<00:34,  4.85it/s]
[1Aphase1 epoch 0:  87%|████████▋ | 1084/1250 [03:46<00:34,  4.79it/s]
[1Aphase1 epoch 0:  87%|████████▋ | 1085/1250 [03:47<00:33,  4.85it/s]
[1Aphase1 epoch 0:  87%|████████▋ | 1086/1250 [03:47<00:34,  4.77it/s]
[1Aphase1 epoch 0:  87%|████████▋ | 1087/1250 [03:47<00:33,  4.85it/s]
[1Aphase1 epoch 0:  87%|████████▋ | 1088/1250 [03:47<00:33,  4.82it/s]
[1Aphase1 epoch 0:  87%|████████▋ | 1089/1250 [03:47<00:33,  4.82it/s]
[1Aphase1 epoch 0:  87%|████████▋ | 1090/1250 [03:48<00:33,  4.83it/s]
[1Aphase1 epoch 0:  87%|████████▋ | 1091/1250 [03:48<00:32,  4.82it/s]
[1Aphase1 epoch 0:  87%|████████▋ | 1092/1250 [03:48<00:32,  4.80it/s]
[1Aphase1 epoch 0:  87%|████████▋ | 1093/1250 [03:48<00:32,  4.79it/s]
[1Aphase1 epoch 0:  88%|████████▊ | 1094/1250 [03:48<00:32,  4.80it/s]
[1Aphase1 epoch 0:  88%|████████▊ | 1095/1250 [03:49<00:32,  4.77it/s]
[1Aphase1 epoch 0:  88%|████████▊ | 1096/1250 [03:49<00:32,  4.79it/s]
[1Aphase1 epoch 0:  88%|████████▊ | 1097/1250 [03:49<00:31,  4.87it/s]
[1Aphase1 epoch 0:  88%|████████▊ | 1098/1250 [03:49<00:31,  4.87it/s]
[1Aphase1 epoch 0:  88%|████████▊ | 1099/1250 [03:49<00:30,  4.93it/s]
[1Aphase1 epoch 0:  88%|████████▊ | 1100/1250 [03:50<00:30,  4.88it/s]
[1Aphase1 epoch 0:  88%|████████▊ | 1101/1250 [03:50<00:30,  4.87it/s]
[1Aphase1 epoch 0:  88%|████████▊ | 1102/1250 [03:50<00:30,  4.82it/s]
[1Aphase1 epoch 0:  88%|████████▊ | 1103/1250 [03:50<00:30,  4.88it/s]
[1Aphase1 epoch 0:  88%|████████▊ | 1104/1250 [03:50<00:30,  4.85it/s]
[1Aphase1 epoch 0:  88%|████████▊ | 1105/1250 [03:51<00:30,  4.83it/s]
[1Aphase1 epoch 0:  88%|████████▊ | 1106/1250 [03:51<00:29,  4.83it/s]
[1Aphase1 epoch 0:  89%|████████▊ | 1107/1250 [03:51<00:29,  4.83it/s]
[1Aphase1 epoch 0:  89%|████████▊ | 1108/1250 [03:51<00:29,  4.84it/s]
[1Aphase1 epoch 0:  89%|████████▊ | 1109/1250 [03:51<00:28,  4.89it/s]
[1Aphase1 epoch 0:  89%|████████▉ | 1110/1250 [03:52<00:28,  4.93it/s]
[1Aphase1 epoch 0:  89%|████████▉ | 1111/1250 [03:52<00:27,  4.97it/s]
[1Aphase1 epoch 0:  89%|████████▉ | 1112/1250 [03:52<00:28,  4.92it/s]
[1Aphase1 epoch 0:  89%|████████▉ | 1113/1250 [03:52<00:28,  4.89it/s]
[1Aphase1 epoch 0:  89%|████████▉ | 1114/1250 [03:52<00:27,  4.86it/s]
[1Aphase1 epoch 0:  89%|████████▉ | 1115/1250 [03:53<00:28,  4.82it/s]
[1Aphase1 epoch 0:  89%|████████▉ | 1116/1250 [03:53<00:27,  4.89it/s]
[1Aphase1 epoch 0:  89%|████████▉ | 1117/1250 [03:53<00:27,  4.85it/s]
[1Aphase1 epoch 0:  89%|████████▉ | 1118/1250 [03:53<00:27,  4.82it/s]
[1Aphase1 epoch 0:  90%|████████▉ | 1119/1250 [03:54<00:26,  4.89it/s]
[1Aphase1 epoch 0:  90%|████████▉ | 1120/1250 [03:54<00:26,  4.94it/s]
[1Aphase1 epoch 0:  90%|████████▉ | 1121/1250 [03:54<00:25,  4.97it/s]
[1Aphase1 epoch 0:  90%|████████▉ | 1122/1250 [03:54<00:25,  4.99it/s]
[1Aphase1 epoch 0:  90%|████████▉ | 1123/1250 [03:54<00:25,  5.00it/s]
[1Aphase1 epoch 0:  90%|████████▉ | 1124/1250 [03:55<00:25,  5.01it/s]
[1Aphase1 epoch 0:  90%|█████████ | 1125/1250 [03:55<00:24,  5.02it/s]
[1Aphase1 epoch 0:  90%|█████████ | 1126/1250 [03:55<00:25,  4.95it/s]
[1Aphase1 epoch 0:  90%|█████████ | 1127/1250 [03:55<00:24,  4.93it/s]
[1Aphase1 epoch 0:  90%|█████████ | 1128/1250 [03:55<00:24,  4.88it/s]
[1Aphase1 epoch 0:  90%|█████████ | 1129/1250 [03:56<00:24,  4.85it/s]
[1Aphase1 epoch 0:  90%|█████████ | 1130/1250 [03:56<00:24,  4.84it/s]
[1Aphase1 epoch 0:  90%|█████████ | 1131/1250 [03:56<00:24,  4.84it/s]
[1Aphase1 epoch 0:  91%|█████████ | 1132/1250 [03:56<00:24,  4.81it/s]
[1Aphase1 epoch 0:  91%|█████████ | 1133/1250 [03:56<00:24,  4.77it/s]
[1Aphase1 epoch 0:  91%|█████████ | 1134/1250 [03:57<00:24,  4.74it/s]
[1Aphase1 epoch 0:  91%|█████████ | 1135/1250 [03:57<00:24,  4.75it/s]
[1Aphase1 epoch 0:  91%|█████████ | 1136/1250 [03:57<00:23,  4.77it/s]
[1Aphase1 epoch 0:  91%|█████████ | 1137/1250 [03:57<00:23,  4.79it/s]
[1Aphase1 epoch 0:  91%|█████████ | 1138/1250 [03:57<00:23,  4.87it/s]
[1Aphase1 epoch 0:  91%|█████████ | 1139/1250 [03:58<00:22,  4.86it/s]
[1Aphase1 epoch 0:  91%|█████████ | 1140/1250 [03:58<00:22,  4.79it/s]
[1Aphase1 epoch 0:  91%|█████████▏| 1141/1250 [03:58<00:22,  4.82it/s]
[1Aphase1 epoch 0:  91%|█████████▏| 1142/1250 [03:58<00:22,  4.80it/s]
[1Aphase1 epoch 0:  91%|█████████▏| 1143/1250 [03:58<00:22,  4.79it/s]
[1Aphase1 epoch 0:  92%|█████████▏| 1144/1250 [03:59<00:22,  4.73it/s]
[1Aphase1 epoch 0:  92%|█████████▏| 1145/1250 [03:59<00:22,  4.77it/s]
[1Aphase1 epoch 0:  92%|█████████▏| 1146/1250 [03:59<00:21,  4.79it/s]
[1Aphase1 epoch 0:  92%|█████████▏| 1147/1250 [03:59<00:21,  4.86it/s]
[1Aphase1 epoch 0:  92%|█████████▏| 1148/1250 [03:59<00:20,  4.91it/s]
[1Aphase1 epoch 0:  92%|█████████▏| 1149/1250 [04:00<00:20,  4.88it/s]
[1Aphase1 epoch 0:  92%|█████████▏| 1150/1250 [04:00<00:20,  4.94it/s]
[1Aphase1 epoch 0:  92%|█████████▏| 1151/1250 [04:00<00:20,  4.90it/s]
[1Aphase1 epoch 0:  92%|█████████▏| 1152/1250 [04:00<00:20,  4.84it/s]
[1Aphase1 epoch 0:  92%|█████████▏| 1153/1250 [04:01<00:20,  4.83it/s]
[1Aphase1 epoch 0:  92%|█████████▏| 1154/1250 [04:01<00:19,  4.81it/s]
[1Aphase1 epoch 0:  92%|█████████▏| 1155/1250 [04:01<00:19,  4.82it/s]
[1Aphase1 epoch 0:  92%|█████████▏| 1156/1250 [04:01<00:19,  4.82it/s]
[1Aphase1 epoch 0:  93%|█████████▎| 1157/1250 [04:01<00:19,  4.80it/s]
[1Aphase1 epoch 0:  93%|█████████▎| 1158/1250 [04:02<00:18,  4.87it/s]
[1Aphase1 epoch 0:  93%|█████████▎| 1159/1250 [04:02<00:18,  4.82it/s]
[1Aphase1 epoch 0:  93%|█████████▎| 1160/1250 [04:02<00:18,  4.88it/s]
[1Aphase1 epoch 0:  93%|█████████▎| 1161/1250 [04:02<00:18,  4.83it/s]
[1Aphase1 epoch 0:  93%|█████████▎| 1162/1250 [04:02<00:18,  4.79it/s]
[1Aphase1 epoch 0:  93%|█████████▎| 1163/1250 [04:03<00:18,  4.79it/s]
[1Aphase1 epoch 0:  93%|█████████▎| 1164/1250 [04:03<00:17,  4.79it/s]
[1Aphase1 epoch 0:  93%|█████████▎| 1165/1250 [04:03<00:17,  4.87it/s]
[1Aphase1 epoch 0:  93%|█████████▎| 1166/1250 [04:03<00:17,  4.83it/s]
[1Aphase1 epoch 0:  93%|█████████▎| 1167/1250 [04:03<00:16,  4.89it/s]
[1Aphase1 epoch 0:  93%|█████████▎| 1168/1250 [04:04<00:16,  4.88it/s]
[1Aphase1 epoch 0:  94%|█████████▎| 1169/1250 [04:04<00:16,  4.86it/s]
[1Aphase1 epoch 0:  94%|█████████▎| 1170/1250 [04:04<00:16,  4.83it/s]
[1Aphase1 epoch 0:  94%|█████████▎| 1171/1250 [04:04<00:16,  4.77it/s]
[1Aphase1 epoch 0:  94%|█████████▍| 1172/1250 [04:04<00:16,  4.77it/s]
[1Aphase1 epoch 0:  94%|█████████▍| 1173/1250 [04:05<00:16,  4.75it/s]
[1Aphase1 epoch 0:  94%|█████████▍| 1174/1250 [04:05<00:15,  4.79it/s]
[1Aphase1 epoch 0:  94%|█████████▍| 1175/1250 [04:05<00:15,  4.75it/s]
[1Aphase1 epoch 0:  94%|█████████▍| 1176/1250 [04:05<00:15,  4.76it/s]
[1Aphase1 epoch 0:  94%|█████████▍| 1177/1250 [04:06<00:15,  4.76it/s]
[1Aphase1 epoch 0:  94%|█████████▍| 1178/1250 [04:06<00:15,  4.78it/s][modal-client] 2026-07-18T15:19:45+0000 Received a cancellation signal while processing input ('in-01KXTWQ3FZSSG26CM28HDSBSFD:1784387702272-0',)

[1Aphase1 epoch 0:  94%|█████████▍| 1179/1250 [04:06<00:14,  4.75it/s]
[1Aphase1 epoch 0:  94%|█████████▍| 1180/1250 [04:06<00:14,  4.76it/s]
[1Aphase1 epoch 0:  94%|█████████▍| 1181/1250 [04:06<00:14,  4.75it/s]
[1Aphase1 epoch 0:  95%|█████████▍| 1182/1250 [04:07<00:14,  4.71it/s]
[1Aphase1 epoch 0:  95%|█████████▍| 1183/1250 [04:07<00:13,  4.83it/s]
[1Aphase1 epoch 0:  95%|█████████▍| 1184/1250 [04:07<00:13,  4.81it/s]
[1Aphase1 epoch 0:  95%|█████████▍| 1185/1250 [04:07<00:13,  4.88it/s]
[1Aphase1 epoch 0:  95%|█████████▍| 1186/1250 [04:07<00:13,  4.88it/s]
[1Aphase1 epoch 0:  95%|█████████▍| 1187/1250 [04:08<00:12,  4.86it/s]
[1Aphase1 epoch 0:  95%|█████████▌| 1188/1250 [04:08<00:12,  4.83it/s]
[1Aphase1 epoch 0:  95%|█████████▌| 1189/1250 [04:08<00:12,  4.83it/s]
[1Aphase1 epoch 0:  95%|█████████▌| 1190/1250 [04:08<00:12,  4.89it/s]
[1Aphase1 epoch 0:  95%|█████████▌| 1191/1250 [04:08<00:12,  4.86it/s]
[1Aphase1 epoch 0:  95%|█████████▌| 1192/1250 [04:09<00:11,  4.85it/s]
[1Aphase1 epoch 0:  95%|█████████▌| 1193/1250 [04:09<00:11,  4.84it/s]
[1Aphase1 epoch 0:  96%|█████████▌| 1194/1250 [04:09<00:11,  4.82it/s]
[1Aphase1 epoch 0:  96%|█████████▌| 1195/1250 [04:09<00:11,  4.83it/s]
[1Aphase1 epoch 0:  96%|█████████▌| 1196/1250 [04:09<00:11,  4.84it/s]
[1Aphase1 epoch 0:  96%|█████████▌| 1197/1250 [04:10<00:10,  4.85it/s]
[1Aphase1 epoch 0:  96%|█████████▌| 1198/1250 [04:10<00:10,  4.83it/s]
[1Aphase1 epoch 0:  96%|█████████▌| 1199/1250 [04:10<00:10,  4.83it/s]
[1Aphase1 epoch 0:  96%|█████████▌| 1200/1250 [04:10<00:10,  4.84it/s]
[1Aphase1 epoch 0:  96%|█████████▌| 1201/1250 [04:10<00:10,  4.90it/s]
[1Aphase1 epoch 0:  96%|█████████▌| 1202/1250 [04:11<00:09,  4.89it/s]
[1Aphase1 epoch 0:  96%|█████████▌| 1203/1250 [04:11<00:09,  4.93it/s]
[1Aphase1 epoch 0:  96%|█████████▋| 1204/1250 [04:11<00:09,  4.88it/s]
[1Aphase1 epoch 0:  96%|█████████▋| 1205/1250 [04:11<00:09,  4.85it/s]
[1Aphase1 epoch 0:  96%|█████████▋| 1206/1250 [04:12<00:09,  4.81it/s]
[1Aphase1 epoch 0:  97%|█████████▋| 1207/1250 [04:12<00:08,  4.79it/s]
[1Aphase1 epoch 0:  97%|█████████▋| 1208/1250 [04:12<00:08,  4.78it/s]
[1Aphase1 epoch 0:  97%|█████████▋| 1209/1250 [04:12<00:08,  4.74it/s]
[1Aphase1 epoch 0:  97%|█████████▋| 1210/1250 [04:12<00:08,  4.82it/s]
[1Aphase1 epoch 0:  97%|█████████▋| 1211/1250 [04:13<00:07,  4.88it/s]
[1Aphase1 epoch 0:  97%|█████████▋| 1212/1250 [04:13<00:07,  4.84it/s]
[1Aphase1 epoch 0:  97%|█████████▋| 1213/1250 [04:13<00:07,  4.84it/s]
[1Aphase1 epoch 0:  97%|█████████▋| 1214/1250 [04:13<00:07,  4.82it/s]
[1Aphase1 epoch 0:  97%|█████████▋| 1215/1250 [04:13<00:07,  4.89it/s]
[1Aphase1 epoch 0:  97%|█████████▋| 1216/1250 [04:14<00:06,  4.86it/s]
[1Aphase1 epoch 0:  97%|█████████▋| 1217/1250 [04:14<00:06,  4.84it/s]
[1Aphase1 epoch 0:  97%|█████████▋| 1218/1250 [04:14<00:06,  4.83it/s]
[1Aphase1 epoch 0:  98%|█████████▊| 1219/1250 [04:14<00:06,  4.84it/s]
[1Aphase1 epoch 0:  98%|█████████▊| 1220/1250 [04:14<00:06,  4.83it/s]
[1Aphase1 epoch 0:  98%|█████████▊| 1221/1250 [04:15<00:06,  4.75it/s]
[1Aphase1 epoch 0:  98%|█████████▊| 1222/1250 [04:15<00:05,  4.83it/s]
[1Aphase1 epoch 0:  98%|█████████▊| 1223/1250 [04:15<00:05,  4.79it/s]
[1Aphase1 epoch 0:  98%|█████████▊| 1224/1250 [04:15<00:05,  4.79it/s]
[1Aphase1 epoch 0:  98%|█████████▊| 1225/1250 [04:15<00:05,  4.81it/s]
[1Aphase1 epoch 0:  98%|█████████▊| 1226/1250 [04:16<00:04,  4.82it/s]
[1Aphase1 epoch 0:  98%|█████████▊| 1227/1250 [04:16<00:04,  4.89it/s]
[1Aphase1 epoch 0:  98%|█████████▊| 1228/1250 [04:16<00:04,  4.86it/s]
[1Aphase1 epoch 0:  98%|█████████▊| 1229/1250 [04:16<00:04,  4.85it/s]
[1Aphase1 epoch 0:  98%|█████████▊| 1230/1250 [04:16<00:04,  4.83it/s]
[1Aphase1 epoch 0:  98%|█████████▊| 1231/1250 [04:17<00:03,  4.89it/s]
[1Aphase1 epoch 0:  99%|█████████▊| 1232/1250 [04:17<00:03,  4.81it/s]
[1Aphase1 epoch 0:  99%|█████████▊| 1233/1250 [04:17<00:03,  4.83it/s]
[1Aphase1 epoch 0:  99%|█████████▊| 1234/1250 [04:17<00:03,  4.82it/s]
[1Aphase1 epoch 0:  99%|█████████▉| 1235/1250 [04:18<00:03,  4.82it/s]
[1Aphase1 epoch 0:  99%|█████████▉| 1236/1250 [04:18<00:02,  4.90it/s]
[1Aphase1 epoch 0:  99%|█████████▉| 1237/1250 [04:18<00:02,  4.88it/s]
[1Aphase1 epoch 0:  99%|█████████▉| 1238/1250 [04:18<00:02,  4.86it/s]
[1Aphase1 epoch 0:  99%|█████████▉| 1239/1250 [04:18<00:02,  4.82it/s]
[1Aphase1 epoch 0:  99%|█████████▉| 1240/1250 [04:19<00:02,  4.81it/s]
[1Aphase1 epoch 0:  99%|█████████▉| 1241/1250 [04:19<00:01,  4.74it/s]
[1Aphase1 epoch 0:  99%|█████████▉| 1242/1250 [04:19<00:01,  4.74it/s]
[1Aphase1 epoch 0:  99%|█████████▉| 1243/1250 [04:19<00:01,  4.83it/s]
[1Aphase1 epoch 0: 100%|█████████▉| 1244/1250 [04:19<00:01,  4.89it/s]
[1Aphase1 epoch 0: 100%|█████████▉| 1245/1250 [04:20<00:01,  4.86it/s]
[1Aphase1 epoch 0: 100%|█████████▉| 1246/1250 [04:20<00:00,  4.84it/s]
[1Aphase1 epoch 0: 100%|█████████▉| 1247/1250 [04:20<00:00,  4.85it/s]
[1Aphase1 epoch 0: 100%|█████████▉| 1248/1250 [04:20<00:00,  4.85it/s]
[1Aphase1 epoch 0: 100%|█████████▉| 1249/1250 [04:20<00:00,  4.79it/s]
[1Aphase1 epoch 0: 100%|██████████| 1250/1250 [04:21<00:00,  4.86it/s]                                                                   
[1A
[1Aphase1 epoch 1:   0%|          | 0/1250 [00:00<?, ?it/s]
[1Aphase1 epoch 1:   0%|          | 1/1250 [00:00<04:07,  5.06it/s]
[1Aphase1 epoch 1:   0%|          | 2/1250 [00:00<04:06,  5.06it/s]
[1Aphase1 epoch 1:   0%|          | 3/1250 [00:00<04:14,  4.90it/s]
[1Aphase1 epoch 1:   0%|          | 4/1250 [00:00<04:15,  4.88it/s]
[1Aphase1 epoch 1:   0%|          | 5/1250 [00:01<04:12,  4.94it/s]
[1Aphase1 epoch 1:   0%|          | 6/1250 [00:01<04:10,  4.98it/s]
[1Aphase1 epoch 1:   1%|          | 7/1250 [00:01<04:12,  4.92it/s]
[1Aphase1 epoch 1:   1%|          | 8/1250 [00:01<04:14,  4.88it/s]
[1Aphase1 epoch 1:   1%|          | 9/1250 [00:01<04:15,  4.86it/s]
[1Aphase1 epoch 1:   1%|          | 10/1250 [00:02<04:12,  4.91it/s]
[1Aphase1 epoch 1:   1%|          | 11/1250 [00:02<04:14,  4.87it/s]
[1Aphase1 epoch 1:   1%|          | 12/1250 [00:02<04:11,  4.92it/s]
[1Aphase1 epoch 1:   1%|          | 13/1250 [00:02<04:14,  4.85it/s]
[1Aphase1 epoch 1:   1%|          | 14/1250 [00:02<04:11,  4.91it/s]
[1Aphase1 epoch 1:   1%|          | 15/1250 [00:03<04:09,  4.95it/s]
[1Aphase1 epoch 1:   1%|▏         | 16/1250 [00:03<04:11,  4.90it/s]
[1Aphase1 epoch 1:   1%|▏         | 17/1250 [00:03<04:13,  4.86it/s]
[1Aphase1 epoch 1:   1%|▏         | 18/1250 [00:03<04:10,  4.92it/s]
[1Aphase1 epoch 1:   2%|▏         | 19/1250 [00:03<04:12,  4.87it/s]
[1Aphase1 epoch 1:   2%|▏         | 20/1250 [00:04<04:13,  4.85it/s]
[1Aphase1 epoch 1:   2%|▏         | 21/1250 [00:04<04:13,  4.85it/s]
[1Aphase1 epoch 1:   2%|▏         | 22/1250 [00:04<04:09,  4.91it/s]
[1Aphase1 epoch 1:   2%|▏         | 23/1250 [00:04<04:13,  4.85it/s]
[1Aphase1 epoch 1:   2%|▏         | 24/1250 [00:04<04:13,  4.84it/s]
[1Aphase1 epoch 1:   2%|▏         | 25/1250 [00:05<04:14,  4.81it/s]
[1Aphase1 epoch 1:   2%|▏         | 26/1250 [00:05<04:14,  4.81it/s]
[1Aphase1 epoch 1:   2%|▏         | 27/1250 [00:05<04:14,  4.80it/s]
[1Aphase1 epoch 1:   2%|▏         | 28/1250 [00:05<04:14,  4.80it/s]
[1Aphase1 epoch 1:   2%|▏         | 29/1250 [00:05<04:14,  4.80it/s]
[1Aphase1 epoch 1:   2%|▏         | 30/1250 [00:06<04:13,  4.81it/s]
[1Aphase1 epoch 1:   2%|▏         | 31/1250 [00:06<04:15,  4.78it/s]
[1Aphase1 epoch 1:   3%|▎         | 32/1250 [00:06<04:13,  4.80it/s]
[1Aphase1 epoch 1:   3%|▎         | 33/1250 [00:06<04:09,  4.87it/s]
[1Aphase1 epoch 1:   3%|▎         | 34/1250 [00:06<04:09,  4.87it/s]
[1Aphase1 epoch 1:   3%|▎         | 35/1250 [00:07<04:10,  4.84it/s]
[1Aphase1 epoch 1:   3%|▎         | 36/1250 [00:07<04:07,  4.90it/s]
[1Aphase1 epoch 1:   3%|▎         | 37/1250 [00:07<04:08,  4.89it/s]
[1Aphase1 epoch 1:   3%|▎         | 38/1250 [00:07<04:05,  4.94it/s]
[1Aphase1 epoch 1:   3%|▎         | 39/1250 [00:08<04:09,  4.86it/s]
[1Aphase1 epoch 1:   3%|▎         | 40/1250 [00:08<04:09,  4.85it/s]
[1Aphase1 epoch 1:   3%|▎         | 41/1250 [00:08<04:09,  4.84it/s]
[1Aphase1 epoch 1:   3%|▎         | 42/1250 [00:08<04:11,  4.80it/s]
[1Aphase1 epoch 1:   3%|▎         | 43/1250 [00:08<04:14,  4.75it/s]
[1Aphase1 epoch 1:   4%|▎         | 44/1250 [00:09<04:13,  4.77it/s]
[1Aphase1 epoch 1:   4%|▎         | 45/1250 [00:09<04:12,  4.77it/s]
[1Aphase1 epoch 1:   4%|▎         | 46/1250 [00:09<04:13,  4.75it/s]
[1Aphase1 epoch 1:   4%|▍         | 47/1250 [00:09<04:12,  4.76it/s]
[1Aphase1 epoch 1:   4%|▍         | 48/1250 [00:09<04:08,  4.84it/s]
[1Aphase1 epoch 1:   4%|▍         | 49/1250 [00:10<04:08,  4.84it/s]
[1Aphase1 epoch 1:   4%|▍         | 50/1250 [00:10<04:04,  4.91it/s]
[1Aphase1 epoch 1:   4%|▍         | 51/1250 [00:10<04:02,  4.94it/s]
[1Aphase1 epoch 1:   4%|▍         | 52/1250 [00:10<04:05,  4.88it/s]
[1Aphase1 epoch 1:   4%|▍         | 53/1250 [00:10<04:03,  4.93it/s]
[1Aphase1 epoch 1:   4%|▍         | 54/1250 [00:11<04:01,  4.95it/s]
[1Aphase1 epoch 1:   4%|▍         | 55/1250 [00:11<04:03,  4.91it/s]
[1Aphase1 epoch 1:   4%|▍         | 56/1250 [00:11<04:01,  4.95it/s]
[1Aphase1 epoch 1:   5%|▍         | 57/1250 [00:11<03:59,  4.97it/s]
[1Aphase1 epoch 1:   5%|▍         | 58/1250 [00:11<04:03,  4.89it/s]
[1Aphase1 epoch 1:   5%|▍         | 59/1250 [00:12<04:07,  4.82it/s]
[1Aphase1 epoch 1:   5%|▍         | 60/1250 [00:12<04:03,  4.88it/s]
[1Aphase1 epoch 1:   5%|▍         | 61/1250 [00:12<04:05,  4.83it/s]
[1Aphase1 epoch 1:   5%|▍         | 62/1250 [00:12<04:05,  4.84it/s]
[1Aphase1 epoch 1:   5%|▌         | 63/1250 [00:12<04:06,  4.82it/s]
[1Aphase1 epoch 1:   5%|▌         | 64/1250 [00:13<04:06,  4.80it/s]
[1Aphase1 epoch 1:   5%|▌         | 65/1250 [00:13<04:06,  4.81it/s]
[1Aphase1 epoch 1:   5%|▌         | 66/1250 [00:13<04:08,  4.76it/s]
[1Aphase1 epoch 1:   5%|▌         | 67/1250 [00:13<04:03,  4.85it/s]
[1Aphase1 epoch 1:   5%|▌         | 68/1250 [00:13<04:04,  4.83it/s]
[1Aphase1 epoch 1:   6%|▌         | 69/1250 [00:14<04:04,  4.84it/s]
[1Aphase1 epoch 1:   6%|▌         | 70/1250 [00:14<04:04,  4.82it/s]
[1Aphase1 epoch 1:   6%|▌         | 71/1250 [00:14<04:06,  4.77it/s]
[1Aphase1 epoch 1:   6%|▌         | 72/1250 [00:14<04:06,  4.78it/s]
[1Aphase1 epoch 1:   6%|▌         | 73/1250 [00:15<04:07,  4.75it/s]                                                                 
Input in-01KXTWQ3FZSSG26CM28HDSBSFD:1784387702272-0 failed to respond to cancellation for too long: 30 seconds - killing task
Stopping app - uncaught exception raised locally: ConnectionError('Deadline exceeded').
[1A╭───────────────────── Traceback (most recent call last) ──────────────────────╮
│ /Users/khalidyusufdahir/research/Evaluator-Adaptive Encoding (EAE)           │
│ Experiment Spec/eae/.venv/lib/python3.12/site-packages/grpclib/client.py:369 │
│ in recv_initial_metadata                                                     │
│                                                                              │
│ /Users/khalidyusufdahir/research/Evaluator-Adaptive Encoding (EAE)           │
│ Experiment                                                                   │
│ Spec/eae/.venv/lib/python3.12/site-packages/grpclib/protocol.py:342 in       │
│ recv_headers                                                                 │
│                                                                              │
│ /Users/khalidyusufdahir/.local/share/uv/python/cpython-3.12.12-macos-aarch64 │
│ -none/lib/python3.12/asyncio/locks.py:212 in wait                            │
│                                                                              │
│   211 │   │   try:                                                           │
│ ❱ 212 │   │   │   await fut                                                  │
│   213 │   │   │   return True                                                │
╰──────────────────────────────────────────────────────────────────────────────╯
CancelledError

During handling of the above exception, another exception occurred:

╭───────────────────── Traceback (most recent call last) ──────────────────────╮
│ /Users/khalidyusufdahir/research/Evaluator-Adaptive Encoding (EAE)           │
│ Experiment                                                                   │
│ Spec/eae/.venv/lib/python3.12/site-packages/modal/_grpc_client.py:159 in     │
│ direct                                                                       │
│                                                                              │
│   158 │   │   self.wrapped_method.channel = await self.client._get_channel(s │
│ ❱ 159 │   │   return await self.client._call_unary(self.wrapped_method, req, │
│   160                                                                        │
│                                                                              │
│ /Users/khalidyusufdahir/research/Evaluator-Adaptive Encoding (EAE)           │
│ Experiment Spec/eae/.venv/lib/python3.12/site-packages/modal/client.py:373   │
│ in _call_unary                                                               │
│                                                                              │
│   372 │   │   coro = grpclib_method(request, timeout=timeout, metadata=metad │
│ ❱ 373 │   │   return await self._call_safely(coro, grpclib_method.name)      │
│   374                                                                        │
│                                                                              │
│ /Users/khalidyusufdahir/research/Evaluator-Adaptive Encoding (EAE)           │
│ Experiment Spec/eae/.venv/lib/python3.12/site-packages/modal/client.py:330   │
│ in _call_safely                                                              │
│                                                                              │
│   329 │   │   │   │   request_task.set_name(readable_method)                 │
│ ❱ 330 │   │   │   │   return await request_task                              │
│   331 │   │   │   except asyncio.CancelledError:                             │
│                                                                              │
│ /Users/khalidyusufdahir/research/Evaluator-Adaptive Encoding (EAE)           │
│ Experiment Spec/eae/.venv/lib/python3.12/site-packages/grpclib/client.py:913 │
│ in __call__                                                                  │
│                                                                              │
│ /Users/khalidyusufdahir/research/Evaluator-Adaptive Encoding (EAE)           │
│ Experiment Spec/eae/.venv/lib/python3.12/site-packages/grpclib/client.py:426 │
│ in recv_message                                                              │
│                                                                              │
│ /Users/khalidyusufdahir/research/Evaluator-Adaptive Encoding (EAE)           │
│ Experiment Spec/eae/.venv/lib/python3.12/site-packages/grpclib/client.py:368 │
│ in recv_initial_metadata                                                     │
│                                                                              │
│ /Users/khalidyusufdahir/research/Evaluator-Adaptive Encoding (EAE)           │
│ Experiment Spec/eae/.venv/lib/python3.12/site-packages/grpclib/utils.py:70   │
│ in __exit__                                                                  │
╰──────────────────────────────────────────────────────────────────────────────╯
TimeoutError: Deadline exceeded

During handling of the above exception, another exception occurred:

╭───────────────────── Traceback (most recent call last) ──────────────────────╮
│ /Users/khalidyusufdahir/research/Evaluator-Adaptive Encoding (EAE)           │
│ Experiment Spec/eae/modal_app.py:154 in pilot                                │
│                                                                              │
│   153 │   print("== phase 1 + C0 gate (one A10G) ==")                        │
│ ❱ 154 │   res = phase1_and_verify.remote(drop_yaml, "pilot_410m")            │
│   155 │   print(json.dumps(res, indent=2))                                   │
│                                                                              │
│ /Users/khalidyusufdahir/research/Evaluator-Adaptive Encoding (EAE)           │
│ Experiment Spec/eae/.venv/lib/python3.12/site-packages/modal/_object.py:45   │
│ in wrapped                                                                   │
│                                                                              │
│    44 │   │   await self.hydrate()                                           │
│ ❱  45 │   │   return await method(self, *args, **kwargs)                     │
│    46                                                                        │
│                                                                              │
│ /Users/khalidyusufdahir/research/Evaluator-Adaptive Encoding (EAE)           │
│ Experiment                                                                   │
│ Spec/eae/.venv/lib/python3.12/site-packages/modal/_functions.py:1757 in      │
│ remote                                                                       │
│                                                                              │
│   1756 │   │                                                                 │
│ ❱ 1757 │   │   return await self._call_function(args, kwargs)                │
│   1758                                                                       │
│                                                                              │
│ /Users/khalidyusufdahir/research/Evaluator-Adaptive Encoding (EAE)           │
│ Experiment                                                                   │
│ Spec/eae/.venv/lib/python3.12/site-packages/modal/_functions.py:1695 in      │
│ _call_function                                                               │
│                                                                              │
│   1694 │   │                                                                 │
│ ❱ 1695 │   │   return await invocation.run_function()                        │
│   1696                                                                       │
│                                                                              │
│ /Users/khalidyusufdahir/research/Evaluator-Adaptive Encoding (EAE)           │
│ Experiment                                                                   │
│ Spec/eae/.venv/lib/python3.12/site-packages/modal/_functions.py:464 in       │
│ run_function                                                                 │
│                                                                              │
│    463 │   │   │   metadata = await self.client.get_input_plane_metadata(sel │
│ ❱  464 │   │   │   await_response: api_pb2.AttemptAwaitResponse = await self │
│    465 │   │   │   │   await_request,                                        │
╰──────────────────────────────────────────────────────────────────────────────╯
ConnectionError: Deadline exceeded
